library,dataset,version,vkey,itr,category,energy,duration
Dask,Adult,2024.8.0,v1,10,I/O,0.226196,0.0239295959472656
Dask,Adult,2024.8.0,v1,10,I/O,2.720513,0.2888977527618408
Dask,Adult,2024.8.0,v1,10,I/O,3.24694,0.3600599765777588
Dask,Adult,2024.8.0,v1,10,I/O,3.208549,0.3467216491699219
Dask,Adult,2024.8.0,v1,10,Missing,0.02716,0.0077655315399169
Dask,Adult,2024.8.0,v1,10,Missing,0.006775,0.0016679763793945
Dask,Adult,2024.8.0,v1,10,Missing,0.035583,0.008965253829956
Dask,Adult,2024.8.0,v1,10,Missing,0.00177,0.0009288787841796
Dask,Adult,2024.8.0,v1,10,Row/Column,0.008483,0.0012514591217041
Dask,Adult,2024.8.0,v1,10,Aggregation,0.0,0.0008535385131835
Dask,Adult,2024.8.0,v1,10,Row/Column,0.098693,0.0178196430206298
Dask,Adult,2024.8.0,v1,10,Row/Column,0.0,0.0006027221679687
Dask,Adult,2024.8.0,v1,10,Row/Column,0.12738,0.0204670429229736
Dask,Adult,2024.8.0,v1,10,Aggregation,0.54602,0.0660889148712158
Dask,Adult,2024.8.0,v1,10,Aggregation,0.244506,0.0319266319274902
Dask,Adult,2024.8.0,v1,10,Aggregation,0.250732,0.0271217823028564
Dask,Adult,2024.8.0,v1,10,Aggregation,0.260741,0.0278966426849365
Dask,Adult,2024.8.0,v1,10,Aggregation,0.215881,0.0235905647277832
Dask,Adult,2024.8.0,v1,10,Row/Column,0.335388,0.0414631366729736
Dask,Adult,2024.8.0,v1,10,I/O,0.0,0.0003614425659179
Dask,Adult,2024.8.0,v1,10,I/O,2.475884,0.2585904598236084
Dask,Adult,2024.8.0,v1,10,I/O,3.140068,0.3432602882385254
Dask,Adult,2024.8.0,v1,10,I/O,3.013419,0.3168163299560547
Dask,Adult,2024.8.0,v1,10,Missing,0.007691,0.0010297298431396
Dask,Adult,2024.8.0,v1,10,Missing,0.008545,0.0014905929565429
Dask,Adult,2024.8.0,v1,10,Missing,0.007995,0.001253604888916
Dask,Adult,2024.8.0,v1,10,Missing,0.0,0.0007991790771484
Dask,Adult,2024.8.0,v1,10,Row/Column,0.008484,0.00140380859375
Dask,Adult,2024.8.0,v1,10,Aggregation,0.006592,0.0008153915405273
Dask,Adult,2024.8.0,v1,10,Row/Column,0.083008,0.0101897716522216
Dask,Adult,2024.8.0,v1,10,Row/Column,0.004944,0.0007605552673339
Dask,Adult,2024.8.0,v1,10,Row/Column,0.103088,0.0128591060638427
Dask,Adult,2024.8.0,v1,10,Aggregation,0.533446,0.0648946762084961
Dask,Adult,2024.8.0,v1,10,Aggregation,0.237671,0.0251805782318115
Dask,Adult,2024.8.0,v1,10,Aggregation,0.249938,0.0271856784820556
Dask,Adult,2024.8.0,v1,10,Aggregation,0.238342,0.0248360633850097
Dask,Adult,2024.8.0,v1,10,Aggregation,0.204101,0.0218937397003173
Dask,Adult,2024.8.0,v1,10,Row/Column,0.299864,0.033262014389038
Dask,Adult,2024.8.0,v1,10,I/O,0.0,0.0003821849822998
Dask,Adult,2024.8.0,v1,10,I/O,2.334772,0.2427883148193359
Dask,Adult,2024.8.0,v1,10,I/O,3.133659,0.3453366756439209
Dask,Adult,2024.8.0,v1,10,I/O,2.959526,0.318638801574707
Dask,Adult,2024.8.0,v1,10,Missing,0.008179,0.0010168552398681
Dask,Adult,2024.8.0,v1,10,Missing,0.00763,0.0015006065368652
Dask,Adult,2024.8.0,v1,10,Missing,0.007691,0.0012574195861816
Dask,Adult,2024.8.0,v1,10,Missing,0.008728,0.0009791851043701
Dask,Adult,2024.8.0,v1,10,Row/Column,0.012207,0.0014069080352783
Dask,Adult,2024.8.0,v1,10,Aggregation,0.001465,0.0008137226104736
Dask,Adult,2024.8.0,v1,10,Row/Column,0.083374,0.0101799964904785
Dask,Adult,2024.8.0,v1,10,Row/Column,0.005736,0.0007503032684326
Dask,Adult,2024.8.0,v1,10,Row/Column,0.1062,0.0128309726715087
Dask,Adult,2024.8.0,v1,10,Aggregation,0.517638,0.0645985603332519
Dask,Adult,2024.8.0,v1,10,Aggregation,0.223023,0.0250830650329589
Dask,Adult,2024.8.0,v1,10,Aggregation,0.244018,0.0270347595214843
Dask,Adult,2024.8.0,v1,10,Aggregation,0.225341,0.0249760150909423
Dask,Adult,2024.8.0,v1,10,Aggregation,0.197021,0.0213637351989746
Dask,Adult,2024.8.0,v1,10,Row/Column,0.294372,0.0332622528076171
Dask,Adult,2024.8.0,v1,10,I/O,0.011475,0.0005280971527099
Dask,Adult,2024.8.0,v1,10,I/O,2.290826,0.2404587268829345
Dask,Adult,2024.8.0,v1,10,I/O,3.067131,0.3369364738464355
Dask,Adult,2024.8.0,v1,10,I/O,2.987542,0.3145976066589355
Dask,Adult,2024.8.0,v1,10,Missing,0.001343,0.0009818077087402
Dask,Adult,2024.8.0,v1,10,Missing,0.014343,0.0016443729400634
Dask,Adult,2024.8.0,v1,10,Missing,0.004028,0.0012519359588623
Dask,Adult,2024.8.0,v1,10,Missing,0.004152,0.0008037090301513
Dask,Adult,2024.8.0,v1,10,Row/Column,0.007385,0.0014200210571289
Dask,Adult,2024.8.0,v1,10,Aggregation,0.0,0.000655174255371
Dask,Adult,2024.8.0,v1,10,Row/Column,0.084106,0.0101618766784667
Dask,Adult,2024.8.0,v1,10,Row/Column,0.0,0.0007612705230712
Dask,Adult,2024.8.0,v1,10,Row/Column,0.102111,0.0128078460693359
Dask,Adult,2024.8.0,v1,10,Aggregation,0.539305,0.0651788711547851
Dask,Adult,2024.8.0,v1,10,Aggregation,0.232361,0.0252668857574462
Dask,Adult,2024.8.0,v1,10,Aggregation,0.250427,0.0268530845642089
Dask,Adult,2024.8.0,v1,10,Aggregation,0.223998,0.0248708724975585
Dask,Adult,2024.8.0,v1,10,Aggregation,0.195495,0.0212988853454589
Dask,Adult,2024.8.0,v1,10,Row/Column,0.300353,0.0334041118621826
Dask,Adult,2024.8.0,v1,10,I/O,0.010986,0.0003557205200195
Dask,Adult,2024.8.0,v1,10,I/O,2.339106,0.2443099021911621
Dask,Adult,2024.8.0,v1,10,I/O,2.959648,0.3369643688201904
Dask,Adult,2024.8.0,v1,10,I/O,2.915703,0.3175685405731201
Dask,Adult,2024.8.0,v1,10,Missing,0.007446,0.0010280609130859
Dask,Adult,2024.8.0,v1,10,Missing,0.009033,0.0016393661499023
Dask,Adult,2024.8.0,v1,10,Missing,0.006836,0.0011568069458007
Dask,Adult,2024.8.0,v1,10,Missing,0.008118,0.0009710788726806
Dask,Adult,2024.8.0,v1,10,Row/Column,0.006958,0.0013492107391357
Dask,Adult,2024.8.0,v1,10,Aggregation,0.0,0.0008141994476318
Dask,Adult,2024.8.0,v1,10,Row/Column,0.083862,0.0101339817047119
Dask,Adult,2024.8.0,v1,10,Row/Column,0.0,0.000781774520874
Dask,Adult,2024.8.0,v1,10,Row/Column,0.100403,0.0127508640289306
Dask,Adult,2024.8.0,v1,10,Aggregation,0.533935,0.0648436546325683
Dask,Adult,2024.8.0,v1,10,Aggregation,0.229431,0.0251564979553222
Dask,Adult,2024.8.0,v1,10,Aggregation,0.247863,0.0268161296844482
Dask,Adult,2024.8.0,v1,10,Aggregation,0.224242,0.0245740413665771
Dask,Adult,2024.8.0,v1,10,Aggregation,0.191712,0.0212109088897705
Dask,Adult,2024.8.0,v1,10,Row/Column,0.302794,0.0333249568939209
Dask,Adult,2024.8.0,v1,10,I/O,0.0,0.0003824234008789
Dask,Adult,2024.8.0,v1,10,I/O,2.304865,0.2404639720916748
Dask,Adult,2024.8.0,v1,10,I/O,3.010735,0.3339450359344482
Dask,Adult,2024.8.0,v1,10,I/O,2.928886,0.315115213394165
Dask,Adult,2024.8.0,v1,10,Missing,0.001221,0.0010328292846679
Dask,Adult,2024.8.0,v1,10,Missing,0.009888,0.0015621185302734
Dask,Adult,2024.8.0,v1,10,Missing,0.013122,0.0012345314025878
Dask,Adult,2024.8.0,v1,10,Missing,0.0,0.0007233619689941
Dask,Adult,2024.8.0,v1,10,Row/Column,0.005982,0.0014209747314453
Dask,Adult,2024.8.0,v1,10,Aggregation,0.003845,0.0008032321929931
Dask,Adult,2024.8.0,v1,10,Row/Column,0.075257,0.0099632740020751
Dask,Adult,2024.8.0,v1,10,Row/Column,0.003723,0.0007035732269287
Dask,Adult,2024.8.0,v1,10,Row/Column,0.105652,0.0126330852508544
Dask,Adult,2024.8.0,v1,10,Aggregation,0.531737,0.0643653869628906
Dask,Adult,2024.8.0,v1,10,Aggregation,0.234496,0.0252506732940673
Dask,Adult,2024.8.0,v1,10,Aggregation,0.25476,0.0270280838012695
Dask,Adult,2024.8.0,v1,10,Aggregation,0.227721,0.0247938632965087
Dask,Adult,2024.8.0,v1,10,Aggregation,0.193358,0.0213174819946289
Dask,Adult,2024.8.0,v1,10,Row/Column,0.311523,0.0334265232086181
Dask,Adult,2024.8.0,v1,10,I/O,0.0,0.0003762245178222
Dask,Adult,2024.8.0,v1,10,I/O,2.341546,0.2424640655517578
Dask,Adult,2024.8.0,v1,10,I/O,3.061516,0.3425168991088867
Dask,Adult,2024.8.0,v1,10,I/O,3.126457,0.3344604969024658
Dask,Adult,2024.8.0,v1,10,Missing,0.00885,0.001009464263916
Dask,Adult,2024.8.0,v1,10,Missing,0.00763,0.0016477108001708
Dask,Adult,2024.8.0,v1,10,Missing,0.007019,0.0011713504791259
Dask,Adult,2024.8.0,v1,10,Missing,0.007568,0.0009739398956298
Dask,Adult,2024.8.0,v1,10,Row/Column,0.002502,0.0011096000671386
Dask,Adult,2024.8.0,v1,10,Aggregation,0.0,0.0005023479461669
Dask,Adult,2024.8.0,v1,10,Row/Column,0.083435,0.0099318027496337
Dask,Adult,2024.8.0,v1,10,Row/Column,0.00293,0.0005340576171875
Dask,Adult,2024.8.0,v1,10,Row/Column,0.107116,0.0124862194061279
Dask,Adult,2024.8.0,v1,10,Aggregation,0.52954,0.0654726028442382
Dask,Adult,2024.8.0,v1,10,Aggregation,0.229553,0.0251164436340332
Dask,Adult,2024.8.0,v1,10,Aggregation,0.244262,0.0269489288330078
Dask,Adult,2024.8.0,v1,10,Aggregation,0.223571,0.0244390964508056
Dask,Adult,2024.8.0,v1,10,Aggregation,0.202697,0.0216755867004394
Dask,Adult,2024.8.0,v1,10,Row/Column,0.300292,0.0335652828216552
Dask,Adult,2024.8.0,v1,10,I/O,0.0,0.0004150867462158
Dask,Adult,2024.8.0,v1,10,I/O,2.263544,0.2340598106384277
Dask,Adult,2024.8.0,v1,10,I/O,3.092765,0.3397536277770996
Dask,Adult,2024.8.0,v1,10,I/O,3.063224,0.3259944915771484
Dask,Adult,2024.8.0,v1,10,Missing,0.008545,0.000953197479248
Dask,Adult,2024.8.0,v1,10,Missing,0.007568,0.0016160011291503
Dask,Adult,2024.8.0,v1,10,Missing,0.007873,0.0012319087982177
Dask,Adult,2024.8.0,v1,10,Missing,0.00177,0.0009257793426513
Dask,Adult,2024.8.0,v1,10,Row/Column,0.008728,0.0014028549194335
Dask,Adult,2024.8.0,v1,10,Aggregation,0.003051,0.0007691383361816
Dask,Adult,2024.8.0,v1,10,Row/Column,0.083069,0.0101175308227539
Dask,Adult,2024.8.0,v1,10,Row/Column,0.002686,0.0007648468017578
Dask,Adult,2024.8.0,v1,10,Row/Column,0.103209,0.0126807689666748
Dask,Adult,2024.8.0,v1,10,Aggregation,0.528624,0.0644502639770507
Dask,Adult,2024.8.0,v1,10,Aggregation,0.234313,0.0250825881958007
Dask,Adult,2024.8.0,v1,10,Aggregation,0.243468,0.027055025100708
Dask,Adult,2024.8.0,v1,10,Aggregation,0.226745,0.0247910022735595
Dask,Adult,2024.8.0,v1,10,Aggregation,0.19397,0.0216569900512695
Dask,Adult,2024.8.0,v1,10,Row/Column,0.303406,0.033177375793457
Dask,Adult,2024.8.0,v1,10,I/O,0.0,0.0003910064697265
Dask,Adult,2024.8.0,v1,10,I/O,2.347467,0.2454140186309814
Dask,Adult,2024.8.0,v1,10,I/O,3.055961,0.337334394454956
Dask,Adult,2024.8.0,v1,10,I/O,2.955864,0.317361831665039
Dask,Adult,2024.8.0,v1,10,Missing,0.008484,0.001023530960083
Dask,Adult,2024.8.0,v1,10,Missing,0.007508,0.0016279220581054
Dask,Adult,2024.8.0,v1,10,Missing,0.008178,0.0012636184692382
Dask,Adult,2024.8.0,v1,10,Missing,0.001709,0.0009791851043701
Dask,Adult,2024.8.0,v1,10,Row/Column,0.010864,0.0013999938964843
Dask,Adult,2024.8.0,v1,10,Aggregation,0.002808,0.000802993774414
Dask,Adult,2024.8.0,v1,10,Row/Column,0.082886,0.010024070739746
Dask,Adult,2024.8.0,v1,10,Row/Column,0.002197,0.0007600784301757
Dask,Adult,2024.8.0,v1,10,Row/Column,0.100951,0.0125463008880615
Dask,Adult,2024.8.0,v1,10,Aggregation,0.527464,0.0640745162963867
Dask,Adult,2024.8.0,v1,10,Aggregation,0.233704,0.0251169204711914
Dask,Adult,2024.8.0,v1,10,Aggregation,0.256285,0.0268666744232177
Dask,Adult,2024.8.0,v1,10,Aggregation,0.230835,0.024745225906372
Dask,Adult,2024.8.0,v1,10,Aggregation,0.203125,0.021747350692749
Dask,Adult,2024.8.0,v1,10,Row/Column,0.299193,0.0332634449005126
Dask,Adult,2024.8.0,v1,10,I/O,0.010865,0.0003798007965087
Dask,Adult,2024.8.0,v1,10,I/O,2.217585,0.2353389263153076
Dask,Adult,2024.8.0,v1,10,I/O,3.076835,0.3417065143585205
Dask,Adult,2024.8.0,v1,10,I/O,2.996818,0.3291356563568115
Dask,Adult,2024.8.0,v1,10,Missing,0.007752,0.0010187625885009
Dask,Adult,2024.8.0,v1,10,Missing,0.010681,0.0015578269958496
Dask,Adult,2024.8.0,v1,10,Missing,0.007446,0.0012447834014892
Dask,Adult,2024.8.0,v1,10,Missing,0.002624,0.000981330871582
Dask,Adult,2024.8.0,v1,10,Row/Column,0.005431,0.001432180404663
Dask,Adult,2024.8.0,v1,10,Aggregation,0.004029,0.0008058547973632
Dask,Adult,2024.8.0,v1,10,Row/Column,0.082459,0.0100314617156982
Dask,Adult,2024.8.0,v1,10,Row/Column,0.002197,0.0007631778717041
Dask,Adult,2024.8.0,v1,10,Row/Column,0.099915,0.0125420093536376
Dask,Adult,2024.8.0,v1,10,Aggregation,0.520934,0.0647766590118408
Dask,Adult,2024.8.0,v1,10,Aggregation,0.23468,0.0251638889312744
Dask,Adult,2024.8.0,v1,10,Aggregation,0.240051,0.026914358139038
Dask,Adult,2024.8.0,v1,10,Aggregation,0.221313,0.0245990753173828
Dask,Adult,2024.8.0,v1,10,Aggregation,0.193115,0.0216064453125
Dask,Adult,2024.8.0,v1,10,Row/Column,0.309874,0.0339124202728271
Dask,Adult,2022.1.0,v2,10,I/O,0.125609,0.0136098861694335
Dask,Adult,2022.1.0,v2,10,I/O,2.324395,0.2538180351257324
Dask,Adult,2022.1.0,v2,10,I/O,3.061027,0.3374853134155273
Dask,Adult,2022.1.0,v2,10,I/O,2.8919,0.3126704692840576
Dask,Adult,2022.1.0,v2,10,Missing,0.008484,0.0014140605926513
Dask,Adult,2022.1.0,v2,10,Missing,0.034485,0.0049986839294433
Dask,Adult,2022.1.0,v2,10,Missing,0.028992,0.0043892860412597
Dask,Adult,2022.1.0,v2,10,Missing,0.0083,0.0014646053314208
Dask,Adult,2022.1.0,v2,10,Row/Column,0.029968,0.0041587352752685
Dask,Adult,2022.1.0,v2,10,Aggregation,0.0,0.0006740093231201
Dask,Adult,2022.1.0,v2,10,Row/Column,0.121155,0.0145859718322753
Dask,Adult,2022.1.0,v2,10,Row/Column,0.028931,0.0039794445037841
Dask,Adult,2022.1.0,v2,10,Row/Column,0.245544,0.0343923568725585
Dask,Adult,2022.1.0,v2,10,Aggregation,0.501281,0.0591318607330322
Dask,Adult,2022.1.0,v2,10,Aggregation,0.20636,0.0228116512298584
Dask,Adult,2022.1.0,v2,10,Aggregation,0.21759,0.0241580009460449
Dask,Adult,2022.1.0,v2,10,Aggregation,0.208313,0.0227479934692382
Dask,Adult,2022.1.0,v2,10,Aggregation,0.202941,0.0224838256835937
Dask,Adult,2022.1.0,v2,10,Row/Column,0.200988,0.0224161148071289
Dask,Adult,2022.1.0,v2,10,I/O,0.067566,0.005526065826416
Dask,Adult,2022.1.0,v2,10,I/O,1.935176,0.2027714252471923
Dask,Adult,2022.1.0,v2,10,I/O,3.045524,0.338932991027832
Dask,Adult,2022.1.0,v2,10,I/O,2.781915,0.3001949787139892
Dask,Adult,2022.1.0,v2,10,Missing,0.014099,0.0014200210571289
Dask,Adult,2022.1.0,v2,10,Missing,0.05957,0.0073873996734619
Dask,Adult,2022.1.0,v2,10,Missing,0.02954,0.0043423175811767
Dask,Adult,2022.1.0,v2,10,Missing,0.008056,0.0014059543609619
Dask,Adult,2022.1.0,v2,10,Row/Column,0.035278,0.0040924549102783
Dask,Adult,2022.1.0,v2,10,Aggregation,0.00061,0.000746726989746
Dask,Adult,2022.1.0,v2,10,Row/Column,0.116822,0.014463186264038
Dask,Adult,2022.1.0,v2,10,Row/Column,0.025818,0.0039403438568115
Dask,Adult,2022.1.0,v2,10,Row/Column,0.21521,0.0257096290588378
Dask,Adult,2022.1.0,v2,10,Aggregation,0.503234,0.0599451065063476
Dask,Adult,2022.1.0,v2,10,Aggregation,0.21057,0.0229530334472656
Dask,Adult,2022.1.0,v2,10,Aggregation,0.2229,0.0242979526519775
Dask,Adult,2022.1.0,v2,10,Aggregation,0.207764,0.022817850112915
Dask,Adult,2022.1.0,v2,10,Aggregation,0.203857,0.0227301120758056
Dask,Adult,2022.1.0,v2,10,Row/Column,0.198425,0.0226075649261474
Dask,Adult,2022.1.0,v2,10,I/O,0.068603,0.0055136680603027
Dask,Adult,2022.1.0,v2,10,I/O,1.919551,0.2036800384521484
Dask,Adult,2022.1.0,v2,10,I/O,2.978813,0.3330044746398926
Dask,Adult,2022.1.0,v2,10,I/O,2.81347,0.2999711036682129
Dask,Adult,2022.1.0,v2,10,Missing,0.007385,0.0013408660888671
Dask,Adult,2022.1.0,v2,10,Missing,0.065734,0.0074999332427978
Dask,Adult,2022.1.0,v2,10,Missing,0.032959,0.0042624473571777
Dask,Adult,2022.1.0,v2,10,Missing,0.00592,0.0015747547149658
Dask,Adult,2022.1.0,v2,10,Row/Column,0.033386,0.0041663646697998
Dask,Adult,2022.1.0,v2,10,Aggregation,0.0,0.0005722045898437
Dask,Adult,2022.1.0,v2,10,Row/Column,0.119141,0.0148193836212158
Dask,Adult,2022.1.0,v2,10,Row/Column,0.032775,0.0040283203125
Dask,Adult,2022.1.0,v2,10,Row/Column,0.21527,0.0262801647186279
Dask,Adult,2022.1.0,v2,10,Aggregation,0.511962,0.0636186599731445
Dask,Adult,2022.1.0,v2,10,Aggregation,0.197509,0.0227375030517578
Dask,Adult,2022.1.0,v2,10,Aggregation,0.213684,0.0242402553558349
Dask,Adult,2022.1.0,v2,10,Aggregation,0.209961,0.0228359699249267
Dask,Adult,2022.1.0,v2,10,Aggregation,0.200988,0.0223016738891601
Dask,Adult,2022.1.0,v2,10,Row/Column,0.198241,0.0225203037261962
Dask,Adult,2022.1.0,v2,10,I/O,0.077575,0.006178855895996
Dask,Adult,2022.1.0,v2,10,I/O,1.872248,0.2035934925079345
Dask,Adult,2022.1.0,v2,10,I/O,2.902153,0.3272788524627685
Dask,Adult,2022.1.0,v2,10,I/O,2.705133,0.2984058856964111
Dask,Adult,2022.1.0,v2,10,Missing,0.008056,0.0013904571533203
Dask,Adult,2022.1.0,v2,10,Missing,0.033752,0.0047841072082519
Dask,Adult,2022.1.0,v2,10,Missing,0.054015,0.0068941116333007
Dask,Adult,2022.1.0,v2,10,Missing,0.009278,0.0015671253204345
Dask,Adult,2022.1.0,v2,10,Row/Column,0.033325,0.0041260719299316
Dask,Adult,2022.1.0,v2,10,Aggregation,0.0,0.0007498264312744
Dask,Adult,2022.1.0,v2,10,Row/Column,0.118774,0.0146512985229492
Dask,Adult,2022.1.0,v2,10,Row/Column,0.03418,0.0041127204895019
Dask,Adult,2022.1.0,v2,10,Row/Column,0.216918,0.0261604785919189
Dask,Adult,2022.1.0,v2,10,Aggregation,0.496642,0.0599138736724853
Dask,Adult,2022.1.0,v2,10,Aggregation,0.214965,0.0229575634002685
Dask,Adult,2022.1.0,v2,10,Aggregation,0.22113,0.0244035720825195
Dask,Adult,2022.1.0,v2,10,Aggregation,0.214721,0.0226826667785644
Dask,Adult,2022.1.0,v2,10,Aggregation,0.200013,0.0225551128387451
Dask,Adult,2022.1.0,v2,10,Row/Column,0.203796,0.0224106311798095
Dask,Adult,2022.1.0,v2,10,I/O,0.075133,0.0062549114227294
Dask,Adult,2022.1.0,v2,10,I/O,1.915462,0.2034065723419189
Dask,Adult,2022.1.0,v2,10,I/O,2.981986,0.3277270793914795
Dask,Adult,2022.1.0,v2,10,I/O,2.772636,0.295436143875122
Dask,Adult,2022.1.0,v2,10,Missing,0.007874,0.0014204978942871
Dask,Adult,2022.1.0,v2,10,Missing,0.033447,0.0046315193176269
Dask,Adult,2022.1.0,v2,10,Missing,0.054748,0.0068302154541015
Dask,Adult,2022.1.0,v2,10,Missing,0.007385,0.0014116764068603
Dask,Adult,2022.1.0,v2,10,Row/Column,0.030823,0.0040946006774902
Dask,Adult,2022.1.0,v2,10,Aggregation,0.0,0.0007359981536865
Dask,Adult,2022.1.0,v2,10,Row/Column,0.115479,0.0144712924957275
Dask,Adult,2022.1.0,v2,10,Row/Column,0.030701,0.0038018226623535
Dask,Adult,2022.1.0,v2,10,Row/Column,0.225401,0.0270750522613525
Dask,Adult,2022.1.0,v2,10,Aggregation,0.487975,0.0597105026245117
Dask,Adult,2022.1.0,v2,10,Aggregation,0.205933,0.0226945877075195
Dask,Adult,2022.1.0,v2,10,Aggregation,0.222106,0.0243854522705078
Dask,Adult,2022.1.0,v2,10,Aggregation,0.215027,0.0226619243621826
Dask,Adult,2022.1.0,v2,10,Aggregation,0.201171,0.0224065780639648
Dask,Adult,2022.1.0,v2,10,Row/Column,0.200378,0.0225400924682617
Dask,Adult,2022.1.0,v2,10,I/O,0.059021,0.0063288211822509
Dask,Adult,2022.1.0,v2,10,I/O,1.915951,0.2034966945648193
Dask,Adult,2022.1.0,v2,10,I/O,2.941643,0.3279945850372314
Dask,Adult,2022.1.0,v2,10,I/O,2.759087,0.2929568290710449
Dask,Adult,2022.1.0,v2,10,Missing,0.008606,0.0014328956604003
Dask,Adult,2022.1.0,v2,10,Missing,0.034607,0.0048601627349853
Dask,Adult,2022.1.0,v2,10,Missing,0.06427,0.0071558952331542
Dask,Adult,2022.1.0,v2,10,Missing,0.01068,0.0015866756439208
Dask,Adult,2022.1.0,v2,10,Row/Column,0.031799,0.0041038990020751
Dask,Adult,2022.1.0,v2,10,Aggregation,0.004455,0.0007169246673583
Dask,Adult,2022.1.0,v2,10,Row/Column,0.119444,0.0145578384399414
Dask,Adult,2022.1.0,v2,10,Row/Column,0.026183,0.0039517879486083
Dask,Adult,2022.1.0,v2,10,Row/Column,0.217651,0.026036262512207
Dask,Adult,2022.1.0,v2,10,Aggregation,0.505552,0.0593268871307373
Dask,Adult,2022.1.0,v2,10,Aggregation,0.205809,0.0230336189270019
Dask,Adult,2022.1.0,v2,10,Aggregation,0.230041,0.0243308544158935
Dask,Adult,2022.1.0,v2,10,Aggregation,0.211424,0.0228087902069091
Dask,Adult,2022.1.0,v2,10,Aggregation,0.203734,0.0224101543426513
Dask,Adult,2022.1.0,v2,10,Row/Column,0.203429,0.0225529670715332
Dask,Adult,2022.1.0,v2,10,I/O,0.08319,0.006378173828125
Dask,Adult,2022.1.0,v2,10,I/O,1.911921,0.2024962902069091
Dask,Adult,2022.1.0,v2,10,I/O,2.986687,0.3287832736968994
Dask,Adult,2022.1.0,v2,10,I/O,2.73864,0.2944886684417724
Dask,Adult,2022.1.0,v2,10,Missing,0.007325,0.0014412403106689
Dask,Adult,2022.1.0,v2,10,Missing,0.041321,0.004857063293457
Dask,Adult,2022.1.0,v2,10,Missing,0.060486,0.0071301460266113
Dask,Adult,2022.1.0,v2,10,Missing,0.008667,0.0015895366668701
Dask,Adult,2022.1.0,v2,10,Row/Column,0.03241,0.0040552616119384
Dask,Adult,2022.1.0,v2,10,Aggregation,0.007263,0.0007312297821044
Dask,Adult,2022.1.0,v2,10,Row/Column,0.113464,0.0143756866455078
Dask,Adult,2022.1.0,v2,10,Row/Column,0.030212,0.0039348602294921
Dask,Adult,2022.1.0,v2,10,Row/Column,0.208129,0.0254526138305664
Dask,Adult,2022.1.0,v2,10,Aggregation,0.486755,0.0593128204345703
Dask,Adult,2022.1.0,v2,10,Aggregation,0.205016,0.022900104522705
Dask,Adult,2022.1.0,v2,10,Aggregation,0.222167,0.0243721008300781
Dask,Adult,2022.1.0,v2,10,Aggregation,0.206299,0.0224847793579101
Dask,Adult,2022.1.0,v2,10,Aggregation,0.211731,0.0229475498199462
Dask,Adult,2022.1.0,v2,10,Row/Column,0.204772,0.0222430229187011
Dask,Adult,2022.1.0,v2,10,I/O,0.04596,0.0055835247039794
Dask,Adult,2022.1.0,v2,10,I/O,1.879573,0.2020597457885742
Dask,Adult,2022.1.0,v2,10,I/O,2.994011,0.3281428813934326
Dask,Adult,2022.1.0,v2,10,I/O,2.708245,0.2924816608428955
Dask,Adult,2022.1.0,v2,10,Missing,0.006469,0.0014193058013916
Dask,Adult,2022.1.0,v2,10,Missing,0.035523,0.0048582553863525
Dask,Adult,2022.1.0,v2,10,Missing,0.063233,0.0071196556091308
Dask,Adult,2022.1.0,v2,10,Missing,0.005553,0.0015788078308105
Dask,Adult,2022.1.0,v2,10,Row/Column,0.036254,0.0040483474731445
Dask,Adult,2022.1.0,v2,10,Aggregation,0.003113,0.0007555484771728
Dask,Adult,2022.1.0,v2,10,Row/Column,0.119751,0.0143373012542724
Dask,Adult,2022.1.0,v2,10,Row/Column,0.025635,0.0039212703704833
Dask,Adult,2022.1.0,v2,10,Row/Column,0.210449,0.0256800651550292
Dask,Adult,2022.1.0,v2,10,Aggregation,0.485779,0.059342622756958
Dask,Adult,2022.1.0,v2,10,Aggregation,0.213316,0.0229840278625488
Dask,Adult,2022.1.0,v2,10,Aggregation,0.219543,0.0242402553558349
Dask,Adult,2022.1.0,v2,10,Aggregation,0.209472,0.0225729942321777
Dask,Adult,2022.1.0,v2,10,Aggregation,0.211242,0.0229325294494628
Dask,Adult,2022.1.0,v2,10,Row/Column,0.208374,0.0223424434661865
Dask,Adult,2022.1.0,v2,10,I/O,0.05188,0.0054981708526611
Dask,Adult,2022.1.0,v2,10,I/O,1.912409,0.2012810707092285
Dask,Adult,2022.1.0,v2,10,I/O,2.915825,0.3253076076507568
Dask,Adult,2022.1.0,v2,10,I/O,2.726372,0.2951617240905761
Dask,Adult,2022.1.0,v2,10,Missing,0.007324,0.0014204978942871
Dask,Adult,2022.1.0,v2,10,Missing,0.034668,0.0048487186431884
Dask,Adult,2022.1.0,v2,10,Missing,0.063049,0.007148265838623
Dask,Adult,2022.1.0,v2,10,Missing,0.006652,0.0015690326690673
Dask,Adult,2022.1.0,v2,10,Row/Column,0.026428,0.0039467811584472
Dask,Adult,2022.1.0,v2,10,Aggregation,0.005859,0.0007476806640625
Dask,Adult,2022.1.0,v2,10,Row/Column,0.123292,0.0144853591918945
Dask,Adult,2022.1.0,v2,10,Row/Column,0.026245,0.0038924217224121
Dask,Adult,2022.1.0,v2,10,Row/Column,0.214904,0.0258352756500244
Dask,Adult,2022.1.0,v2,10,Aggregation,0.489379,0.059349775314331
Dask,Adult,2022.1.0,v2,10,Aggregation,0.204223,0.02284836769104
Dask,Adult,2022.1.0,v2,10,Aggregation,0.226867,0.024423599243164
Dask,Adult,2022.1.0,v2,10,Aggregation,0.206543,0.0224249362945556
Dask,Adult,2022.1.0,v2,10,Aggregation,0.211609,0.0228190422058105
Dask,Adult,2022.1.0,v2,10,Row/Column,0.199767,0.0223665237426757
Dask,Adult,2022.1.0,v2,10,I/O,0.069153,0.007049560546875
Dask,Adult,2022.1.0,v2,10,I/O,1.901546,0.2003211975097656
Dask,Adult,2022.1.0,v2,10,I/O,2.965569,0.3280320167541504
Dask,Adult,2022.1.0,v2,10,I/O,2.695366,0.2932081222534179
Dask,Adult,2022.1.0,v2,10,Missing,0.008545,0.0014355182647705
Dask,Adult,2022.1.0,v2,10,Missing,0.032654,0.0048792362213134
Dask,Adult,2022.1.0,v2,10,Missing,0.063233,0.0071833133697509
Dask,Adult,2022.1.0,v2,10,Missing,0.010498,0.0015687942504882
Dask,Adult,2022.1.0,v2,10,Row/Column,0.02826,0.0040831565856933
Dask,Adult,2022.1.0,v2,10,Aggregation,0.0,0.0007088184356689
Dask,Adult,2022.1.0,v2,10,Row/Column,0.114502,0.0144023895263671
Dask,Adult,2022.1.0,v2,10,Row/Column,0.028136,0.0039417743682861
Dask,Adult,2022.1.0,v2,10,Row/Column,0.206604,0.0255091190338134
Dask,Adult,2022.1.0,v2,10,Aggregation,0.473326,0.0580885410308837
Dask,Adult,2022.1.0,v2,10,Aggregation,0.208861,0.0229544639587402
Dask,Adult,2022.1.0,v2,10,Aggregation,0.221923,0.0242915153503417
Dask,Adult,2022.1.0,v2,10,Aggregation,0.199036,0.0226681232452392
Dask,Adult,2022.1.0,v2,10,Aggregation,0.20227,0.0229055881500244
Dask,Adult,2022.1.0,v2,10,Row/Column,0.205933,0.0222876071929931
Dask,Adult,2025.1.0,v0,10,I/O,0.636106,0.0417168140411376
Dask,Adult,2025.1.0,v0,10,I/O,3.413565,0.2856936454772949
Dask,Adult,2025.1.0,v0,10,I/O,3.709951,0.3591561317443847
Dask,Adult,2025.1.0,v0,10,I/O,4.047597,0.3392868041992187
Dask,Adult,2025.1.0,v0,10,Missing,0.051391,0.0076987743377685
Dask,Adult,2025.1.0,v0,10,Missing,0.008789,0.001716136932373
Dask,Adult,2025.1.0,v0,10,Missing,0.025085,0.0079362392425537
Dask,Adult,2025.1.0,v0,10,Missing,0.0,0.0006031990051269
Dask,Adult,2025.1.0,v0,10,Row/Column,0.007385,0.0011594295501708
Dask,Adult,2025.1.0,v0,10,Aggregation,0.003845,0.0004642009735107
Dask,Adult,2025.1.0,v0,10,Row/Column,0.127136,0.0187413692474365
Dask,Adult,2025.1.0,v0,10,Row/Column,0.0,0.0003724098205566
Dask,Adult,2025.1.0,v0,10,Row/Column,0.508544,0.0222837924957275
Dask,Adult,2025.1.0,v0,10,Aggregation,0.684325,0.0789041519165039
Dask,Adult,2025.1.0,v0,10,Aggregation,0.420958,0.0431048870086669
Dask,Adult,2025.1.0,v0,10,Aggregation,0.446226,0.0470538139343261
Dask,Adult,2025.1.0,v0,10,Aggregation,0.483702,0.0531153678894043
Dask,Adult,2025.1.0,v0,10,Aggregation,0.415954,0.0438060760498046
Dask,Adult,2025.1.0,v0,10,Row/Column,0.520507,0.0603773593902587
Dask,Adult,2025.1.0,v0,10,I/O,0.364074,0.0400779247283935
Dask,Adult,2025.1.0,v0,10,I/O,2.621941,0.2807657718658447
Dask,Adult,2025.1.0,v0,10,I/O,3.278068,0.3611688613891601
Dask,Adult,2025.1.0,v0,10,I/O,3.169975,0.3420019149780273
Dask,Adult,2025.1.0,v0,10,Missing,0.021362,0.0081663131713867
Dask,Adult,2025.1.0,v0,10,Missing,0.017761,0.0020496845245361
Dask,Adult,2025.1.0,v0,10,Missing,0.024474,0.008636474609375
Dask,Adult,2025.1.0,v0,10,Missing,0.001648,0.0009503364562988
Dask,Adult,2025.1.0,v0,10,Row/Column,0.010559,0.0015239715576171
Dask,Adult,2025.1.0,v0,10,Aggregation,0.003112,0.0008473396301269
Dask,Adult,2025.1.0,v0,10,Row/Column,0.124939,0.0210049152374267
Dask,Adult,2025.1.0,v0,10,Row/Column,0.0,0.0007479190826416
Dask,Adult,2025.1.0,v0,10,Row/Column,0.137755,0.0202217102050781
Dask,Adult,2025.1.0,v0,10,Aggregation,0.67401,0.0792322158813476
Dask,Adult,2025.1.0,v0,10,Aggregation,0.438476,0.0512111186981201
Dask,Adult,2025.1.0,v0,10,Aggregation,0.429442,0.0472779273986816
Dask,Adult,2025.1.0,v0,10,Aggregation,0.411681,0.0446076393127441
Dask,Adult,2025.1.0,v0,10,Aggregation,0.46405,0.0526797771453857
Dask,Adult,2025.1.0,v0,10,Row/Column,0.501951,0.0596914291381835
Dask,Adult,2025.1.0,v0,10,I/O,0.065613,0.0052430629730224
Dask,Adult,2025.1.0,v0,10,I/O,2.295955,0.2346971035003662
Dask,Adult,2025.1.0,v0,10,I/O,3.196097,0.3493061065673828
Dask,Adult,2025.1.0,v0,10,I/O,2.982353,0.3110122680664062
Dask,Adult,2025.1.0,v0,10,Missing,0.005553,0.0006358623504638
Dask,Adult,2025.1.0,v0,10,Missing,0.007812,0.001706838607788
Dask,Adult,2025.1.0,v0,10,Missing,0.001709,0.0009627342224121
Dask,Adult,2025.1.0,v0,10,Missing,0.0,0.0006132125854492
Dask,Adult,2025.1.0,v0,10,Row/Column,0.006286,0.001185655593872
Dask,Adult,2025.1.0,v0,10,Aggregation,0.0,0.0004575252532958
Dask,Adult,2025.1.0,v0,10,Row/Column,0.08966,0.0101208686828613
Dask,Adult,2025.1.0,v0,10,Row/Column,0.0,0.0003719329833984
Dask,Adult,2025.1.0,v0,10,Row/Column,0.108215,0.0127880573272705
Dask,Adult,2025.1.0,v0,10,Aggregation,0.646788,0.0720179080963134
Dask,Adult,2025.1.0,v0,10,Aggregation,0.407714,0.045029878616333
Dask,Adult,2025.1.0,v0,10,Aggregation,0.429199,0.0459861755371093
Dask,Adult,2025.1.0,v0,10,Aggregation,0.402954,0.0437672138214111
Dask,Adult,2025.1.0,v0,10,Aggregation,0.395691,0.0436494350433349
Dask,Adult,2025.1.0,v0,10,Row/Column,0.480162,0.052504539489746
Dask,Adult,2025.1.0,v0,10,I/O,0.061035,0.0052900314331054
Dask,Adult,2025.1.0,v0,10,I/O,2.316279,0.237293004989624
Dask,Adult,2025.1.0,v0,10,I/O,3.129325,0.3453729152679443
Dask,Adult,2025.1.0,v0,10,I/O,2.993828,0.3169748783111572
Dask,Adult,2025.1.0,v0,10,Missing,0.0,0.0008316040039062
Dask,Adult,2025.1.0,v0,10,Missing,0.016601,0.0019943714141845
Dask,Adult,2025.1.0,v0,10,Missing,0.007812,0.0012705326080322
Dask,Adult,2025.1.0,v0,10,Missing,0.007446,0.0009496212005615
Dask,Adult,2025.1.0,v0,10,Row/Column,0.014099,0.0015151500701904
Dask,Adult,2025.1.0,v0,10,Aggregation,0.003418,0.0006392002105712
Dask,Adult,2025.1.0,v0,10,Row/Column,0.084472,0.0100867748260498
Dask,Adult,2025.1.0,v0,10,Row/Column,0.0047,0.0007398128509521
Dask,Adult,2025.1.0,v0,10,Row/Column,0.112916,0.01316499710083
Dask,Adult,2025.1.0,v0,10,Aggregation,0.676878,0.0786008834838867
Dask,Adult,2025.1.0,v0,10,Aggregation,0.408446,0.0445330142974853
Dask,Adult,2025.1.0,v0,10,Aggregation,0.434264,0.0473208427429199
Dask,Adult,2025.1.0,v0,10,Aggregation,0.409118,0.0446140766143798
Dask,Adult,2025.1.0,v0,10,Aggregation,0.400878,0.0442323684692382
Dask,Adult,2025.1.0,v0,10,Row/Column,0.457396,0.0521762371063232
Dask,Adult,2025.1.0,v0,10,I/O,0.062439,0.0061047077178955
Dask,Adult,2025.1.0,v0,10,I/O,2.265926,0.2373692989349365
Dask,Adult,2025.1.0,v0,10,I/O,3.222282,0.3555488586425781
Dask,Adult,2025.1.0,v0,10,I/O,3.05584,0.3270063400268554
Dask,Adult,2025.1.0,v0,10,Missing,0.0,0.0006554126739501
Dask,Adult,2025.1.0,v0,10,Missing,0.016662,0.0020575523376464
Dask,Adult,2025.1.0,v0,10,Missing,0.008545,0.0012493133544921
Dask,Adult,2025.1.0,v0,10,Missing,0.007935,0.00095796585083
Dask,Adult,2025.1.0,v0,10,Row/Column,0.007629,0.0011446475982666
Dask,Adult,2025.1.0,v0,10,Aggregation,0.001953,0.0004377365112304
Dask,Adult,2025.1.0,v0,10,Row/Column,0.07605,0.0099565982818603
Dask,Adult,2025.1.0,v0,10,Row/Column,0.0,0.0007481575012207
Dask,Adult,2025.1.0,v0,10,Row/Column,0.103149,0.0128018856048583
Dask,Adult,2025.1.0,v0,10,Aggregation,0.679625,0.0791018009185791
Dask,Adult,2025.1.0,v0,10,Aggregation,0.408446,0.0448613166809082
Dask,Adult,2025.1.0,v0,10,Aggregation,0.430908,0.0479593276977539
Dask,Adult,2025.1.0,v0,10,Aggregation,0.400939,0.0446312427520751
Dask,Adult,2025.1.0,v0,10,Aggregation,0.401488,0.0440537929534912
Dask,Adult,2025.1.0,v0,10,Row/Column,0.47711,0.0519921779632568
Dask,Adult,2025.1.0,v0,10,I/O,0.0542,0.0060365200042724
Dask,Adult,2025.1.0,v0,10,I/O,2.293634,0.2351865768432617
Dask,Adult,2025.1.0,v0,10,I/O,3.065178,0.3373293876647949
Dask,Adult,2025.1.0,v0,10,I/O,2.917046,0.3095459938049316
Dask,Adult,2025.1.0,v0,10,Missing,0.005859,0.0009751319885253
Dask,Adult,2025.1.0,v0,10,Missing,0.016785,0.0020017623901367
Dask,Adult,2025.1.0,v0,10,Missing,0.008545,0.001286506652832
Dask,Adult,2025.1.0,v0,10,Missing,0.004394,0.0008707046508789
Dask,Adult,2025.1.0,v0,10,Row/Column,0.008057,0.0014934539794921
Dask,Adult,2025.1.0,v0,10,Aggregation,0.0,0.000744342803955
Dask,Adult,2025.1.0,v0,10,Row/Column,0.084351,0.0099446773529052
Dask,Adult,2025.1.0,v0,10,Row/Column,0.001709,0.000669240951538
Dask,Adult,2025.1.0,v0,10,Row/Column,0.101746,0.0127034187316894
Dask,Adult,2025.1.0,v0,10,Aggregation,0.672788,0.0774545669555664
Dask,Adult,2025.1.0,v0,10,Aggregation,0.402832,0.0439181327819824
Dask,Adult,2025.1.0,v0,10,Aggregation,0.425536,0.0459249019622802
Dask,Adult,2025.1.0,v0,10,Aggregation,0.404418,0.0439364910125732
Dask,Adult,2025.1.0,v0,10,Aggregation,0.399047,0.0435559749603271
Dask,Adult,2025.1.0,v0,10,Row/Column,0.473205,0.052652359008789
Dask,Adult,2025.1.0,v0,10,I/O,0.055603,0.0061984062194824
Dask,Adult,2025.1.0,v0,10,I/O,2.260614,0.2356886863708496
Dask,Adult,2025.1.0,v0,10,I/O,3.125298,0.3434469699859619
Dask,Adult,2025.1.0,v0,10,I/O,2.932792,0.316741943359375
Dask,Adult,2025.1.0,v0,10,Missing,0.0,0.0006327629089355
Dask,Adult,2025.1.0,v0,10,Missing,0.007202,0.0016460418701171
Dask,Adult,2025.1.0,v0,10,Missing,0.0,0.0009465217590332
Dask,Adult,2025.1.0,v0,10,Missing,0.0,0.0006091594696044
Dask,Adult,2025.1.0,v0,10,Row/Column,0.004394,0.001171588897705
Dask,Adult,2025.1.0,v0,10,Aggregation,0.001464,0.000436782836914
Dask,Adult,2025.1.0,v0,10,Row/Column,0.075561,0.0098781585693359
Dask,Adult,2025.1.0,v0,10,Row/Column,0.0,0.0003852844238281
Dask,Adult,2025.1.0,v0,10,Row/Column,0.101868,0.0127148628234863
Dask,Adult,2025.1.0,v0,10,Aggregation,0.668517,0.0778677463531494
Dask,Adult,2025.1.0,v0,10,Aggregation,0.392943,0.0430648326873779
Dask,Adult,2025.1.0,v0,10,Aggregation,0.420103,0.0463857650756835
Dask,Adult,2025.1.0,v0,10,Aggregation,0.393493,0.0439014434814453
Dask,Adult,2025.1.0,v0,10,Aggregation,0.398986,0.0428502559661865
Dask,Adult,2025.1.0,v0,10,Row/Column,0.469725,0.0504188537597656
Dask,Adult,2025.1.0,v0,10,I/O,0.057799,0.0062236785888671
Dask,Adult,2025.1.0,v0,10,I/O,2.287775,0.2336573600769043
Dask,Adult,2025.1.0,v0,10,I/O,3.241386,0.3531703948974609
Dask,Adult,2025.1.0,v0,10,I/O,3.002616,0.3187408447265625
Dask,Adult,2025.1.0,v0,10,Missing,0.006896,0.0009372234344482
Dask,Adult,2025.1.0,v0,10,Missing,0.011048,0.0020210742950439
Dask,Adult,2025.1.0,v0,10,Missing,0.005188,0.0009405612945556
Dask,Adult,2025.1.0,v0,10,Missing,0.0,0.000579833984375
Dask,Adult,2025.1.0,v0,10,Row/Column,0.00885,0.0011751651763916
Dask,Adult,2025.1.0,v0,10,Aggregation,0.000732,0.0004429817199707
Dask,Adult,2025.1.0,v0,10,Row/Column,0.076904,0.0098750591278076
Dask,Adult,2025.1.0,v0,10,Row/Column,0.0,0.0003678798675537
Dask,Adult,2025.1.0,v0,10,Row/Column,0.101012,0.0126459598541259
Dask,Adult,2025.1.0,v0,10,Aggregation,0.680663,0.0780084133148193
Dask,Adult,2025.1.0,v0,10,Aggregation,0.391905,0.0429258346557617
Dask,Adult,2025.1.0,v0,10,Aggregation,0.435668,0.0465245246887207
Dask,Adult,2025.1.0,v0,10,Aggregation,0.409301,0.0440356731414794
Dask,Adult,2025.1.0,v0,10,Aggregation,0.406432,0.0428004264831543
Dask,Adult,2025.1.0,v0,10,Row/Column,0.471007,0.0522279739379882
Dask,Adult,2025.1.0,v0,10,I/O,0.057983,0.0055201053619384
Dask,Adult,2025.1.0,v0,10,I/O,2.283686,0.2359445095062255
Dask,Adult,2025.1.0,v0,10,I/O,3.170037,0.3494749069213867
Dask,Adult,2025.1.0,v0,10,I/O,3.007134,0.312821626663208
Dask,Adult,2025.1.0,v0,10,Missing,0.001648,0.0010111331939697
Dask,Adult,2025.1.0,v0,10,Missing,0.014771,0.0019974708557128
Dask,Adult,2025.1.0,v0,10,Missing,0.006409,0.0012767314910888
Dask,Adult,2025.1.0,v0,10,Missing,0.006225,0.0007948875427246
Dask,Adult,2025.1.0,v0,10,Row/Column,0.008422,0.0011663436889648
Dask,Adult,2025.1.0,v0,10,Aggregation,0.000977,0.0004358291625976
Dask,Adult,2025.1.0,v0,10,Row/Column,0.084046,0.0099296569824218
Dask,Adult,2025.1.0,v0,10,Row/Column,0.00653,0.0003876686096191
Dask,Adult,2025.1.0,v0,10,Row/Column,0.104004,0.0128211975097656
Dask,Adult,2025.1.0,v0,10,Aggregation,0.670287,0.0776257514953613
Dask,Adult,2025.1.0,v0,10,Aggregation,0.411987,0.0441005229949951
Dask,Adult,2025.1.0,v0,10,Aggregation,0.430725,0.0461623668670654
Dask,Adult,2025.1.0,v0,10,Aggregation,0.402831,0.0434160232543945
Dask,Adult,2025.1.0,v0,10,Aggregation,0.410644,0.0438630580902099
Dask,Adult,2025.1.0,v0,10,Row/Column,0.48889,0.0518579483032226
Dask,Adult,2025.1.0,v0,10,I/O,0.073486,0.0055823326110839
Dask,Adult,2025.1.0,v0,10,I/O,2.32226,0.241499662399292
Dask,Adult,2025.1.0,v0,10,I/O,3.240715,0.3554360866546631
Dask,Adult,2025.1.0,v0,10,I/O,2.983268,0.3186125755310058
Dask,Adult,2025.1.0,v0,10,Missing,0.003541,0.000978946685791
Dask,Adult,2025.1.0,v0,10,Missing,0.015931,0.0019495487213134
Dask,Adult,2025.1.0,v0,10,Missing,0.005005,0.0012927055358886
Dask,Adult,2025.1.0,v0,10,Missing,0.001465,0.0007832050323486
Dask,Adult,2025.1.0,v0,10,Row/Column,0.003846,0.001155138015747
Dask,Adult,2025.1.0,v0,10,Aggregation,0.0,0.0004336833953857
Dask,Adult,2025.1.0,v0,10,Row/Column,0.079773,0.0098114013671875
Dask,Adult,2025.1.0,v0,10,Row/Column,0.002502,0.0003678798675537
Dask,Adult,2025.1.0,v0,10,Row/Column,0.106079,0.0126278400421142
Dask,Adult,2025.1.0,v0,10,Aggregation,0.678039,0.0784404277801513
Dask,Adult,2025.1.0,v0,10,Aggregation,0.40277,0.0446043014526367
Dask,Adult,2025.1.0,v0,10,Aggregation,0.443542,0.0472362041473388
Dask,Adult,2025.1.0,v0,10,Aggregation,0.414488,0.0438475608825683
Dask,Adult,2025.1.0,v0,10,Aggregation,0.423522,0.0444610118865966
Dask,Adult,2025.1.0,v0,10,Row/Column,0.480284,0.0529074668884277
Dask,Adult,2025.1.0,v0,10,I/O,0.070374,0.0063188076019287
Dask,Adult,2025.1.0,v0,10,I/O,2.281733,0.2337465286254882
Dask,Adult,2025.1.0,v0,10,I/O,3.194145,0.3419861793518066
Dask,Adult,2025.1.0,v0,10,I/O,3.019584,0.3160490989685058
Dask,Adult,2025.1.0,v0,10,Missing,0.0,0.0006248950958251
Dask,Adult,2025.1.0,v0,10,Missing,0.013245,0.0016670227050781
Dask,Adult,2025.1.0,v0,10,Missing,0.001709,0.0009551048278808
Dask,Adult,2025.1.0,v0,10,Missing,0.000915,0.0007729530334472
Dask,Adult,2025.1.0,v0,10,Row/Column,0.007202,0.0014948844909667
Dask,Adult,2025.1.0,v0,10,Aggregation,0.0,0.0006418228149414
Dask,Adult,2025.1.0,v0,10,Row/Column,0.079406,0.0099048614501953
Dask,Adult,2025.1.0,v0,10,Row/Column,0.0,0.0007352828979492
Dask,Adult,2025.1.0,v0,10,Row/Column,0.102173,0.0126698017120361
Dask,Adult,2025.1.0,v0,10,Aggregation,0.66986,0.0775222778320312
Dask,Adult,2025.1.0,v0,10,Aggregation,0.415282,0.0444250106811523
Dask,Adult,2025.1.0,v0,10,Aggregation,0.434264,0.0463180541992187
Dask,Adult,2025.1.0,v0,10,Aggregation,0.410521,0.0439083576202392
Dask,Adult,2025.1.0,v0,10,Aggregation,0.42169,0.044870376586914
Dask,Adult,2025.1.0,v0,10,Row/Column,0.492796,0.0533559322357177
Dask,Bank Marketing,2024.8.0,v1,10,I/O,0.164794,0.0159900188446044
Dask,Bank Marketing,2024.8.0,v1,10,I/O,3.98528,0.4367766380310058
Dask,Bank Marketing,2024.8.0,v1,10,I/O,1.428097,0.1664657592773437
Dask,Bank Marketing,2024.8.0,v1,10,I/O,1.285642,0.1471428871154785
Dask,Bank Marketing,2024.8.0,v1,10,Missing,0.02008,0.0078871250152587
Dask,Bank Marketing,2024.8.0,v1,10,Missing,0.007996,0.0016577243804931
Dask,Bank Marketing,2024.8.0,v1,10,Missing,0.026368,0.0082559585571289
Dask,Bank Marketing,2024.8.0,v1,10,Missing,0.002014,0.0009706020355224
Dask,Bank Marketing,2024.8.0,v1,10,Row/Column,0.026062,0.0084753036499023
Dask,Bank Marketing,2024.8.0,v1,10,Aggregation,0.0,0.0007491111755371
Dask,Bank Marketing,2024.8.0,v1,10,Row/Column,0.126159,0.0202600955963134
Dask,Bank Marketing,2024.8.0,v1,10,Row/Column,0.006775,0.000751256942749
Dask,Bank Marketing,2024.8.0,v1,10,Row/Column,0.153014,0.0221095085144042
Dask,Bank Marketing,2024.8.0,v1,10,Aggregation,0.733701,0.0773606300354003
Dask,Bank Marketing,2024.8.0,v1,10,Aggregation,0.282104,0.0307009220123291
Dask,Bank Marketing,2024.8.0,v1,10,Aggregation,0.291382,0.0314571857452392
Dask,Bank Marketing,2024.8.0,v1,10,Aggregation,0.327514,0.0365128517150878
Dask,Bank Marketing,2024.8.0,v1,10,Aggregation,0.321105,0.0357429981231689
Dask,Bank Marketing,2024.8.0,v1,10,Row/Column,0.419738,0.0519723892211914
Dask,Bank Marketing,2024.8.0,v1,10,I/O,0.060852,0.0066964626312255
Dask,Bank Marketing,2024.8.0,v1,10,I/O,3.595694,0.3915755748748779
Dask,Bank Marketing,2024.8.0,v1,10,I/O,1.401914,0.1602210998535156
Dask,Bank Marketing,2024.8.0,v1,10,I/O,1.183896,0.1286447048187255
Dask,Bank Marketing,2024.8.0,v1,10,Missing,0.005737,0.0010347366333007
Dask,Bank Marketing,2024.8.0,v1,10,Missing,0.00702,0.0017027854919433
Dask,Bank Marketing,2024.8.0,v1,10,Missing,0.003539,0.0012803077697753
Dask,Bank Marketing,2024.8.0,v1,10,Missing,0.006165,0.0009791851043701
Dask,Bank Marketing,2024.8.0,v1,10,Row/Column,0.008423,0.0011749267578125
Dask,Bank Marketing,2024.8.0,v1,10,Aggregation,0.0,0.0007970333099365
Dask,Bank Marketing,2024.8.0,v1,10,Row/Column,0.120788,0.0144252777099609
Dask,Bank Marketing,2024.8.0,v1,10,Row/Column,0.00238,0.0007436275482177
Dask,Bank Marketing,2024.8.0,v1,10,Row/Column,0.112,0.0139548778533935
Dask,Bank Marketing,2024.8.0,v1,10,Aggregation,0.71832,0.0703232288360595
Dask,Bank Marketing,2024.8.0,v1,10,Aggregation,0.278991,0.0300860404968261
Dask,Bank Marketing,2024.8.0,v1,10,Aggregation,0.259581,0.0280306339263916
Dask,Bank Marketing,2024.8.0,v1,10,Aggregation,0.27655,0.029534101486206
Dask,Bank Marketing,2024.8.0,v1,10,Aggregation,0.225036,0.0232391357421875
Dask,Bank Marketing,2024.8.0,v1,10,Row/Column,0.398377,0.0433948040008544
Dask,Bank Marketing,2024.8.0,v1,10,I/O,0.072143,0.0069537162780761
Dask,Bank Marketing,2024.8.0,v1,10,I/O,3.569693,0.3909704685211181
Dask,Bank Marketing,2024.8.0,v1,10,I/O,1.384762,0.1612472534179687
Dask,Bank Marketing,2024.8.0,v1,10,I/O,1.228451,0.1383500099182129
Dask,Bank Marketing,2024.8.0,v1,10,Missing,0.001709,0.0010249614715576
Dask,Bank Marketing,2024.8.0,v1,10,Missing,0.005005,0.0014865398406982
Dask,Bank Marketing,2024.8.0,v1,10,Missing,0.003785,0.001112937927246
Dask,Bank Marketing,2024.8.0,v1,10,Missing,0.007812,0.0009818077087402
Dask,Bank Marketing,2024.8.0,v1,10,Row/Column,0.007752,0.0014033317565917
Dask,Bank Marketing,2024.8.0,v1,10,Aggregation,0.001648,0.0008265972137451
Dask,Bank Marketing,2024.8.0,v1,10,Row/Column,0.119385,0.0144820213317871
Dask,Bank Marketing,2024.8.0,v1,10,Row/Column,0.0,0.0006873607635498
Dask,Bank Marketing,2024.8.0,v1,10,Row/Column,0.122314,0.0140235424041748
Dask,Bank Marketing,2024.8.0,v1,10,Aggregation,0.699279,0.0715653896331787
Dask,Bank Marketing,2024.8.0,v1,10,Aggregation,0.253478,0.0269010066986084
Dask,Bank Marketing,2024.8.0,v1,10,Aggregation,0.32257,0.0338454246520996
Dask,Bank Marketing,2024.8.0,v1,10,Aggregation,0.256775,0.0263986587524414
Dask,Bank Marketing,2024.8.0,v1,10,Aggregation,0.223449,0.0236158370971679
Dask,Bank Marketing,2024.8.0,v1,10,Row/Column,0.373412,0.0403103828430175
Dask,Bank Marketing,2024.8.0,v1,10,I/O,0.065979,0.0068244934082031
Dask,Bank Marketing,2024.8.0,v1,10,I/O,3.495292,0.3801345825195312
Dask,Bank Marketing,2024.8.0,v1,10,I/O,1.368221,0.15643310546875
Dask,Bank Marketing,2024.8.0,v1,10,I/O,1.145504,0.1272351741790771
Dask,Bank Marketing,2024.8.0,v1,10,Missing,0.008301,0.0010004043579101
Dask,Bank Marketing,2024.8.0,v1,10,Missing,0.007019,0.0016887187957763
Dask,Bank Marketing,2024.8.0,v1,10,Missing,0.008179,0.0012083053588867
Dask,Bank Marketing,2024.8.0,v1,10,Missing,0.00824,0.0009601116180419
Dask,Bank Marketing,2024.8.0,v1,10,Row/Column,0.00714,0.0014171600341796
Dask,Bank Marketing,2024.8.0,v1,10,Aggregation,0.001648,0.0007691383361816
Dask,Bank Marketing,2024.8.0,v1,10,Row/Column,0.121338,0.0142805576324462
Dask,Bank Marketing,2024.8.0,v1,10,Row/Column,0.0,0.0005679130554199
Dask,Bank Marketing,2024.8.0,v1,10,Row/Column,0.1156,0.0139801502227783
Dask,Bank Marketing,2024.8.0,v1,10,Aggregation,0.695738,0.070974588394165
Dask,Bank Marketing,2024.8.0,v1,10,Aggregation,0.282165,0.0299675464630126
Dask,Bank Marketing,2024.8.0,v1,10,Aggregation,0.294982,0.031416893005371
Dask,Bank Marketing,2024.8.0,v1,10,Aggregation,0.270507,0.0292716026306152
Dask,Bank Marketing,2024.8.0,v1,10,Aggregation,0.216857,0.0227904319763183
Dask,Bank Marketing,2024.8.0,v1,10,Row/Column,0.362,0.040116548538208
Dask,Bank Marketing,2024.8.0,v1,10,I/O,0.071899,0.0076766014099121
Dask,Bank Marketing,2024.8.0,v1,10,I/O,3.523977,0.3767292499542236
Dask,Bank Marketing,2024.8.0,v1,10,I/O,1.3634,0.1562271118164062
Dask,Bank Marketing,2024.8.0,v1,10,I/O,1.136288,0.1278841495513916
Dask,Bank Marketing,2024.8.0,v1,10,Missing,0.006775,0.0009987354278564
Dask,Bank Marketing,2024.8.0,v1,10,Missing,0.006591,0.0014111995697021
Dask,Bank Marketing,2024.8.0,v1,10,Missing,0.00769,0.0009987354278564
Dask,Bank Marketing,2024.8.0,v1,10,Missing,0.002929,0.0006828308105468
Dask,Bank Marketing,2024.8.0,v1,10,Row/Column,0.007568,0.0014140605926513
Dask,Bank Marketing,2024.8.0,v1,10,Aggregation,0.0,0.0008163452148437
Dask,Bank Marketing,2024.8.0,v1,10,Row/Column,0.112793,0.0139455795288085
Dask,Bank Marketing,2024.8.0,v1,10,Row/Column,0.007994,0.0007550716400146
Dask,Bank Marketing,2024.8.0,v1,10,Row/Column,0.11206,0.0138676166534423
Dask,Bank Marketing,2024.8.0,v1,10,Aggregation,0.670591,0.0698342323303222
Dask,Bank Marketing,2024.8.0,v1,10,Aggregation,0.282409,0.0303447246551513
Dask,Bank Marketing,2024.8.0,v1,10,Aggregation,0.293334,0.0316176414489746
Dask,Bank Marketing,2024.8.0,v1,10,Aggregation,0.274352,0.0296201705932617
Dask,Bank Marketing,2024.8.0,v1,10,Aggregation,0.217772,0.0235626697540283
Dask,Bank Marketing,2024.8.0,v1,10,Row/Column,0.363951,0.0400454998016357
Dask,Bank Marketing,2024.8.0,v1,10,I/O,0.062134,0.0070624351501464
Dask,Bank Marketing,2024.8.0,v1,10,I/O,3.525931,0.3857512474060058
Dask,Bank Marketing,2024.8.0,v1,10,I/O,1.34338,0.1554844379425048
Dask,Bank Marketing,2024.8.0,v1,10,I/O,1.226924,0.1349575519561767
Dask,Bank Marketing,2024.8.0,v1,10,Missing,0.004089,0.0010128021240234
Dask,Bank Marketing,2024.8.0,v1,10,Missing,0.008605,0.0016846656799316
Dask,Bank Marketing,2024.8.0,v1,10,Missing,0.006348,0.0012791156768798
Dask,Bank Marketing,2024.8.0,v1,10,Missing,0.003906,0.0008678436279296
Dask,Bank Marketing,2024.8.0,v1,10,Row/Column,0.00763,0.0014424324035644
Dask,Bank Marketing,2024.8.0,v1,10,Aggregation,0.0,0.0006413459777832
Dask,Bank Marketing,2024.8.0,v1,10,Row/Column,0.117309,0.0142092704772949
Dask,Bank Marketing,2024.8.0,v1,10,Row/Column,0.007263,0.0005924701690673
Dask,Bank Marketing,2024.8.0,v1,10,Row/Column,0.109619,0.0139081478118896
Dask,Bank Marketing,2024.8.0,v1,10,Aggregation,0.685668,0.0706698894500732
Dask,Bank Marketing,2024.8.0,v1,10,Aggregation,0.264952,0.0296754837036132
Dask,Bank Marketing,2024.8.0,v1,10,Aggregation,0.30658,0.0330317020416259
Dask,Bank Marketing,2024.8.0,v1,10,Aggregation,0.237243,0.0261702537536621
Dask,Bank Marketing,2024.8.0,v1,10,Aggregation,0.221373,0.0233032703399658
Dask,Bank Marketing,2024.8.0,v1,10,Row/Column,0.351683,0.0399870872497558
Dask,Bank Marketing,2024.8.0,v1,10,I/O,0.057372,0.0065059661865234
Dask,Bank Marketing,2024.8.0,v1,10,I/O,3.41332,0.374866247177124
Dask,Bank Marketing,2024.8.0,v1,10,I/O,1.330318,0.1547963619232177
Dask,Bank Marketing,2024.8.0,v1,10,I/O,1.175228,0.1339192390441894
Dask,Bank Marketing,2024.8.0,v1,10,Missing,0.003724,0.0008723735809326
Dask,Bank Marketing,2024.8.0,v1,10,Missing,0.007935,0.0015425682067871
Dask,Bank Marketing,2024.8.0,v1,10,Missing,0.008423,0.001260757446289
Dask,Bank Marketing,2024.8.0,v1,10,Missing,0.001648,0.0009737014770507
Dask,Bank Marketing,2024.8.0,v1,10,Row/Column,0.003419,0.001415729522705
Dask,Bank Marketing,2024.8.0,v1,10,Aggregation,0.004396,0.000640869140625
Dask,Bank Marketing,2024.8.0,v1,10,Row/Column,0.115417,0.0139238834381103
Dask,Bank Marketing,2024.8.0,v1,10,Row/Column,0.0,0.0006558895111083
Dask,Bank Marketing,2024.8.0,v1,10,Row/Column,0.107909,0.0137717723846435
Dask,Bank Marketing,2024.8.0,v1,10,Aggregation,0.700804,0.071044921875
Dask,Bank Marketing,2024.8.0,v1,10,Aggregation,0.278686,0.029404878616333
Dask,Bank Marketing,2024.8.0,v1,10,Aggregation,0.309387,0.0330369472503662
Dask,Bank Marketing,2024.8.0,v1,10,Aggregation,0.246093,0.0262339115142822
Dask,Bank Marketing,2024.8.0,v1,10,Aggregation,0.224425,0.0231990814208984
Dask,Bank Marketing,2024.8.0,v1,10,Row/Column,0.354004,0.0395982265472412
Dask,Bank Marketing,2024.8.0,v1,10,I/O,0.055909,0.0066986083984375
Dask,Bank Marketing,2024.8.0,v1,10,I/O,3.500175,0.3748502731323242
Dask,Bank Marketing,2024.8.0,v1,10,I/O,1.492367,0.1716530323028564
Dask,Bank Marketing,2024.8.0,v1,10,I/O,1.115415,0.1231765747070312
Dask,Bank Marketing,2024.8.0,v1,10,Missing,0.008545,0.0009975433349609
Dask,Bank Marketing,2024.8.0,v1,10,Missing,0.008545,0.0016970634460449
Dask,Bank Marketing,2024.8.0,v1,10,Missing,0.007203,0.0012948513031005
Dask,Bank Marketing,2024.8.0,v1,10,Missing,0.001709,0.0009794235229492
Dask,Bank Marketing,2024.8.0,v1,10,Row/Column,0.011414,0.0014233589172363
Dask,Bank Marketing,2024.8.0,v1,10,Aggregation,0.002075,0.0008118152618408
Dask,Bank Marketing,2024.8.0,v1,10,Row/Column,0.117432,0.013803482055664
Dask,Bank Marketing,2024.8.0,v1,10,Row/Column,0.0,0.0007712841033935
Dask,Bank Marketing,2024.8.0,v1,10,Row/Column,0.109741,0.013848066329956
Dask,Bank Marketing,2024.8.0,v1,10,Aggregation,0.694578,0.0708382129669189
Dask,Bank Marketing,2024.8.0,v1,10,Aggregation,0.24298,0.0268375873565673
Dask,Bank Marketing,2024.8.0,v1,10,Aggregation,0.28247,0.0312211513519287
Dask,Bank Marketing,2024.8.0,v1,10,Aggregation,0.236266,0.0256819725036621
Dask,Bank Marketing,2024.8.0,v1,10,Aggregation,0.231872,0.0239582061767578
Dask,Bank Marketing,2024.8.0,v1,10,Row/Column,0.362364,0.0392539501190185
Dask,Bank Marketing,2024.8.0,v1,10,I/O,0.065185,0.006406545639038
Dask,Bank Marketing,2024.8.0,v1,10,I/O,3.689749,0.3991761207580566
Dask,Bank Marketing,2024.8.0,v1,10,I/O,1.362851,0.1557648181915283
Dask,Bank Marketing,2024.8.0,v1,10,I/O,1.074581,0.1195719242095947
Dask,Bank Marketing,2024.8.0,v1,10,Missing,0.001587,0.0010032653808593
Dask,Bank Marketing,2024.8.0,v1,10,Missing,0.015197,0.0016732215881347
Dask,Bank Marketing,2024.8.0,v1,10,Missing,0.009034,0.0012774467468261
Dask,Bank Marketing,2024.8.0,v1,10,Missing,0.0,0.0009024143218994
Dask,Bank Marketing,2024.8.0,v1,10,Row/Column,0.007873,0.0014152526855468
Dask,Bank Marketing,2024.8.0,v1,10,Aggregation,0.001587,0.0007989406585693
Dask,Bank Marketing,2024.8.0,v1,10,Row/Column,0.08551,0.010937213897705
Dask,Bank Marketing,2024.8.0,v1,10,Row/Column,0.0,0.0007545948028564
Dask,Bank Marketing,2024.8.0,v1,10,Row/Column,0.112792,0.0138826370239257
Dask,Bank Marketing,2024.8.0,v1,10,Aggregation,0.687132,0.0715701580047607
Dask,Bank Marketing,2024.8.0,v1,10,Aggregation,0.260558,0.0271840095520019
Dask,Bank Marketing,2024.8.0,v1,10,Aggregation,0.270629,0.02886962890625
Dask,Bank Marketing,2024.8.0,v1,10,Aggregation,0.259337,0.0269820690155029
Dask,Bank Marketing,2024.8.0,v1,10,Aggregation,0.236266,0.0243134498596191
Dask,Bank Marketing,2024.8.0,v1,10,Row/Column,0.370299,0.0403676033020019
Dask,Bank Marketing,2024.8.0,v1,10,I/O,0.071044,0.007066011428833
Dask,Bank Marketing,2024.8.0,v1,10,I/O,3.489737,0.3792073726654053
Dask,Bank Marketing,2024.8.0,v1,10,I/O,1.332699,0.1557424068450927
Dask,Bank Marketing,2024.8.0,v1,10,I/O,1.065244,0.117711067199707
Dask,Bank Marketing,2024.8.0,v1,10,Missing,0.007202,0.0009241104125976
Dask,Bank Marketing,2024.8.0,v1,10,Missing,0.006531,0.0017168521881103
Dask,Bank Marketing,2024.8.0,v1,10,Missing,0.006592,0.0013301372528076
Dask,Bank Marketing,2024.8.0,v1,10,Missing,0.006775,0.0010061264038085
Dask,Bank Marketing,2024.8.0,v1,10,Row/Column,0.007385,0.0012590885162353
Dask,Bank Marketing,2024.8.0,v1,10,Aggregation,0.002991,0.0007932186126708
Dask,Bank Marketing,2024.8.0,v1,10,Row/Column,0.114013,0.0136229991912841
Dask,Bank Marketing,2024.8.0,v1,10,Row/Column,0.0,0.0007538795471191
Dask,Bank Marketing,2024.8.0,v1,10,Row/Column,0.107055,0.0137710571289062
Dask,Bank Marketing,2024.8.0,v1,10,Aggregation,0.685544,0.0694751739501953
Dask,Bank Marketing,2024.8.0,v1,10,Aggregation,0.263549,0.0274713039398193
Dask,Bank Marketing,2024.8.0,v1,10,Aggregation,0.275878,0.0288727283477783
Dask,Bank Marketing,2024.8.0,v1,10,Aggregation,0.252075,0.0269460678100585
Dask,Bank Marketing,2024.8.0,v1,10,Aggregation,0.215698,0.0234813690185546
Dask,Bank Marketing,2024.8.0,v1,10,Row/Column,0.364624,0.0405011177062988
Dask,Bank Marketing,2022.1.0,v2,10,I/O,0.117127,0.0127592086791992
Dask,Bank Marketing,2022.1.0,v2,10,I/O,3.360526,0.3758831024169922
Dask,Bank Marketing,2022.1.0,v2,10,I/O,1.292842,0.1508643627166748
Dask,Bank Marketing,2022.1.0,v2,10,I/O,1.186582,0.1337244510650634
Dask,Bank Marketing,2022.1.0,v2,10,Missing,0.025757,0.0031616687774658
Dask,Bank Marketing,2022.1.0,v2,10,Missing,0.066834,0.0122606754302978
Dask,Bank Marketing,2022.1.0,v2,10,Missing,0.036193,0.0045011043548583
Dask,Bank Marketing,2022.1.0,v2,10,Missing,0.008484,0.0015277862548828
Dask,Bank Marketing,2022.1.0,v2,10,Row/Column,0.059143,0.0116877555847167
Dask,Bank Marketing,2022.1.0,v2,10,Aggregation,0.009827,0.00075364112854
Dask,Bank Marketing,2022.1.0,v2,10,Row/Column,0.126893,0.0153908729553222
Dask,Bank Marketing,2022.1.0,v2,10,Row/Column,0.033935,0.0040171146392822
Dask,Bank Marketing,2022.1.0,v2,10,Row/Column,0.276855,0.0362794399261474
Dask,Bank Marketing,2022.1.0,v2,10,Aggregation,0.648131,0.0661401748657226
Dask,Bank Marketing,2022.1.0,v2,10,Aggregation,0.443785,0.0480084419250488
Dask,Bank Marketing,2022.1.0,v2,10,Aggregation,0.452514,0.049631118774414
Dask,Bank Marketing,2022.1.0,v2,10,Aggregation,0.570555,0.0658738613128662
Dask,Bank Marketing,2022.1.0,v2,10,Aggregation,0.450132,0.0505976676940918
Dask,Bank Marketing,2022.1.0,v2,10,Row/Column,0.455992,0.0491578578948974
Dask,Bank Marketing,2022.1.0,v2,10,I/O,0.040099,0.0041708946228027
Dask,Bank Marketing,2022.1.0,v2,10,I/O,2.926567,0.3223943710327148
Dask,Bank Marketing,2022.1.0,v2,10,I/O,1.279232,0.151033878326416
Dask,Bank Marketing,2022.1.0,v2,10,I/O,1.12933,0.1294312477111816
Dask,Bank Marketing,2022.1.0,v2,10,Missing,0.008239,0.0010740756988525
Dask,Bank Marketing,2022.1.0,v2,10,Missing,0.033447,0.0046913623809814
Dask,Bank Marketing,2022.1.0,v2,10,Missing,0.029358,0.004263162612915
Dask,Bank Marketing,2022.1.0,v2,10,Missing,0.007873,0.0012257099151611
Dask,Bank Marketing,2022.1.0,v2,10,Row/Column,0.035522,0.0041234493255615
Dask,Bank Marketing,2022.1.0,v2,10,Aggregation,0.002563,0.0007524490356445
Dask,Bank Marketing,2022.1.0,v2,10,Row/Column,0.124511,0.0153021812438964
Dask,Bank Marketing,2022.1.0,v2,10,Row/Column,0.033691,0.0041275024414062
Dask,Bank Marketing,2022.1.0,v2,10,Row/Column,0.229187,0.0283849239349365
Dask,Bank Marketing,2022.1.0,v2,10,Aggregation,0.658018,0.067626953125
Dask,Bank Marketing,2022.1.0,v2,10,Aggregation,0.508971,0.057769775390625
Dask,Bank Marketing,2022.1.0,v2,10,Aggregation,0.468626,0.0524871349334716
Dask,Bank Marketing,2022.1.0,v2,10,Aggregation,0.458617,0.0504491329193115
Dask,Bank Marketing,2022.1.0,v2,10,Aggregation,0.510375,0.0574626922607421
Dask,Bank Marketing,2022.1.0,v2,10,Row/Column,0.538268,0.061225414276123
Dask,Bank Marketing,2022.1.0,v2,10,I/O,0.052612,0.0044727325439453
Dask,Bank Marketing,2022.1.0,v2,10,I/O,2.942132,0.3240973949432373
Dask,Bank Marketing,2022.1.0,v2,10,I/O,1.285519,0.1529047489166259
Dask,Bank Marketing,2022.1.0,v2,10,I/O,1.056761,0.1193256378173828
Dask,Bank Marketing,2022.1.0,v2,10,Missing,0.006165,0.0010716915130615
Dask,Bank Marketing,2022.1.0,v2,10,Missing,0.031738,0.0046627521514892
Dask,Bank Marketing,2022.1.0,v2,10,Missing,0.034362,0.0042371749877929
Dask,Bank Marketing,2022.1.0,v2,10,Missing,0.007629,0.0012409687042236
Dask,Bank Marketing,2022.1.0,v2,10,Row/Column,0.025939,0.0039036273956298
Dask,Bank Marketing,2022.1.0,v2,10,Aggregation,0.005799,0.0003552436828613
Dask,Bank Marketing,2022.1.0,v2,10,Row/Column,0.11737,0.014988899230957
Dask,Bank Marketing,2022.1.0,v2,10,Row/Column,0.024841,0.0037851333618164
Dask,Bank Marketing,2022.1.0,v2,10,Row/Column,0.229491,0.0279314517974853
Dask,Bank Marketing,2022.1.0,v2,10,Aggregation,0.628784,0.065608263015747
Dask,Bank Marketing,2022.1.0,v2,10,Aggregation,0.464965,0.0507063865661621
Dask,Bank Marketing,2022.1.0,v2,10,Aggregation,0.444092,0.0490450859069824
Dask,Bank Marketing,2022.1.0,v2,10,Aggregation,0.451903,0.0502862930297851
Dask,Bank Marketing,2022.1.0,v2,10,Aggregation,0.455809,0.0502691268920898
Dask,Bank Marketing,2022.1.0,v2,10,Row/Column,0.471558,0.0517656803131103
Dask,Bank Marketing,2022.1.0,v2,10,I/O,0.045044,0.0041923522949218
Dask,Bank Marketing,2022.1.0,v2,10,I/O,2.953972,0.3147926330566406
Dask,Bank Marketing,2022.1.0,v2,10,I/O,1.312496,0.1510121822357177
Dask,Bank Marketing,2022.1.0,v2,10,I/O,1.161924,0.1292479038238525
Dask,Bank Marketing,2022.1.0,v2,10,Missing,0.001831,0.0010747909545898
Dask,Bank Marketing,2022.1.0,v2,10,Missing,0.033692,0.0046377182006835
Dask,Bank Marketing,2022.1.0,v2,10,Missing,0.030397,0.004176378250122
Dask,Bank Marketing,2022.1.0,v2,10,Missing,0.003906,0.0012257099151611
Dask,Bank Marketing,2022.1.0,v2,10,Row/Column,0.031006,0.003878116607666
Dask,Bank Marketing,2022.1.0,v2,10,Aggregation,0.0,0.0003514289855957
Dask,Bank Marketing,2022.1.0,v2,10,Row/Column,0.120239,0.014918565750122
Dask,Bank Marketing,2022.1.0,v2,10,Row/Column,0.026367,0.0037565231323242
Dask,Bank Marketing,2022.1.0,v2,10,Row/Column,0.232788,0.0277879238128662
Dask,Bank Marketing,2022.1.0,v2,10,Aggregation,0.618529,0.0656008720397949
Dask,Bank Marketing,2022.1.0,v2,10,Aggregation,0.467467,0.0509793758392334
Dask,Bank Marketing,2022.1.0,v2,10,Aggregation,0.477659,0.0523498058319091
Dask,Bank Marketing,2022.1.0,v2,10,Aggregation,0.466003,0.0501320362091064
Dask,Bank Marketing,2022.1.0,v2,10,Aggregation,0.428771,0.0462541580200195
Dask,Bank Marketing,2022.1.0,v2,10,Row/Column,0.425231,0.0475471019744873
Dask,Bank Marketing,2022.1.0,v2,10,I/O,0.045349,0.0048635005950927
Dask,Bank Marketing,2022.1.0,v2,10,I/O,2.862237,0.3127791881561279
Dask,Bank Marketing,2022.1.0,v2,10,I/O,1.316891,0.1519362926483154
Dask,Bank Marketing,2022.1.0,v2,10,I/O,1.048093,0.1195504665374755
Dask,Bank Marketing,2022.1.0,v2,10,Missing,0.008484,0.0010640621185302
Dask,Bank Marketing,2022.1.0,v2,10,Missing,0.033263,0.0046527385711669
Dask,Bank Marketing,2022.1.0,v2,10,Missing,0.035461,0.0041906833648681
Dask,Bank Marketing,2022.1.0,v2,10,Missing,0.008057,0.0012192726135253
Dask,Bank Marketing,2022.1.0,v2,10,Row/Column,0.024292,0.0038721561431884
Dask,Bank Marketing,2022.1.0,v2,10,Aggregation,0.0,0.0003566741943359
Dask,Bank Marketing,2022.1.0,v2,10,Row/Column,0.124206,0.0148243904113769
Dask,Bank Marketing,2022.1.0,v2,10,Row/Column,0.026184,0.00374436378479
Dask,Bank Marketing,2022.1.0,v2,10,Row/Column,0.236755,0.0277462005615234
Dask,Bank Marketing,2022.1.0,v2,10,Aggregation,0.640014,0.0662200450897216
Dask,Bank Marketing,2022.1.0,v2,10,Aggregation,0.454955,0.050666332244873
Dask,Bank Marketing,2022.1.0,v2,10,Aggregation,0.45105,0.0487325191497802
Dask,Bank Marketing,2022.1.0,v2,10,Aggregation,0.457152,0.0504076480865478
Dask,Bank Marketing,2022.1.0,v2,10,Aggregation,0.429137,0.0459434986114501
Dask,Bank Marketing,2022.1.0,v2,10,Row/Column,0.470824,0.0517029762268066
Dask,Bank Marketing,2022.1.0,v2,10,I/O,0.043762,0.0050854682922363
Dask,Bank Marketing,2022.1.0,v2,10,I/O,2.850762,0.3135857582092285
Dask,Bank Marketing,2022.1.0,v2,10,I/O,1.264401,0.1517794132232666
Dask,Bank Marketing,2022.1.0,v2,10,I/O,1.048398,0.1201820373535156
Dask,Bank Marketing,2022.1.0,v2,10,Missing,0.007812,0.0010738372802734
Dask,Bank Marketing,2022.1.0,v2,10,Missing,0.033935,0.0046441555023193
Dask,Bank Marketing,2022.1.0,v2,10,Missing,0.032776,0.0041701793670654
Dask,Bank Marketing,2022.1.0,v2,10,Missing,0.00769,0.0012173652648925
Dask,Bank Marketing,2022.1.0,v2,10,Row/Column,0.025085,0.0038750171661376
Dask,Bank Marketing,2022.1.0,v2,10,Aggregation,0.0,0.0003719329833984
Dask,Bank Marketing,2022.1.0,v2,10,Row/Column,0.115296,0.0149812698364257
Dask,Bank Marketing,2022.1.0,v2,10,Row/Column,0.034058,0.003763198852539
Dask,Bank Marketing,2022.1.0,v2,10,Row/Column,0.228271,0.0278255939483642
Dask,Bank Marketing,2022.1.0,v2,10,Aggregation,0.612913,0.0658318996429443
Dask,Bank Marketing,2022.1.0,v2,10,Aggregation,0.452636,0.0506098270416259
Dask,Bank Marketing,2022.1.0,v2,10,Aggregation,0.446348,0.0493891239166259
Dask,Bank Marketing,2022.1.0,v2,10,Aggregation,0.451598,0.0506317615509033
Dask,Bank Marketing,2022.1.0,v2,10,Aggregation,0.40985,0.0463111400604248
Dask,Bank Marketing,2022.1.0,v2,10,Row/Column,0.436522,0.0490331649780273
Dask,Bank Marketing,2022.1.0,v2,10,I/O,0.047118,0.0048551559448242
Dask,Bank Marketing,2022.1.0,v2,10,I/O,2.854667,0.3130559921264648
Dask,Bank Marketing,2022.1.0,v2,10,I/O,1.308652,0.1511135101318359
Dask,Bank Marketing,2022.1.0,v2,10,I/O,1.05029,0.1200349330902099
Dask,Bank Marketing,2022.1.0,v2,10,Missing,0.007323,0.0014488697052001
Dask,Bank Marketing,2022.1.0,v2,10,Missing,0.03888,0.0049889087677001
Dask,Bank Marketing,2022.1.0,v2,10,Missing,0.036499,0.0045292377471923
Dask,Bank Marketing,2022.1.0,v2,10,Missing,0.005494,0.0014090538024902
Dask,Bank Marketing,2022.1.0,v2,10,Row/Column,0.032104,0.0038862228393554
Dask,Bank Marketing,2022.1.0,v2,10,Aggregation,0.001342,0.0003557205200195
Dask,Bank Marketing,2022.1.0,v2,10,Row/Column,0.116027,0.0147023200988769
Dask,Bank Marketing,2022.1.0,v2,10,Row/Column,0.02588,0.0037298202514648
Dask,Bank Marketing,2022.1.0,v2,10,Row/Column,0.224731,0.027482271194458
Dask,Bank Marketing,2022.1.0,v2,10,Aggregation,0.628781,0.0657389163970947
Dask,Bank Marketing,2022.1.0,v2,10,Aggregation,0.436095,0.0494780540466308
Dask,Bank Marketing,2022.1.0,v2,10,Aggregation,0.474425,0.0524377822875976
Dask,Bank Marketing,2022.1.0,v2,10,Aggregation,0.433226,0.0479779243469238
Dask,Bank Marketing,2022.1.0,v2,10,Aggregation,0.422667,0.0476081371307373
Dask,Bank Marketing,2022.1.0,v2,10,Row/Column,0.469115,0.0524873733520507
Dask,Bank Marketing,2022.1.0,v2,10,I/O,0.051819,0.0043170452117919
Dask,Bank Marketing,2022.1.0,v2,10,I/O,2.858086,0.314300537109375
Dask,Bank Marketing,2022.1.0,v2,10,I/O,1.302609,0.1512291431427002
Dask,Bank Marketing,2022.1.0,v2,10,I/O,1.170591,0.1307821273803711
Dask,Bank Marketing,2022.1.0,v2,10,Missing,0.008239,0.001436710357666
Dask,Bank Marketing,2022.1.0,v2,10,Missing,0.042237,0.0049958229064941
Dask,Bank Marketing,2022.1.0,v2,10,Missing,0.040587,0.0045030117034912
Dask,Bank Marketing,2022.1.0,v2,10,Missing,0.009949,0.0015950202941894
Dask,Bank Marketing,2022.1.0,v2,10,Row/Column,0.024964,0.0038545131683349
Dask,Bank Marketing,2022.1.0,v2,10,Aggregation,0.001709,0.0003576278686523
Dask,Bank Marketing,2022.1.0,v2,10,Row/Column,0.113708,0.0145967006683349
Dask,Bank Marketing,2022.1.0,v2,10,Row/Column,0.026733,0.0037198066711425
Dask,Bank Marketing,2022.1.0,v2,10,Row/Column,0.22998,0.0273141860961914
Dask,Bank Marketing,2022.1.0,v2,10,Aggregation,0.637144,0.0660252571105957
Dask,Bank Marketing,2022.1.0,v2,10,Aggregation,0.452025,0.04911470413208
Dask,Bank Marketing,2022.1.0,v2,10,Aggregation,0.457641,0.0503902435302734
Dask,Bank Marketing,2022.1.0,v2,10,Aggregation,0.462462,0.0511634349822998
Dask,Bank Marketing,2022.1.0,v2,10,Aggregation,0.436583,0.0474169254302978
Dask,Bank Marketing,2022.1.0,v2,10,Row/Column,0.477782,0.0523879528045654
Dask,Bank Marketing,2022.1.0,v2,10,I/O,0.045349,0.0046415328979492
Dask,Bank Marketing,2022.1.0,v2,10,I/O,2.923454,0.3175830841064453
Dask,Bank Marketing,2022.1.0,v2,10,I/O,1.32391,0.1522469520568847
Dask,Bank Marketing,2022.1.0,v2,10,I/O,1.142453,0.1296758651733398
Dask,Bank Marketing,2022.1.0,v2,10,Missing,0.008239,0.0010733604431152
Dask,Bank Marketing,2022.1.0,v2,10,Missing,0.034179,0.0046231746673583
Dask,Bank Marketing,2022.1.0,v2,10,Missing,0.029358,0.004150390625
Dask,Bank Marketing,2022.1.0,v2,10,Missing,0.008056,0.0012028217315673
Dask,Bank Marketing,2022.1.0,v2,10,Row/Column,0.032044,0.0042066574096679
Dask,Bank Marketing,2022.1.0,v2,10,Aggregation,0.004578,0.0003647804260253
Dask,Bank Marketing,2022.1.0,v2,10,Row/Column,0.118897,0.01466965675354
Dask,Bank Marketing,2022.1.0,v2,10,Row/Column,0.024536,0.0037305355072021
Dask,Bank Marketing,2022.1.0,v2,10,Row/Column,0.227479,0.027358055114746
Dask,Bank Marketing,2022.1.0,v2,10,Aggregation,0.634215,0.0655572414398193
Dask,Bank Marketing,2022.1.0,v2,10,Aggregation,0.469116,0.0512025356292724
Dask,Bank Marketing,2022.1.0,v2,10,Aggregation,0.45349,0.0492060184478759
Dask,Bank Marketing,2022.1.0,v2,10,Aggregation,0.460082,0.0510165691375732
Dask,Bank Marketing,2022.1.0,v2,10,Aggregation,0.43396,0.047020673751831
Dask,Bank Marketing,2022.1.0,v2,10,Row/Column,0.449829,0.0488312244415283
Dask,Bank Marketing,2022.1.0,v2,10,I/O,0.039063,0.0046002864837646
Dask,Bank Marketing,2022.1.0,v2,10,I/O,2.898919,0.3137872219085693
Dask,Bank Marketing,2022.1.0,v2,10,I/O,1.348569,0.1508905887603759
Dask,Bank Marketing,2022.1.0,v2,10,I/O,1.195004,0.1300909519195556
Dask,Bank Marketing,2022.1.0,v2,10,Missing,0.007384,0.0010571479797363
Dask,Bank Marketing,2022.1.0,v2,10,Missing,0.038329,0.0046405792236328
Dask,Bank Marketing,2022.1.0,v2,10,Missing,0.034118,0.0041680335998535
Dask,Bank Marketing,2022.1.0,v2,10,Missing,0.008179,0.0012049674987792
Dask,Bank Marketing,2022.1.0,v2,10,Row/Column,0.032715,0.0042297840118408
Dask,Bank Marketing,2022.1.0,v2,10,Aggregation,0.002686,0.0007266998291015
Dask,Bank Marketing,2022.1.0,v2,10,Row/Column,0.127625,0.0149738788604736
Dask,Bank Marketing,2022.1.0,v2,10,Row/Column,0.033202,0.0040819644927978
Dask,Bank Marketing,2022.1.0,v2,10,Row/Column,0.2312,0.0276899337768554
Dask,Bank Marketing,2022.1.0,v2,10,Aggregation,0.61749,0.0653488636016845
Dask,Bank Marketing,2022.1.0,v2,10,Aggregation,0.454039,0.0495250225067138
Dask,Bank Marketing,2022.1.0,v2,10,Aggregation,0.468564,0.0505716800689697
Dask,Bank Marketing,2022.1.0,v2,10,Aggregation,0.457396,0.0493299961090087
Dask,Bank Marketing,2022.1.0,v2,10,Aggregation,0.436949,0.0473072528839111
Dask,Bank Marketing,2022.1.0,v2,10,Row/Column,0.493162,0.0521678924560546
Dask,Bank Marketing,2025.1.0,v0,10,I/O,0.15918,0.0147664546966552
Dask,Bank Marketing,2025.1.0,v0,10,I/O,4.172841,0.4468955993652344
Dask,Bank Marketing,2025.1.0,v0,10,I/O,1.486751,0.1690993309020996
Dask,Bank Marketing,2025.1.0,v0,10,I/O,1.337399,0.1482641696929931
Dask,Bank Marketing,2025.1.0,v0,10,Missing,0.030457,0.0079672336578369
Dask,Bank Marketing,2025.1.0,v0,10,Missing,0.018616,0.0021290779113769
Dask,Bank Marketing,2025.1.0,v0,10,Missing,0.026184,0.008521556854248
Dask,Bank Marketing,2025.1.0,v0,10,Missing,0.00824,0.0009598731994628
Dask,Bank Marketing,2025.1.0,v0,10,Row/Column,0.028869,0.008350133895874
Dask,Bank Marketing,2025.1.0,v0,10,Aggregation,0.002685,0.0008454322814941
Dask,Bank Marketing,2025.1.0,v0,10,Row/Column,0.127197,0.0202608108520507
Dask,Bank Marketing,2025.1.0,v0,10,Row/Column,0.0,0.0007312297821044
Dask,Bank Marketing,2025.1.0,v0,10,Row/Column,0.143189,0.0221016407012939
Dask,Bank Marketing,2025.1.0,v0,10,Aggregation,0.872984,0.0911958217620849
Dask,Bank Marketing,2025.1.0,v0,10,Aggregation,0.529356,0.0562942028045654
Dask,Bank Marketing,2025.1.0,v0,10,Aggregation,0.576964,0.060694932937622
Dask,Bank Marketing,2025.1.0,v0,10,Aggregation,0.520934,0.0599443912506103
Dask,Bank Marketing,2025.1.0,v0,10,Aggregation,0.605834,0.0677173137664794
Dask,Bank Marketing,2025.1.0,v0,10,Row/Column,0.67932,0.0782251358032226
Dask,Bank Marketing,2025.1.0,v0,10,I/O,0.041259,0.0049316883087158
Dask,Bank Marketing,2025.1.0,v0,10,I/O,3.58892,0.3814709186553955
Dask,Bank Marketing,2025.1.0,v0,10,I/O,1.451169,0.1649532318115234
Dask,Bank Marketing,2025.1.0,v0,10,I/O,1.287473,0.1392378807067871
Dask,Bank Marketing,2025.1.0,v0,10,Missing,0.007385,0.0010206699371337
Dask,Bank Marketing,2025.1.0,v0,10,Missing,0.016602,0.0020990371704101
Dask,Bank Marketing,2025.1.0,v0,10,Missing,0.008362,0.0013496875762939
Dask,Bank Marketing,2025.1.0,v0,10,Missing,0.00824,0.000906229019165
Dask,Bank Marketing,2025.1.0,v0,10,Row/Column,0.009643,0.0013222694396972
Dask,Bank Marketing,2025.1.0,v0,10,Aggregation,0.0,0.0004651546478271
Dask,Bank Marketing,2025.1.0,v0,10,Row/Column,0.094604,0.0115795135498046
Dask,Bank Marketing,2025.1.0,v0,10,Row/Column,0.0,0.0007274150848388
Dask,Bank Marketing,2025.1.0,v0,10,Row/Column,0.115052,0.0140101909637451
Dask,Bank Marketing,2025.1.0,v0,10,Aggregation,0.91821,0.095665693283081
Dask,Bank Marketing,2025.1.0,v0,10,Aggregation,0.569518,0.0621569156646728
Dask,Bank Marketing,2025.1.0,v0,10,Aggregation,0.567016,0.0608754158020019
Dask,Bank Marketing,2025.1.0,v0,10,Aggregation,0.529539,0.0573310852050781
Dask,Bank Marketing,2025.1.0,v0,10,Aggregation,0.558287,0.059241771697998
Dask,Bank Marketing,2025.1.0,v0,10,Row/Column,0.666013,0.0707662105560302
Dask,Bank Marketing,2025.1.0,v0,10,I/O,0.044555,0.0049710273742675
Dask,Bank Marketing,2025.1.0,v0,10,I/O,3.610097,0.3858933448791504
Dask,Bank Marketing,2025.1.0,v0,10,I/O,1.405209,0.1546258926391601
Dask,Bank Marketing,2025.1.0,v0,10,I/O,1.259885,0.1407909393310547
Dask,Bank Marketing,2025.1.0,v0,10,Missing,0.009521,0.0010092258453369
Dask,Bank Marketing,2025.1.0,v0,10,Missing,0.015687,0.0020949840545654
Dask,Bank Marketing,2025.1.0,v0,10,Missing,0.00647,0.0013277530670166
Dask,Bank Marketing,2025.1.0,v0,10,Missing,0.007141,0.0009467601776123
Dask,Bank Marketing,2025.1.0,v0,10,Row/Column,0.003968,0.0012586116790771
Dask,Bank Marketing,2025.1.0,v0,10,Aggregation,0.0,0.0004427433013916
Dask,Bank Marketing,2025.1.0,v0,10,Row/Column,0.09198,0.0115256309509277
Dask,Bank Marketing,2025.1.0,v0,10,Row/Column,0.003662,0.0006821155548095
Dask,Bank Marketing,2025.1.0,v0,10,Row/Column,0.111693,0.0139203071594238
Dask,Bank Marketing,2025.1.0,v0,10,Aggregation,0.915158,0.0963878631591796
Dask,Bank Marketing,2025.1.0,v0,10,Aggregation,0.531553,0.0575876235961914
Dask,Bank Marketing,2025.1.0,v0,10,Aggregation,0.566588,0.0616042613983154
Dask,Bank Marketing,2025.1.0,v0,10,Aggregation,0.526854,0.0575911998748779
Dask,Bank Marketing,2025.1.0,v0,10,Aggregation,0.534545,0.0589196681976318
Dask,Bank Marketing,2025.1.0,v0,10,Row/Column,0.628965,0.0685892105102539
Dask,Bank Marketing,2025.1.0,v0,10,I/O,0.051208,0.0051424503326416
Dask,Bank Marketing,2025.1.0,v0,10,I/O,3.664908,0.3873209953308105
Dask,Bank Marketing,2025.1.0,v0,10,I/O,1.383115,0.1599066257476806
Dask,Bank Marketing,2025.1.0,v0,10,I/O,1.15881,0.1272644996643066
Dask,Bank Marketing,2025.1.0,v0,10,Missing,0.0,0.0006358623504638
Dask,Bank Marketing,2025.1.0,v0,10,Missing,0.008606,0.0017502307891845
Dask,Bank Marketing,2025.1.0,v0,10,Missing,0.008606,0.0009949207305908
Dask,Bank Marketing,2025.1.0,v0,10,Missing,0.0,0.0006027221679687
Dask,Bank Marketing,2025.1.0,v0,10,Row/Column,0.009095,0.0012438297271728
Dask,Bank Marketing,2025.1.0,v0,10,Aggregation,0.0,0.0004358291625976
Dask,Bank Marketing,2025.1.0,v0,10,Row/Column,0.095947,0.0114529132843017
Dask,Bank Marketing,2025.1.0,v0,10,Row/Column,0.0,0.0003900527954101
Dask,Bank Marketing,2025.1.0,v0,10,Row/Column,0.111755,0.0138325691223144
Dask,Bank Marketing,2025.1.0,v0,10,Aggregation,0.883055,0.0910761356353759
Dask,Bank Marketing,2025.1.0,v0,10,Aggregation,0.548887,0.0600745677947998
Dask,Bank Marketing,2025.1.0,v0,10,Aggregation,0.564878,0.0614252090454101
Dask,Bank Marketing,2025.1.0,v0,10,Aggregation,0.550414,0.0597586631774902
Dask,Bank Marketing,2025.1.0,v0,10,Aggregation,0.549254,0.0582480430603027
Dask,Bank Marketing,2025.1.0,v0,10,Row/Column,0.653441,0.0722558498382568
Dask,Bank Marketing,2025.1.0,v0,10,I/O,0.070983,0.0064244270324707
Dask,Bank Marketing,2025.1.0,v0,10,I/O,3.613943,0.3823654651641845
Dask,Bank Marketing,2025.1.0,v0,10,I/O,1.362545,0.1562628746032714
Dask,Bank Marketing,2025.1.0,v0,10,I/O,1.195797,0.1314780712127685
Dask,Bank Marketing,2025.1.0,v0,10,Missing,0.00177,0.000917911529541
Dask,Bank Marketing,2025.1.0,v0,10,Missing,0.016906,0.0020930767059326
Dask,Bank Marketing,2025.1.0,v0,10,Missing,0.009399,0.001213788986206
Dask,Bank Marketing,2025.1.0,v0,10,Missing,0.005737,0.0009586811065673
Dask,Bank Marketing,2025.1.0,v0,10,Row/Column,0.01062,0.0015571117401123
Dask,Bank Marketing,2025.1.0,v0,10,Aggregation,0.005431,0.0007445812225341
Dask,Bank Marketing,2025.1.0,v0,10,Row/Column,0.096375,0.0114731788635253
Dask,Bank Marketing,2025.1.0,v0,10,Row/Column,0.000855,0.0007355213165283
Dask,Bank Marketing,2025.1.0,v0,10,Row/Column,0.116638,0.0137879848480224
Dask,Bank Marketing,2025.1.0,v0,10,Aggregation,0.889708,0.0903961658477783
Dask,Bank Marketing,2025.1.0,v0,10,Aggregation,0.553099,0.0601325035095214
Dask,Bank Marketing,2025.1.0,v0,10,Aggregation,0.523925,0.0569324493408203
Dask,Bank Marketing,2025.1.0,v0,10,Aggregation,0.567687,0.0606448650360107
Dask,Bank Marketing,2025.1.0,v0,10,Aggregation,0.490599,0.0522174835205078
Dask,Bank Marketing,2025.1.0,v0,10,Row/Column,0.667357,0.0729806423187255
Dask,Bank Marketing,2025.1.0,v0,10,I/O,0.053712,0.0048766136169433
Dask,Bank Marketing,2025.1.0,v0,10,I/O,3.515433,0.3751258850097656
Dask,Bank Marketing,2025.1.0,v0,10,I/O,1.381589,0.158137559890747
Dask,Bank Marketing,2025.1.0,v0,10,I/O,1.304135,0.1454017162322998
Dask,Bank Marketing,2025.1.0,v0,10,Missing,0.003234,0.0009956359863281
Dask,Bank Marketing,2025.1.0,v0,10,Missing,0.016662,0.0020892620086669
Dask,Bank Marketing,2025.1.0,v0,10,Missing,0.00824,0.0013463497161865
Dask,Bank Marketing,2025.1.0,v0,10,Missing,0.0,0.0008702278137207
Dask,Bank Marketing,2025.1.0,v0,10,Row/Column,0.005065,0.001561164855957
Dask,Bank Marketing,2025.1.0,v0,10,Aggregation,0.004273,0.0006418228149414
Dask,Bank Marketing,2025.1.0,v0,10,Row/Column,0.101196,0.0115101337432861
Dask,Bank Marketing,2025.1.0,v0,10,Row/Column,0.0,0.0007507801055908
Dask,Bank Marketing,2025.1.0,v0,10,Row/Column,0.118714,0.013601541519165
Dask,Bank Marketing,2025.1.0,v0,10,Aggregation,0.876341,0.0904233455657959
Dask,Bank Marketing,2025.1.0,v0,10,Aggregation,0.516845,0.0553994178771972
Dask,Bank Marketing,2025.1.0,v0,10,Aggregation,0.578429,0.0631012916564941
Dask,Bank Marketing,2025.1.0,v0,10,Aggregation,0.511657,0.0551350116729736
Dask,Bank Marketing,2025.1.0,v0,10,Aggregation,0.496459,0.0537943840026855
Dask,Bank Marketing,2025.1.0,v0,10,Row/Column,0.621519,0.0660762786865234
Dask,Bank Marketing,2025.1.0,v0,10,I/O,0.051636,0.0051240921020507
Dask,Bank Marketing,2025.1.0,v0,10,I/O,3.549124,0.3788430690765381
Dask,Bank Marketing,2025.1.0,v0,10,I/O,1.52557,0.1730971336364746
Dask,Bank Marketing,2025.1.0,v0,10,I/O,1.257077,0.1367971897125244
Dask,Bank Marketing,2025.1.0,v0,10,Missing,0.002807,0.0009772777557373
Dask,Bank Marketing,2025.1.0,v0,10,Missing,0.014037,0.0021827220916748
Dask,Bank Marketing,2025.1.0,v0,10,Missing,0.003296,0.0013375282287597
Dask,Bank Marketing,2025.1.0,v0,10,Missing,0.0047,0.0009620189666748
Dask,Bank Marketing,2025.1.0,v0,10,Row/Column,0.004577,0.0015804767608642
Dask,Bank Marketing,2025.1.0,v0,10,Aggregation,0.003723,0.0008027553558349
Dask,Bank Marketing,2025.1.0,v0,10,Row/Column,0.092834,0.0116424560546875
Dask,Bank Marketing,2025.1.0,v0,10,Row/Column,0.0,0.0007474422454833
Dask,Bank Marketing,2025.1.0,v0,10,Row/Column,0.112304,0.0139107704162597
Dask,Bank Marketing,2025.1.0,v0,10,Aggregation,0.8952,0.0953454971313476
Dask,Bank Marketing,2025.1.0,v0,10,Aggregation,0.493225,0.0521936416625976
Dask,Bank Marketing,2025.1.0,v0,10,Aggregation,0.585021,0.0638008117675781
Dask,Bank Marketing,2025.1.0,v0,10,Aggregation,0.488402,0.0520267486572265
Dask,Bank Marketing,2025.1.0,v0,10,Aggregation,0.537047,0.0583574771881103
Dask,Bank Marketing,2025.1.0,v0,10,Row/Column,0.605895,0.0647673606872558
Dask,Bank Marketing,2025.1.0,v0,10,I/O,0.047485,0.0051510334014892
Dask,Bank Marketing,2025.1.0,v0,10,I/O,3.523672,0.3739087581634521
Dask,Bank Marketing,2025.1.0,v0,10,I/O,1.365048,0.1564493179321289
Dask,Bank Marketing,2025.1.0,v0,10,I/O,1.237362,0.1367425918579101
Dask,Bank Marketing,2025.1.0,v0,10,Missing,0.004639,0.0010082721710205
Dask,Bank Marketing,2025.1.0,v0,10,Missing,0.016663,0.0020899772644042
Dask,Bank Marketing,2025.1.0,v0,10,Missing,0.007751,0.0013346672058105
Dask,Bank Marketing,2025.1.0,v0,10,Missing,0.0,0.0007433891296386
Dask,Bank Marketing,2025.1.0,v0,10,Row/Column,0.004882,0.0014703273773193
Dask,Bank Marketing,2025.1.0,v0,10,Aggregation,0.0,0.0007147789001464
Dask,Bank Marketing,2025.1.0,v0,10,Row/Column,0.091674,0.0115909576416015
Dask,Bank Marketing,2025.1.0,v0,10,Row/Column,0.002014,0.0005803108215332
Dask,Bank Marketing,2025.1.0,v0,10,Row/Column,0.110717,0.0138225555419921
Dask,Bank Marketing,2025.1.0,v0,10,Aggregation,0.855955,0.0909850597381591
Dask,Bank Marketing,2025.1.0,v0,10,Aggregation,0.551696,0.0598318576812744
Dask,Bank Marketing,2025.1.0,v0,10,Aggregation,0.564269,0.0609114170074462
Dask,Bank Marketing,2025.1.0,v0,10,Aggregation,0.546507,0.0579476356506347
Dask,Bank Marketing,2025.1.0,v0,10,Aggregation,0.517637,0.0577657222747802
Dask,Bank Marketing,2025.1.0,v0,10,Row/Column,0.651793,0.0712192058563232
Dask,Bank Marketing,2025.1.0,v0,10,I/O,0.051086,0.0049526691436767
Dask,Bank Marketing,2025.1.0,v0,10,I/O,3.543753,0.380964994430542
Dask,Bank Marketing,2025.1.0,v0,10,I/O,1.364255,0.1567437648773193
Dask,Bank Marketing,2025.1.0,v0,10,I/O,1.307248,0.145463228225708
Dask,Bank Marketing,2025.1.0,v0,10,Missing,0.008362,0.0010111331939697
Dask,Bank Marketing,2025.1.0,v0,10,Missing,0.010924,0.0019044876098632
Dask,Bank Marketing,2025.1.0,v0,10,Missing,0.007813,0.001345157623291
Dask,Bank Marketing,2025.1.0,v0,10,Missing,0.007385,0.000969648361206
Dask,Bank Marketing,2025.1.0,v0,10,Row/Column,0.013366,0.0015654563903808
Dask,Bank Marketing,2025.1.0,v0,10,Aggregation,0.0,0.0006270408630371
Dask,Bank Marketing,2025.1.0,v0,10,Row/Column,0.09314,0.0115747451782226
Dask,Bank Marketing,2025.1.0,v0,10,Row/Column,0.001647,0.0007030963897705
Dask,Bank Marketing,2025.1.0,v0,10,Row/Column,0.117065,0.0139241218566894
Dask,Bank Marketing,2025.1.0,v0,10,Aggregation,0.867857,0.091055154800415
Dask,Bank Marketing,2025.1.0,v0,10,Aggregation,0.550903,0.0597543716430664
Dask,Bank Marketing,2025.1.0,v0,10,Aggregation,0.547362,0.0578963756561279
Dask,Bank Marketing,2025.1.0,v0,10,Aggregation,0.563841,0.0605320930480957
Dask,Bank Marketing,2025.1.0,v0,10,Aggregation,0.51306,0.0543019771575927
Dask,Bank Marketing,2025.1.0,v0,10,Row/Column,0.656493,0.0724074840545654
Dask,Bank Marketing,2025.1.0,v0,10,I/O,0.053101,0.0048694610595703
Dask,Bank Marketing,2025.1.0,v0,10,I/O,3.563101,0.3730504512786865
Dask,Bank Marketing,2025.1.0,v0,10,I/O,1.381405,0.1557605266571045
Dask,Bank Marketing,2025.1.0,v0,10,I/O,1.236997,0.1358218193054199
Dask,Bank Marketing,2025.1.0,v0,10,Missing,0.007935,0.0009989738464355
Dask,Bank Marketing,2025.1.0,v0,10,Missing,0.014893,0.0020551681518554
Dask,Bank Marketing,2025.1.0,v0,10,Missing,0.010316,0.0013380050659179
Dask,Bank Marketing,2025.1.0,v0,10,Missing,0.007812,0.0009443759918212
Dask,Bank Marketing,2025.1.0,v0,10,Row/Column,0.007934,0.0015585422515869
Dask,Bank Marketing,2025.1.0,v0,10,Aggregation,0.004212,0.0007863044738769
Dask,Bank Marketing,2025.1.0,v0,10,Row/Column,0.092224,0.0114781856536865
Dask,Bank Marketing,2025.1.0,v0,10,Row/Column,0.0,0.0007281303405761
Dask,Bank Marketing,2025.1.0,v0,10,Row/Column,0.113343,0.0136301517486572
Dask,Bank Marketing,2025.1.0,v0,10,Aggregation,0.872313,0.0897021293640136
Dask,Bank Marketing,2025.1.0,v0,10,Aggregation,0.533018,0.0579493045806884
Dask,Bank Marketing,2025.1.0,v0,10,Aggregation,0.586242,0.063180923461914
Dask,Bank Marketing,2025.1.0,v0,10,Aggregation,0.527037,0.0575926303863525
Dask,Bank Marketing,2025.1.0,v0,10,Aggregation,0.494872,0.0538208484649658
Dask,Bank Marketing,2025.1.0,v0,10,Row/Column,0.633422,0.0703282356262207
Dask,US Census 1990,2024.8.0,v1,10,I/O,0.172791,0.01802659034729
Dask,US Census 1990,2024.8.0,v1,10,I/O,618.650516,69.31274390220642
Dask,US Census 1990,2024.8.0,v1,10,I/O,245.470136,24.467355489730835
Dask,US Census 1990,2024.8.0,v1,10,I/O,245.831829,26.100617170333862
Dask,US Census 1990,2024.8.0,v1,10,Missing,0.008116,0.0009784698486328
Dask,US Census 1990,2024.8.0,v1,10,Missing,0.027954,0.0080049037933349
Dask,US Census 1990,2024.8.0,v1,10,Missing,0.0,0.0004496574401855
Dask,US Census 1990,2024.8.0,v1,10,Missing,0.0,0.0006041526794433
Dask,US Census 1990,2024.8.0,v1,10,Row/Column,0.032166,0.0109736919403076
Dask,US Census 1990,2024.8.0,v1,10,Aggregation,0.001709,0.0008397102355957
Dask,US Census 1990,2024.8.0,v1,10,Row/Column,0.091492,0.0106117725372314
Dask,US Census 1990,2024.8.0,v1,10,Row/Column,0.003662,0.0007474422454833
Dask,US Census 1990,2024.8.0,v1,10,Row/Column,0.280517,0.0416910648345947
Dask,US Census 1990,2024.8.0,v1,10,Aggregation,61.278347,2.280406951904297
Dask,US Census 1990,2024.8.0,v1,10,Aggregation,16.120747,0.6464855670928955
Dask,US Census 1990,2024.8.0,v1,10,Aggregation,16.366169,0.6624834537506104
Dask,US Census 1990,2024.8.0,v1,10,Aggregation,16.393696,0.652503490447998
Dask,US Census 1990,2024.8.0,v1,10,Aggregation,16.54018,0.6641058921813965
Dask,US Census 1990,2024.8.0,v1,10,Row/Column,17.512284,0.7523002624511719
Dask,US Census 1990,2024.8.0,v1,10,I/O,0.0,0.0004692077636718
Dask,US Census 1990,2024.8.0,v1,10,I/O,614.766126,69.29016137123108
Dask,US Census 1990,2024.8.0,v1,10,I/O,247.589027,24.473172426223755
Dask,US Census 1990,2024.8.0,v1,10,I/O,249.324863,26.673080444335938
Dask,US Census 1990,2024.8.0,v1,10,Missing,0.00177,0.0009782314300537
Dask,US Census 1990,2024.8.0,v1,10,Missing,0.00824,0.0013895034790039
Dask,US Census 1990,2024.8.0,v1,10,Missing,0.0,0.0007963180541992
Dask,US Census 1990,2024.8.0,v1,10,Missing,0.001648,0.0009651184082031
Dask,US Census 1990,2024.8.0,v1,10,Row/Column,0.007691,0.0012600421905517
Dask,US Census 1990,2024.8.0,v1,10,Aggregation,0.0,0.0008018016815185
Dask,US Census 1990,2024.8.0,v1,10,Row/Column,0.088256,0.0108215808868408
Dask,US Census 1990,2024.8.0,v1,10,Row/Column,0.0,0.0007023811340332
Dask,US Census 1990,2024.8.0,v1,10,Row/Column,0.235718,0.0275065898895263
Dask,US Census 1990,2024.8.0,v1,10,Aggregation,56.955664,2.109254837036133
Dask,US Census 1990,2024.8.0,v1,10,Aggregation,16.389912,0.6680691242218018
Dask,US Census 1990,2024.8.0,v1,10,Aggregation,16.446674,0.6677577495574951
Dask,US Census 1990,2024.8.0,v1,10,Aggregation,16.539814,0.6735637187957764
Dask,US Census 1990,2024.8.0,v1,10,Aggregation,16.534809,0.6649346351623535
Dask,US Census 1990,2024.8.0,v1,10,Row/Column,17.295793,0.7254114151000977
Dask,US Census 1990,2024.8.0,v1,10,I/O,0.0,0.0005748271942138
Dask,US Census 1990,2024.8.0,v1,10,I/O,628.644509,69.60083866119385
Dask,US Census 1990,2024.8.0,v1,10,I/O,248.094763,24.51582646369934
Dask,US Census 1990,2024.8.0,v1,10,I/O,252.786768,26.95547223091125
Dask,US Census 1990,2024.8.0,v1,10,Missing,0.00116,0.0005877017974853
Dask,US Census 1990,2024.8.0,v1,10,Missing,0.007385,0.0010793209075927
Dask,US Census 1990,2024.8.0,v1,10,Missing,0.002868,0.0004303455352783
Dask,US Census 1990,2024.8.0,v1,10,Missing,0.005005,0.0005998611450195
Dask,US Census 1990,2024.8.0,v1,10,Row/Column,0.007873,0.0012226104736328
Dask,US Census 1990,2024.8.0,v1,10,Aggregation,0.0,0.0007100105285644
Dask,US Census 1990,2024.8.0,v1,10,Row/Column,0.088013,0.0104737281799316
Dask,US Census 1990,2024.8.0,v1,10,Row/Column,0.0,0.0005967617034912
Dask,US Census 1990,2024.8.0,v1,10,Row/Column,0.240355,0.0269663333892822
Dask,US Census 1990,2024.8.0,v1,10,Aggregation,56.933508,2.086740255355835
Dask,US Census 1990,2024.8.0,v1,10,Aggregation,16.318439,0.6412246227264404
Dask,US Census 1990,2024.8.0,v1,10,Aggregation,16.224018,0.6264593601226807
Dask,US Census 1990,2024.8.0,v1,10,Aggregation,16.140828,0.619361400604248
Dask,US Census 1990,2024.8.0,v1,10,Aggregation,16.305195,0.6263744831085205
Dask,US Census 1990,2024.8.0,v1,10,Row/Column,17.052752,0.6906342506408691
Dask,US Census 1990,2024.8.0,v1,10,I/O,0.0,0.0003612041473388
Dask,US Census 1990,2024.8.0,v1,10,I/O,633.385891,69.74826097488403
Dask,US Census 1990,2024.8.0,v1,10,I/O,247.616127,24.79299020767212
Dask,US Census 1990,2024.8.0,v1,10,I/O,254.762104,26.90961742401123
Dask,US Census 1990,2024.8.0,v1,10,Missing,0.002686,0.0006380081176757
Dask,US Census 1990,2024.8.0,v1,10,Missing,0.00293,0.0011212825775146
Dask,US Census 1990,2024.8.0,v1,10,Missing,0.00116,0.0004916191101074
Dask,US Census 1990,2024.8.0,v1,10,Missing,0.0,0.0006377696990966
Dask,US Census 1990,2024.8.0,v1,10,Row/Column,0.008484,0.0012259483337402
Dask,US Census 1990,2024.8.0,v1,10,Aggregation,0.001586,0.0008339881896972
Dask,US Census 1990,2024.8.0,v1,10,Row/Column,0.087159,0.0105462074279785
Dask,US Census 1990,2024.8.0,v1,10,Row/Column,0.0,0.0007495880126953
Dask,US Census 1990,2024.8.0,v1,10,Row/Column,0.22882,0.0266268253326416
Dask,US Census 1990,2024.8.0,v1,10,Aggregation,56.711037,2.0324318408966064
Dask,US Census 1990,2024.8.0,v1,10,Aggregation,16.197774,0.6375021934509277
Dask,US Census 1990,2024.8.0,v1,10,Aggregation,16.227802,0.6253879070281982
Dask,US Census 1990,2024.8.0,v1,10,Aggregation,16.259847,0.6419949531555176
Dask,US Census 1990,2024.8.0,v1,10,Aggregation,16.091023,0.6268913745880127
Dask,US Census 1990,2024.8.0,v1,10,Row/Column,16.956866,0.6881422996520996
Dask,US Census 1990,2024.8.0,v1,10,I/O,0.0,0.0003273487091064
Dask,US Census 1990,2024.8.0,v1,10,I/O,632.757474,69.18558955192566
Dask,US Census 1990,2024.8.0,v1,10,I/O,251.877102,24.53012180328369
Dask,US Census 1990,2024.8.0,v1,10,I/O,254.466878,26.93479895591736
Dask,US Census 1990,2024.8.0,v1,10,Missing,0.002746,0.0005855560302734
Dask,US Census 1990,2024.8.0,v1,10,Missing,0.007019,0.0010945796966552
Dask,US Census 1990,2024.8.0,v1,10,Missing,0.0,0.0004408359527587
Dask,US Census 1990,2024.8.0,v1,10,Missing,0.0,0.000603437423706
Dask,US Census 1990,2024.8.0,v1,10,Row/Column,0.0,0.0009050369262695
Dask,US Census 1990,2024.8.0,v1,10,Aggregation,0.00293,0.0004539489746093
Dask,US Census 1990,2024.8.0,v1,10,Row/Column,0.088256,0.0103604793548583
Dask,US Census 1990,2024.8.0,v1,10,Row/Column,0.001282,0.0003786087036132
Dask,US Census 1990,2024.8.0,v1,10,Row/Column,0.231995,0.0269575119018554
Dask,US Census 1990,2024.8.0,v1,10,Aggregation,56.966467,2.129844903945923
Dask,US Census 1990,2024.8.0,v1,10,Aggregation,16.477741,0.6518383026123047
Dask,US Census 1990,2024.8.0,v1,10,Aggregation,16.263569,0.6296238899230957
Dask,US Census 1990,2024.8.0,v1,10,Aggregation,16.254902,0.6444242000579834
Dask,US Census 1990,2024.8.0,v1,10,Aggregation,15.974995,0.5984203815460205
Dask,US Census 1990,2024.8.0,v1,10,Row/Column,16.935443,0.6774888038635254
Dask,US Census 1990,2024.8.0,v1,10,I/O,0.17157,0.0167675018310546
Dask,US Census 1990,2024.8.0,v1,10,I/O,624.494678,68.91022038459778
Dask,US Census 1990,2024.8.0,v1,10,I/O,250.387665,24.47394037246704
Dask,US Census 1990,2024.8.0,v1,10,I/O,245.975078,25.538426876068115
Dask,US Census 1990,2024.8.0,v1,10,Missing,0.00171,0.0009839534759521
Dask,US Census 1990,2024.8.0,v1,10,Missing,0.023437,0.0085127353668212
Dask,US Census 1990,2024.8.0,v1,10,Missing,0.00714,0.0007164478302001
Dask,US Census 1990,2024.8.0,v1,10,Missing,0.007324,0.000953197479248
Dask,US Census 1990,2024.8.0,v1,10,Row/Column,0.042907,0.0123214721679687
Dask,US Census 1990,2024.8.0,v1,10,Aggregation,0.001648,0.0008542537689208
Dask,US Census 1990,2024.8.0,v1,10,Row/Column,0.088745,0.0109190940856933
Dask,US Census 1990,2024.8.0,v1,10,Row/Column,0.006897,0.0007598400115966
Dask,US Census 1990,2024.8.0,v1,10,Row/Column,0.279845,0.0371098518371582
Dask,US Census 1990,2024.8.0,v1,10,Aggregation,62.133081,2.25446891784668
Dask,US Census 1990,2024.8.0,v1,10,Aggregation,15.869039,0.6165521144866943
Dask,US Census 1990,2024.8.0,v1,10,Aggregation,16.26479,0.6475613117218018
Dask,US Census 1990,2024.8.0,v1,10,Aggregation,16.222249,0.6375753879547119
Dask,US Census 1990,2024.8.0,v1,10,Aggregation,16.16042,0.6357181072235107
Dask,US Census 1990,2024.8.0,v1,10,Row/Column,16.960832,0.7177531719207764
Dask,US Census 1990,2024.8.0,v1,10,I/O,0.011658,0.0004386901855468
Dask,US Census 1990,2024.8.0,v1,10,I/O,624.44463,69.42168736457825
Dask,US Census 1990,2024.8.0,v1,10,I/O,246.607584,24.548499584198
Dask,US Census 1990,2024.8.0,v1,10,I/O,251.400358,26.20730757713318
Dask,US Census 1990,2024.8.0,v1,10,Missing,0.005005,0.0009710788726806
Dask,US Census 1990,2024.8.0,v1,10,Missing,0.005677,0.0012838840484619
Dask,US Census 1990,2024.8.0,v1,10,Missing,0.008056,0.0007929801940917
Dask,US Census 1990,2024.8.0,v1,10,Missing,0.004028,0.0009500980377197
Dask,US Census 1990,2024.8.0,v1,10,Row/Column,0.003357,0.0011529922485351
Dask,US Census 1990,2024.8.0,v1,10,Aggregation,0.001465,0.0006372928619384
Dask,US Census 1990,2024.8.0,v1,10,Row/Column,0.094849,0.0107429027557373
Dask,US Census 1990,2024.8.0,v1,10,Row/Column,0.001648,0.0005886554718017
Dask,US Census 1990,2024.8.0,v1,10,Row/Column,0.22943,0.0271198749542236
Dask,US Census 1990,2024.8.0,v1,10,Aggregation,56.904884,2.1023294925689697
Dask,US Census 1990,2024.8.0,v1,10,Aggregation,16.258808,0.6467738151550293
Dask,US Census 1990,2024.8.0,v1,10,Aggregation,16.246418,0.6529021263122559
Dask,US Census 1990,2024.8.0,v1,10,Aggregation,16.045492,0.6293454170227051
Dask,US Census 1990,2024.8.0,v1,10,Aggregation,16.156575,0.643768310546875
Dask,US Census 1990,2024.8.0,v1,10,Row/Column,16.954241,0.7004859447479248
Dask,US Census 1990,2024.8.0,v1,10,I/O,0.001464,0.0005781650543212
Dask,US Census 1990,2024.8.0,v1,10,I/O,637.750992,69.97237920761108
Dask,US Census 1990,2024.8.0,v1,10,I/O,255.558001,24.53329825401306
Dask,US Census 1990,2024.8.0,v1,10,I/O,246.86741,25.44368076324463
Dask,US Census 1990,2024.8.0,v1,10,Missing,0.0,0.0006346702575683
Dask,US Census 1990,2024.8.0,v1,10,Missing,0.008362,0.0011699199676513
Dask,US Census 1990,2024.8.0,v1,10,Missing,0.0,0.0005075931549072
Dask,US Census 1990,2024.8.0,v1,10,Missing,0.0,0.0006542205810546
Dask,US Census 1990,2024.8.0,v1,10,Row/Column,0.002626,0.0012323856353759
Dask,US Census 1990,2024.8.0,v1,10,Aggregation,0.004455,0.0008268356323242
Dask,US Census 1990,2024.8.0,v1,10,Row/Column,0.088989,0.0105054378509521
Dask,US Census 1990,2024.8.0,v1,10,Row/Column,0.00171,0.0007357597351074
Dask,US Census 1990,2024.8.0,v1,10,Row/Column,0.235107,0.0267529487609863
Dask,US Census 1990,2024.8.0,v1,10,Aggregation,57.355322,2.0899133682250977
Dask,US Census 1990,2024.8.0,v1,10,Aggregation,16.402913,0.6474249362945557
Dask,US Census 1990,2024.8.0,v1,10,Aggregation,16.574787,0.6713602542877197
Dask,US Census 1990,2024.8.0,v1,10,Aggregation,16.069905,0.6230285167694092
Dask,US Census 1990,2024.8.0,v1,10,Aggregation,16.065205,0.6206176280975342
Dask,US Census 1990,2024.8.0,v1,10,Row/Column,16.782856,0.6800951957702637
Dask,US Census 1990,2024.8.0,v1,10,I/O,0.0,0.000370979309082
Dask,US Census 1990,2024.8.0,v1,10,I/O,626.570906,69.43626928329468
Dask,US Census 1990,2024.8.0,v1,10,I/O,248.376012,24.74394726753235
Dask,US Census 1990,2024.8.0,v1,10,I/O,244.351365,25.744203090667725
Dask,US Census 1990,2024.8.0,v1,10,Missing,0.001709,0.0009381771087646
Dask,US Census 1990,2024.8.0,v1,10,Missing,0.008728,0.0014431476593017
Dask,US Census 1990,2024.8.0,v1,10,Missing,0.0,0.0007276535034179
Dask,US Census 1990,2024.8.0,v1,10,Missing,0.0,0.0008611679077148
Dask,US Census 1990,2024.8.0,v1,10,Row/Column,0.007507,0.0009512901306152
Dask,US Census 1990,2024.8.0,v1,10,Aggregation,0.007752,0.0005278587341308
Dask,US Census 1990,2024.8.0,v1,10,Row/Column,0.087219,0.0102725028991699
Dask,US Census 1990,2024.8.0,v1,10,Row/Column,0.0,0.0003798007965087
Dask,US Census 1990,2024.8.0,v1,10,Row/Column,0.22351,0.0268738269805908
Dask,US Census 1990,2024.8.0,v1,10,Aggregation,55.599467,2.019325017929077
Dask,US Census 1990,2024.8.0,v1,10,Aggregation,16.181234,0.6441929340362549
Dask,US Census 1990,2024.8.0,v1,10,Aggregation,15.982748,0.6257333755493164
Dask,US Census 1990,2024.8.0,v1,10,Aggregation,15.986531,0.6117901802062988
Dask,US Census 1990,2024.8.0,v1,10,Aggregation,15.941548,0.6074464321136475
Dask,US Census 1990,2024.8.0,v1,10,Row/Column,16.686297,0.6694872379302979
Dask,US Census 1990,2024.8.0,v1,10,I/O,0.0,0.0003461837768554
Dask,US Census 1990,2024.8.0,v1,10,I/O,629.900731,70.4621160030365
Dask,US Census 1990,2024.8.0,v1,10,I/O,253.778403,25.168298482894897
Dask,US Census 1990,2024.8.0,v1,10,I/O,243.737901,25.816038608551025
Dask,US Census 1990,2024.8.0,v1,10,Missing,0.001281,0.0005888938903808
Dask,US Census 1990,2024.8.0,v1,10,Missing,0.005982,0.0010914802551269
Dask,US Census 1990,2024.8.0,v1,10,Missing,0.005066,0.0004384517669677
Dask,US Census 1990,2024.8.0,v1,10,Missing,0.0,0.0006022453308105
Dask,US Census 1990,2024.8.0,v1,10,Row/Column,0.0,0.0009105205535888
Dask,US Census 1990,2024.8.0,v1,10,Aggregation,0.002869,0.000460147857666
Dask,US Census 1990,2024.8.0,v1,10,Row/Column,0.084778,0.0103089809417724
Dask,US Census 1990,2024.8.0,v1,10,Row/Column,0.002563,0.0003778934478759
Dask,US Census 1990,2024.8.0,v1,10,Row/Column,0.225829,0.0267958641052246
Dask,US Census 1990,2024.8.0,v1,10,Aggregation,55.500347,2.041260004043579
Dask,US Census 1990,2024.8.0,v1,10,Aggregation,16.069905,0.6288917064666748
Dask,US Census 1990,2024.8.0,v1,10,Aggregation,16.23995,0.6464071273803711
Dask,US Census 1990,2024.8.0,v1,10,Aggregation,16.405536,0.6635622978210449
Dask,US Census 1990,2024.8.0,v1,10,Aggregation,16.426411,0.6616196632385254
Dask,US Census 1990,2024.8.0,v1,10,Row/Column,17.020709,0.7015523910522461
Dask,US Census 1990,2022.1.0,v2,10,I/O,0.174926,0.0180151462554931
Dask,US Census 1990,2022.1.0,v2,10,I/O,668.545347,73.91222214698792
Dask,US Census 1990,2022.1.0,v2,10,I/O,196.08275,19.007332801818848
Dask,US Census 1990,2022.1.0,v2,10,I/O,237.684754,25.52735209465027
Dask,US Census 1990,2022.1.0,v2,10,Missing,0.014038,0.0013601779937744
Dask,US Census 1990,2022.1.0,v2,10,Missing,0.103027,0.0166139602661132
Dask,US Census 1990,2022.1.0,v2,10,Missing,0.069396,0.0085608959197998
Dask,US Census 1990,2022.1.0,v2,10,Missing,0.005066,0.0015041828155517
Dask,US Census 1990,2022.1.0,v2,10,Row/Column,0.095397,0.0149397850036621
Dask,US Census 1990,2022.1.0,v2,10,Aggregation,0.0,0.0007622241973876
Dask,US Census 1990,2022.1.0,v2,10,Row/Column,0.301391,0.0398976802825927
Dask,US Census 1990,2022.1.0,v2,10,Row/Column,76.147815,2.896057605743408
Dask,US Census 1990,2022.1.0,v2,10,Row/Column,1.326718,0.1583325862884521
Dask,US Census 1990,2022.1.0,v2,10,Aggregation,57.290868,2.0846681594848637
Dask,US Census 1990,2022.1.0,v2,10,Aggregation,15.529684,0.5827605724334717
Dask,US Census 1990,2022.1.0,v2,10,Aggregation,15.501182,0.5822932720184326
Dask,US Census 1990,2022.1.0,v2,10,Aggregation,15.23397,0.5519473552703857
Dask,US Census 1990,2022.1.0,v2,10,Aggregation,15.432394,0.5698807239532471
Dask,US Census 1990,2022.1.0,v2,10,Row/Column,15.474326,0.5731227397918701
Dask,US Census 1990,2022.1.0,v2,10,I/O,0.089661,0.0096094608306884
Dask,US Census 1990,2022.1.0,v2,10,I/O,672.315967,74.8906774520874
Dask,US Census 1990,2022.1.0,v2,10,I/O,194.534353,18.90891027450561
Dask,US Census 1990,2022.1.0,v2,10,I/O,240.168025,25.540419816970825
Dask,US Census 1990,2022.1.0,v2,10,Missing,0.004517,0.0012166500091552
Dask,US Census 1990,2022.1.0,v2,10,Missing,0.075439,0.0089833736419677
Dask,US Census 1990,2022.1.0,v2,10,Missing,0.069396,0.0082836151123046
Dask,US Census 1990,2022.1.0,v2,10,Missing,0.007202,0.0014541149139404
Dask,US Census 1990,2022.1.0,v2,10,Row/Column,0.063843,0.0082051753997802
Dask,US Census 1990,2022.1.0,v2,10,Aggregation,0.0,0.0003848075866699
Dask,US Census 1990,2022.1.0,v2,10,Row/Column,0.279052,0.0324106216430664
Dask,US Census 1990,2022.1.0,v2,10,Row/Column,70.309146,2.554694414138794
Dask,US Census 1990,2022.1.0,v2,10,Row/Column,1.302425,0.1506233215332031
Dask,US Census 1990,2022.1.0,v2,10,Aggregation,55.280925,1.9937191009521484
Dask,US Census 1990,2022.1.0,v2,10,Aggregation,15.18215,0.5420775413513184
Dask,US Census 1990,2022.1.0,v2,10,Aggregation,15.182028,0.5520074367523193
Dask,US Census 1990,2022.1.0,v2,10,Aggregation,15.046775,0.5457279682159424
Dask,US Census 1990,2022.1.0,v2,10,Aggregation,15.05233,0.5421469211578369
Dask,US Census 1990,2022.1.0,v2,10,Row/Column,15.139732,0.539710521697998
Dask,US Census 1990,2022.1.0,v2,10,I/O,0.103516,0.0095853805541992
Dask,US Census 1990,2022.1.0,v2,10,I/O,703.765593,77.5643801689148
Dask,US Census 1990,2022.1.0,v2,10,I/O,192.340755,19.33592653274536
Dask,US Census 1990,2022.1.0,v2,10,I/O,237.103946,25.67404294013977
Dask,US Census 1990,2022.1.0,v2,10,Missing,0.047974,0.0091674327850341
Dask,US Census 1990,2022.1.0,v2,10,Missing,0.134155,0.0244712829589843
Dask,US Census 1990,2022.1.0,v2,10,Missing,0.073364,0.0162558555603027
Dask,US Census 1990,2022.1.0,v2,10,Missing,0.013915,0.0020093917846679
Dask,US Census 1990,2022.1.0,v2,10,Row/Column,0.085632,0.0190215110778808
Dask,US Census 1990,2022.1.0,v2,10,Aggregation,0.064758,0.0175251960754394
Dask,US Census 1990,2022.1.0,v2,10,Row/Column,0.292236,0.0355041027069091
Dask,US Census 1990,2022.1.0,v2,10,Row/Column,72.079468,2.7149429321289062
Dask,US Census 1990,2022.1.0,v2,10,Row/Column,1.314085,0.159391164779663
Dask,US Census 1990,2022.1.0,v2,10,Aggregation,58.217319,2.2987260818481445
Dask,US Census 1990,2022.1.0,v2,10,Aggregation,15.118492,0.5442941188812256
Dask,US Census 1990,2022.1.0,v2,10,Aggregation,15.284263,0.5651726722717285
Dask,US Census 1990,2022.1.0,v2,10,Aggregation,15.127707,0.5395839214324951
Dask,US Census 1990,2022.1.0,v2,10,Aggregation,14.984092,0.5405540466308594
Dask,US Census 1990,2022.1.0,v2,10,Row/Column,15.134665,0.5511209964752197
Dask,US Census 1990,2022.1.0,v2,10,I/O,0.084472,0.0098040103912353
Dask,US Census 1990,2022.1.0,v2,10,I/O,683.757039,77.16894721984863
Dask,US Census 1990,2022.1.0,v2,10,I/O,193.863761,18.96394968032837
Dask,US Census 1990,2022.1.0,v2,10,I/O,236.228033,25.661177158355716
Dask,US Census 1990,2022.1.0,v2,10,Missing,0.007935,0.0014045238494873
Dask,US Census 1990,2022.1.0,v2,10,Missing,0.076843,0.0090386867523193
Dask,US Census 1990,2022.1.0,v2,10,Missing,0.068359,0.0083315372467041
Dask,US Census 1990,2022.1.0,v2,10,Missing,0.007203,0.0014388561248779
Dask,US Census 1990,2022.1.0,v2,10,Row/Column,0.068055,0.0085775852203369
Dask,US Census 1990,2022.1.0,v2,10,Aggregation,0.0,0.0007450580596923
Dask,US Census 1990,2022.1.0,v2,10,Row/Column,0.279112,0.0320994853973388
Dask,US Census 1990,2022.1.0,v2,10,Row/Column,70.262087,2.5234806537628174
Dask,US Census 1990,2022.1.0,v2,10,Row/Column,1.267514,0.1471366882324218
Dask,US Census 1990,2022.1.0,v2,10,Aggregation,54.710126,1.9722492694854736
Dask,US Census 1990,2022.1.0,v2,10,Aggregation,15.068321,0.5386266708374023
Dask,US Census 1990,2022.1.0,v2,10,Aggregation,15.142417,0.5409846305847168
Dask,US Census 1990,2022.1.0,v2,10,Aggregation,15.282309,0.55869460105896
Dask,US Census 1990,2022.1.0,v2,10,Aggregation,15.281638,0.5556025505065918
Dask,US Census 1990,2022.1.0,v2,10,Row/Column,15.332908,0.5557153224945068
Dask,US Census 1990,2022.1.0,v2,10,I/O,0.091492,0.0093705654144287
Dask,US Census 1990,2022.1.0,v2,10,I/O,664.285592,73.22189497947693
Dask,US Census 1990,2022.1.0,v2,10,I/O,194.630117,18.99045753479004
Dask,US Census 1990,2022.1.0,v2,10,I/O,237.526918,25.657963514328003
Dask,US Census 1990,2022.1.0,v2,10,Missing,0.005738,0.0013720989227294
Dask,US Census 1990,2022.1.0,v2,10,Missing,0.076598,0.0089442729949951
Dask,US Census 1990,2022.1.0,v2,10,Missing,0.073242,0.0082106590270996
Dask,US Census 1990,2022.1.0,v2,10,Missing,0.007263,0.0014131069183349
Dask,US Census 1990,2022.1.0,v2,10,Row/Column,0.068176,0.0084443092346191
Dask,US Census 1990,2022.1.0,v2,10,Aggregation,0.005432,0.0007388591766357
Dask,US Census 1990,2022.1.0,v2,10,Row/Column,0.271301,0.0317027568817138
Dask,US Census 1990,2022.1.0,v2,10,Row/Column,69.762578,2.553419589996338
Dask,US Census 1990,2022.1.0,v2,10,Row/Column,1.252194,0.1443819999694824
Dask,US Census 1990,2022.1.0,v2,10,Aggregation,54.480818,1.970273494720459
Dask,US Census 1990,2022.1.0,v2,10,Aggregation,15.159385,0.5415797233581543
Dask,US Census 1990,2022.1.0,v2,10,Aggregation,15.305015,0.5706515312194824
Dask,US Census 1990,2022.1.0,v2,10,Aggregation,15.320213,0.5568032264709473
Dask,US Census 1990,2022.1.0,v2,10,Aggregation,15.09066,0.542604923248291
Dask,US Census 1990,2022.1.0,v2,10,Row/Column,15.294333,0.5579297542572021
Dask,US Census 1990,2022.1.0,v2,10,I/O,0.097656,0.0103938579559326
Dask,US Census 1990,2022.1.0,v2,10,I/O,667.617188,74.33732438087463
Dask,US Census 1990,2022.1.0,v2,10,I/O,195.230213,19.034941911697388
Dask,US Census 1990,2022.1.0,v2,10,I/O,241.0216,25.62757539749145
Dask,US Census 1990,2022.1.0,v2,10,Missing,0.008484,0.0013396739959716
Dask,US Census 1990,2022.1.0,v2,10,Missing,0.077453,0.008958101272583
Dask,US Census 1990,2022.1.0,v2,10,Missing,0.069519,0.0082156658172607
Dask,US Census 1990,2022.1.0,v2,10,Missing,0.008301,0.0014309883117675
Dask,US Census 1990,2022.1.0,v2,10,Row/Column,0.068542,0.0086574554443359
Dask,US Census 1990,2022.1.0,v2,10,Aggregation,0.0,0.0007383823394775
Dask,US Census 1990,2022.1.0,v2,10,Row/Column,0.270935,0.0315735340118408
Dask,US Census 1990,2022.1.0,v2,10,Row/Column,70.49982,2.546225309371948
Dask,US Census 1990,2022.1.0,v2,10,Row/Column,1.257259,0.145864725112915
Dask,US Census 1990,2022.1.0,v2,10,Aggregation,54.442121,1.9559292793273928
Dask,US Census 1990,2022.1.0,v2,10,Aggregation,15.043175,0.5419363975524902
Dask,US Census 1990,2022.1.0,v2,10,Aggregation,15.052879,0.5425121784210205
Dask,US Census 1990,2022.1.0,v2,10,Aggregation,15.108421,0.5399653911590576
Dask,US Census 1990,2022.1.0,v2,10,Aggregation,15.119041,0.5391595363616943
Dask,US Census 1990,2022.1.0,v2,10,Row/Column,15.160667,0.5421650409698486
Dask,US Census 1990,2022.1.0,v2,10,I/O,0.092591,0.0098609924316406
Dask,US Census 1990,2022.1.0,v2,10,I/O,668.674314,74.70643997192383
Dask,US Census 1990,2022.1.0,v2,10,I/O,197.015182,19.09094977378845
Dask,US Census 1990,2022.1.0,v2,10,I/O,239.367063,25.626310110092163
Dask,US Census 1990,2022.1.0,v2,10,Missing,0.009644,0.0011496543884277
Dask,US Census 1990,2022.1.0,v2,10,Missing,0.077149,0.0091304779052734
Dask,US Census 1990,2022.1.0,v2,10,Missing,0.068726,0.0083465576171875
Dask,US Census 1990,2022.1.0,v2,10,Missing,0.008728,0.0015056133270263
Dask,US Census 1990,2022.1.0,v2,10,Row/Column,0.069642,0.008629560470581
Dask,US Census 1990,2022.1.0,v2,10,Aggregation,0.0,0.0007908344268798
Dask,US Census 1990,2022.1.0,v2,10,Row/Column,0.274047,0.0321290493011474
Dask,US Census 1990,2022.1.0,v2,10,Row/Column,69.275518,2.5360653400421143
Dask,US Census 1990,2022.1.0,v2,10,Row/Column,1.4035,0.1693108081817627
Dask,US Census 1990,2022.1.0,v2,10,Aggregation,54.777813,1.9786338806152344
Dask,US Census 1990,2022.1.0,v2,10,Aggregation,15.060752,0.5402941703796387
Dask,US Census 1990,2022.1.0,v2,10,Aggregation,15.059349,0.540215015411377
Dask,US Census 1990,2022.1.0,v2,10,Aggregation,15.035971,0.5371806621551514
Dask,US Census 1990,2022.1.0,v2,10,Aggregation,15.17263,0.5525064468383789
Dask,US Census 1990,2022.1.0,v2,10,Row/Column,15.050986,0.5372278690338135
Dask,US Census 1990,2022.1.0,v2,10,I/O,0.083069,0.0095860958099365
Dask,US Census 1990,2022.1.0,v2,10,I/O,669.011776,74.18274998664856
Dask,US Census 1990,2022.1.0,v2,10,I/O,194.421743,19.239521503448486
Dask,US Census 1990,2022.1.0,v2,10,I/O,243.791002,25.64687132835388
Dask,US Census 1990,2022.1.0,v2,10,Missing,0.003967,0.0010344982147216
Dask,US Census 1990,2022.1.0,v2,10,Missing,0.073974,0.008812665939331
Dask,US Census 1990,2022.1.0,v2,10,Missing,0.068969,0.008012056350708
Dask,US Census 1990,2022.1.0,v2,10,Missing,0.008178,0.0010955333709716
Dask,US Census 1990,2022.1.0,v2,10,Row/Column,0.070251,0.0083482265472412
Dask,US Census 1990,2022.1.0,v2,10,Aggregation,0.0,0.0007359981536865
Dask,US Census 1990,2022.1.0,v2,10,Row/Column,0.269224,0.0317740440368652
Dask,US Census 1990,2022.1.0,v2,10,Row/Column,69.779179,2.487820863723755
Dask,US Census 1990,2022.1.0,v2,10,Row/Column,1.238766,0.1445193290710449
Dask,US Census 1990,2022.1.0,v2,10,Aggregation,55.444255,1.9615015983581543
Dask,US Census 1990,2022.1.0,v2,10,Aggregation,15.11251,0.5300123691558838
Dask,US Census 1990,2022.1.0,v2,10,Aggregation,15.128502,0.5280263423919678
Dask,US Census 1990,2022.1.0,v2,10,Aggregation,14.999718,0.5244104862213135
Dask,US Census 1990,2022.1.0,v2,10,Aggregation,15.051354,0.5269348621368408
Dask,US Census 1990,2022.1.0,v2,10,Row/Column,15.085533,0.5257279872894287
Dask,US Census 1990,2022.1.0,v2,10,I/O,0.098571,0.0103237628936767
Dask,US Census 1990,2022.1.0,v2,10,I/O,676.681923,75.96976637840271
Dask,US Census 1990,2022.1.0,v2,10,I/O,196.434861,19.096110343933105
Dask,US Census 1990,2022.1.0,v2,10,I/O,238.688964,25.67154836654663
Dask,US Census 1990,2022.1.0,v2,10,Missing,0.001466,0.0012567043304443
Dask,US Census 1990,2022.1.0,v2,10,Missing,0.070312,0.0089056491851806
Dask,US Census 1990,2022.1.0,v2,10,Missing,0.172851,0.0251638889312744
Dask,US Census 1990,2022.1.0,v2,10,Missing,0.008484,0.0014190673828125
Dask,US Census 1990,2022.1.0,v2,10,Row/Column,0.068725,0.0085794925689697
Dask,US Census 1990,2022.1.0,v2,10,Aggregation,0.000976,0.0007436275482177
Dask,US Census 1990,2022.1.0,v2,10,Row/Column,0.27069,0.0323050022125244
Dask,US Census 1990,2022.1.0,v2,10,Row/Column,68.566474,2.5078141689300537
Dask,US Census 1990,2022.1.0,v2,10,Row/Column,1.374204,0.1628668308258056
Dask,US Census 1990,2022.1.0,v2,10,Aggregation,54.408613,1.9456753730773928
Dask,US Census 1990,2022.1.0,v2,10,Aggregation,15.099753,0.5263590812683105
Dask,US Census 1990,2022.1.0,v2,10,Aggregation,15.041222,0.525550365447998
Dask,US Census 1990,2022.1.0,v2,10,Aggregation,15.002646,0.5284407138824463
Dask,US Census 1990,2022.1.0,v2,10,Aggregation,15.036278,0.523820161819458
Dask,US Census 1990,2022.1.0,v2,10,Row/Column,15.048118,0.5269837379455566
Dask,US Census 1990,2022.1.0,v2,10,I/O,0.083068,0.0095424652099609
Dask,US Census 1990,2022.1.0,v2,10,I/O,660.660479,74.08054184913635
Dask,US Census 1990,2022.1.0,v2,10,I/O,194.44213,19.051504850387573
Dask,US Census 1990,2022.1.0,v2,10,I/O,239.507993,25.643861055374146
Dask,US Census 1990,2022.1.0,v2,10,Missing,0.008606,0.0013520717620849
Dask,US Census 1990,2022.1.0,v2,10,Missing,0.078247,0.0089976787567138
Dask,US Census 1990,2022.1.0,v2,10,Missing,0.070374,0.0080635547637939
Dask,US Census 1990,2022.1.0,v2,10,Missing,0.008667,0.0013020038604736
Dask,US Census 1990,2022.1.0,v2,10,Row/Column,0.070434,0.0082714557647705
Dask,US Census 1990,2022.1.0,v2,10,Aggregation,0.0,0.0006625652313232
Dask,US Census 1990,2022.1.0,v2,10,Row/Column,0.273497,0.0315167903900146
Dask,US Census 1990,2022.1.0,v2,10,Row/Column,69.401129,2.5091512203216557
Dask,US Census 1990,2022.1.0,v2,10,Row/Column,1.233273,0.1426830291748047
Dask,US Census 1990,2022.1.0,v2,10,Aggregation,54.199812,1.9427411556243896
Dask,US Census 1990,2022.1.0,v2,10,Aggregation,14.987754,0.5278031826019287
Dask,US Census 1990,2022.1.0,v2,10,Aggregation,15.207908,0.545661449432373
Dask,US Census 1990,2022.1.0,v2,10,Aggregation,15.03402,0.5261459350585938
Dask,US Census 1990,2022.1.0,v2,10,Aggregation,15.033469,0.5301909446716309
Dask,US Census 1990,2022.1.0,v2,10,Row/Column,15.110191,0.5313470363616943
Dask,US Census 1990,2025.1.0,v0,10,I/O,0.17395,0.0182802677154541
Dask,US Census 1990,2025.1.0,v0,10,I/O,625.97435,69.79078245162964
Dask,US Census 1990,2025.1.0,v0,10,I/O,250.881865,24.420759201049805
Dask,US Census 1990,2025.1.0,v0,10,I/O,246.483377,25.928922414779663
Dask,US Census 1990,2025.1.0,v0,10,Missing,0.007324,0.0009763240814208
Dask,US Census 1990,2025.1.0,v0,10,Missing,0.026734,0.0084571838378906
Dask,US Census 1990,2025.1.0,v0,10,Missing,0.006593,0.0008037090301513
Dask,US Census 1990,2025.1.0,v0,10,Missing,0.007447,0.00093674659729
Dask,US Census 1990,2025.1.0,v0,10,Row/Column,0.041443,0.0109341144561767
Dask,US Census 1990,2025.1.0,v0,10,Aggregation,0.003052,0.0008380413055419
Dask,US Census 1990,2025.1.0,v0,10,Row/Column,0.090149,0.0107545852661132
Dask,US Census 1990,2025.1.0,v0,10,Row/Column,0.003601,0.0007448196411132
Dask,US Census 1990,2025.1.0,v0,10,Row/Column,0.266663,0.0355710983276367
Dask,US Census 1990,2025.1.0,v0,10,Aggregation,60.889553,2.2498538494110107
Dask,US Census 1990,2025.1.0,v0,10,Aggregation,56.126321,2.006561040878296
Dask,US Census 1990,2025.1.0,v0,10,Aggregation,54.630537,1.954322099685669
Dask,US Census 1990,2025.1.0,v0,10,Aggregation,55.064007,1.927555084228516
Dask,US Census 1990,2025.1.0,v0,10,Aggregation,54.713117,1.960984468460083
Dask,US Census 1990,2025.1.0,v0,10,Row/Column,54.709211,1.946136713027954
Dask,US Census 1990,2025.1.0,v0,10,I/O,0.087158,0.0092523097991943
Dask,US Census 1990,2025.1.0,v0,10,I/O,623.538869,69.78267741203308
Dask,US Census 1990,2025.1.0,v0,10,I/O,247.658363,24.677539825439453
Dask,US Census 1990,2025.1.0,v0,10,I/O,243.934556,25.81407165527344
Dask,US Census 1990,2025.1.0,v0,10,Missing,0.0,0.0005738735198974
Dask,US Census 1990,2025.1.0,v0,10,Missing,0.004272,0.0012178421020507
Dask,US Census 1990,2025.1.0,v0,10,Missing,0.002197,0.0004386901855468
Dask,US Census 1990,2025.1.0,v0,10,Missing,0.0,0.0005886554718017
Dask,US Census 1990,2025.1.0,v0,10,Row/Column,0.001953,0.0009541511535644
Dask,US Census 1990,2025.1.0,v0,10,Aggregation,0.001587,0.0008144378662109
Dask,US Census 1990,2025.1.0,v0,10,Row/Column,0.089354,0.010765790939331
Dask,US Census 1990,2025.1.0,v0,10,Row/Column,0.0,0.0005722045898437
Dask,US Census 1990,2025.1.0,v0,10,Row/Column,0.237182,0.0270493030548095
Dask,US Census 1990,2025.1.0,v0,10,Aggregation,55.622661,2.0210554599761963
Dask,US Census 1990,2025.1.0,v0,10,Aggregation,53.044786,1.8479979038238523
Dask,US Census 1990,2025.1.0,v0,10,Aggregation,53.772262,1.8588299751281736
Dask,US Census 1990,2025.1.0,v0,10,Aggregation,53.827804,1.8751957416534424
Dask,US Census 1990,2025.1.0,v0,10,Aggregation,53.593673,1.8762001991271973
Dask,US Census 1990,2025.1.0,v0,10,Row/Column,54.071578,1.964482069015503
Dask,US Census 1990,2025.1.0,v0,10,I/O,0.088501,0.0090389251708984
Dask,US Census 1990,2025.1.0,v0,10,I/O,645.014706,71.16735076904297
Dask,US Census 1990,2025.1.0,v0,10,I/O,251.347623,24.704286098480225
Dask,US Census 1990,2025.1.0,v0,10,I/O,244.878889,25.64433217048645
Dask,US Census 1990,2025.1.0,v0,10,Missing,0.0,0.000626802444458
Dask,US Census 1990,2025.1.0,v0,10,Missing,0.009094,0.0012538433074951
Dask,US Census 1990,2025.1.0,v0,10,Missing,0.0,0.000474214553833
Dask,US Census 1990,2025.1.0,v0,10,Missing,0.0,0.0006110668182373
Dask,US Census 1990,2025.1.0,v0,10,Row/Column,0.001953,0.0009315013885498
Dask,US Census 1990,2025.1.0,v0,10,Aggregation,0.0,0.0004932880401611
Dask,US Census 1990,2025.1.0,v0,10,Row/Column,0.087036,0.0106787681579589
Dask,US Census 1990,2025.1.0,v0,10,Row/Column,0.0,0.0003693103790283
Dask,US Census 1990,2025.1.0,v0,10,Row/Column,0.226441,0.026902437210083
Dask,US Census 1990,2025.1.0,v0,10,Aggregation,56.58622,2.1165027618408203
Dask,US Census 1990,2025.1.0,v0,10,Aggregation,52.430286,1.8339297771453855
Dask,US Census 1990,2025.1.0,v0,10,Aggregation,52.89464,1.829622745513916
Dask,US Census 1990,2025.1.0,v0,10,Aggregation,53.087083,1.8575668334960935
Dask,US Census 1990,2025.1.0,v0,10,Aggregation,52.695421,1.8349523544311523
Dask,US Census 1990,2025.1.0,v0,10,Row/Column,54.023481,1.9264099597930908
Dask,US Census 1990,2025.1.0,v0,10,I/O,0.084961,0.0091757774353027
Dask,US Census 1990,2025.1.0,v0,10,I/O,659.276634,72.5932354927063
Dask,US Census 1990,2025.1.0,v0,10,I/O,248.925693,24.61778974533081
Dask,US Census 1990,2025.1.0,v0,10,I/O,244.129502,25.79566264152527
Dask,US Census 1990,2025.1.0,v0,10,Missing,0.002929,0.0009362697601318
Dask,US Census 1990,2025.1.0,v0,10,Missing,0.008362,0.0015466213226318
Dask,US Census 1990,2025.1.0,v0,10,Missing,0.0,0.0007810592651367
Dask,US Census 1990,2025.1.0,v0,10,Missing,0.007996,0.0009253025054931
Dask,US Census 1990,2025.1.0,v0,10,Row/Column,0.007691,0.0012450218200683
Dask,US Census 1990,2025.1.0,v0,10,Aggregation,0.0,0.0007669925689697
Dask,US Census 1990,2025.1.0,v0,10,Row/Column,0.088928,0.0104548931121826
Dask,US Census 1990,2025.1.0,v0,10,Row/Column,0.003541,0.0006084442138671
Dask,US Census 1990,2025.1.0,v0,10,Row/Column,0.231993,0.026667833328247
Dask,US Census 1990,2025.1.0,v0,10,Aggregation,54.691083,1.944939136505127
Dask,US Census 1990,2025.1.0,v0,10,Aggregation,52.002126,1.8431622982025144
Dask,US Census 1990,2025.1.0,v0,10,Aggregation,52.772936,1.8984692096710205
Dask,US Census 1990,2025.1.0,v0,10,Aggregation,52.37926,1.8365890979766848
Dask,US Census 1990,2025.1.0,v0,10,Aggregation,52.762439,1.8465030193328855
Dask,US Census 1990,2025.1.0,v0,10,Row/Column,53.389999,1.9109485149383545
Dask,US Census 1990,2025.1.0,v0,10,I/O,0.09137,0.009068489074707
Dask,US Census 1990,2025.1.0,v0,10,I/O,635.672995,71.25325870513916
Dask,US Census 1990,2025.1.0,v0,10,I/O,247.809486,24.685036659240723
Dask,US Census 1990,2025.1.0,v0,10,I/O,237.602603,25.432409286499023
Dask,US Census 1990,2025.1.0,v0,10,Missing,0.002257,0.0009453296661376
Dask,US Census 1990,2025.1.0,v0,10,Missing,0.010803,0.0015351772308349
Dask,US Census 1990,2025.1.0,v0,10,Missing,0.0,0.0007739067077636
Dask,US Census 1990,2025.1.0,v0,10,Missing,0.007568,0.0009386539459228
Dask,US Census 1990,2025.1.0,v0,10,Row/Column,0.009156,0.0013017654418945
Dask,US Census 1990,2025.1.0,v0,10,Aggregation,0.001647,0.000828742980957
Dask,US Census 1990,2025.1.0,v0,10,Row/Column,0.08783,0.0105969905853271
Dask,US Census 1990,2025.1.0,v0,10,Row/Column,0.007813,0.000727891921997
Dask,US Census 1990,2025.1.0,v0,10,Row/Column,0.225708,0.0269505977630615
Dask,US Census 1990,2025.1.0,v0,10,Aggregation,55.393718,2.00708556175232
Dask,US Census 1990,2025.1.0,v0,10,Aggregation,52.686388,1.880976915359497
Dask,US Census 1990,2025.1.0,v0,10,Aggregation,52.308643,1.85971474647522
Dask,US Census 1990,2025.1.0,v0,10,Aggregation,52.772632,1.855705976486206
Dask,US Census 1990,2025.1.0,v0,10,Aggregation,52.5786,1.8234341144561768
Dask,US Census 1990,2025.1.0,v0,10,Row/Column,53.088853,1.8772358894348145
Dask,US Census 1990,2025.1.0,v0,10,I/O,0.10144,0.009239912033081
Dask,US Census 1990,2025.1.0,v0,10,I/O,639.22218,70.9186098575592
Dask,US Census 1990,2025.1.0,v0,10,I/O,247.654823,24.493257761001587
Dask,US Census 1990,2025.1.0,v0,10,I/O,237.211307,25.27554392814636
Dask,US Census 1990,2025.1.0,v0,10,Missing,0.008545,0.0009462833404541
Dask,US Census 1990,2025.1.0,v0,10,Missing,0.005614,0.001558780670166
Dask,US Census 1990,2025.1.0,v0,10,Missing,0.0,0.0005545616149902
Dask,US Census 1990,2025.1.0,v0,10,Missing,0.003236,0.0009500980377197
Dask,US Census 1990,2025.1.0,v0,10,Row/Column,0.008057,0.0012526512145996
Dask,US Census 1990,2025.1.0,v0,10,Aggregation,0.0,0.0006730556488037
Dask,US Census 1990,2025.1.0,v0,10,Row/Column,0.087219,0.0107076168060302
Dask,US Census 1990,2025.1.0,v0,10,Row/Column,0.006714,0.0007357597351074
Dask,US Census 1990,2025.1.0,v0,10,Row/Column,0.23938,0.0270736217498779
Dask,US Census 1990,2025.1.0,v0,10,Aggregation,55.072308,2.0085151195526123
Dask,US Census 1990,2025.1.0,v0,10,Aggregation,52.62572,1.899910926818848
Dask,US Census 1990,2025.1.0,v0,10,Aggregation,53.080368,1.871414422988892
Dask,US Census 1990,2025.1.0,v0,10,Aggregation,54.177901,1.8751823902130127
Dask,US Census 1990,2025.1.0,v0,10,Aggregation,52.881213,1.8690392971038816
Dask,US Census 1990,2025.1.0,v0,10,Row/Column,53.965987,1.943647861480713
Dask,US Census 1990,2025.1.0,v0,10,I/O,0.086914,0.0091524124145507
Dask,US Census 1990,2025.1.0,v0,10,I/O,644.449277,70.93779182434082
Dask,US Census 1990,2025.1.0,v0,10,I/O,251.34396,24.48627614974976
Dask,US Census 1990,2025.1.0,v0,10,I/O,240.15826,25.35433530807495
Dask,US Census 1990,2025.1.0,v0,10,Missing,0.006591,0.0009293556213378
Dask,US Census 1990,2025.1.0,v0,10,Missing,0.00763,0.0015203952789306
Dask,US Census 1990,2025.1.0,v0,10,Missing,0.0,0.0007951259613037
Dask,US Census 1990,2025.1.0,v0,10,Missing,0.0,0.0006253719329833
Dask,US Census 1990,2025.1.0,v0,10,Row/Column,0.008912,0.0012855529785156
Dask,US Census 1990,2025.1.0,v0,10,Aggregation,0.0,0.0008399486541748
Dask,US Census 1990,2025.1.0,v0,10,Row/Column,0.086792,0.010697603225708
Dask,US Census 1990,2025.1.0,v0,10,Row/Column,0.0,0.0007405281066894
Dask,US Census 1990,2025.1.0,v0,10,Row/Column,0.252746,0.033607006072998
Dask,US Census 1990,2025.1.0,v0,10,Aggregation,54.47276,1.9619431495666504
Dask,US Census 1990,2025.1.0,v0,10,Aggregation,52.763231,1.9039125442504885
Dask,US Census 1990,2025.1.0,v0,10,Aggregation,53.519638,1.884871482849121
Dask,US Census 1990,2025.1.0,v0,10,Aggregation,52.693164,1.8436367511749268
Dask,US Census 1990,2025.1.0,v0,10,Aggregation,52.843553,1.868370771408081
Dask,US Census 1990,2025.1.0,v0,10,Row/Column,53.631455,1.8917195796966555
Dask,US Census 1990,2025.1.0,v0,10,I/O,0.105407,0.0092337131500244
Dask,US Census 1990,2025.1.0,v0,10,I/O,649.698898,71.5092544555664
Dask,US Census 1990,2025.1.0,v0,10,I/O,249.256441,24.819881916046143
Dask,US Census 1990,2025.1.0,v0,10,I/O,241.680838,25.20222020149231
Dask,US Census 1990,2025.1.0,v0,10,Missing,0.005737,0.0008008480072021
Dask,US Census 1990,2025.1.0,v0,10,Missing,0.016051,0.0015230178833007
Dask,US Census 1990,2025.1.0,v0,10,Missing,0.005128,0.0007781982421875
Dask,US Census 1990,2025.1.0,v0,10,Missing,0.00177,0.0008618831634521
Dask,US Census 1990,2025.1.0,v0,10,Row/Column,0.004883,0.0012338161468505
Dask,US Census 1990,2025.1.0,v0,10,Aggregation,0.001282,0.0006489753723144
Dask,US Census 1990,2025.1.0,v0,10,Row/Column,0.095641,0.0105764865875244
Dask,US Census 1990,2025.1.0,v0,10,Row/Column,0.004212,0.0007438659667968
Dask,US Census 1990,2025.1.0,v0,10,Row/Column,0.235839,0.0264859199523925
Dask,US Census 1990,2025.1.0,v0,10,Aggregation,54.825239,1.9967436790466309
Dask,US Census 1990,2025.1.0,v0,10,Aggregation,51.832387,1.8755083084106443
Dask,US Census 1990,2025.1.0,v0,10,Aggregation,53.284775,1.8786301612854004
Dask,US Census 1990,2025.1.0,v0,10,Aggregation,52.042836,1.8219664096832275
Dask,US Census 1990,2025.1.0,v0,10,Aggregation,52.352587,1.78975510597229
Dask,US Census 1990,2025.1.0,v0,10,Row/Column,52.645312,1.8843755722045896
Dask,US Census 1990,2025.1.0,v0,10,I/O,0.104919,0.0092277526855468
Dask,US Census 1990,2025.1.0,v0,10,I/O,655.39499,71.88676285743713
Dask,US Census 1990,2025.1.0,v0,10,I/O,252.513392,24.73963165283203
Dask,US Census 1990,2025.1.0,v0,10,I/O,241.829887,25.023971557617188
Dask,US Census 1990,2025.1.0,v0,10,Missing,0.007996,0.0009598731994628
Dask,US Census 1990,2025.1.0,v0,10,Missing,0.0047,0.0015668869018554
Dask,US Census 1990,2025.1.0,v0,10,Missing,0.004821,0.0007925033569335
Dask,US Census 1990,2025.1.0,v0,10,Missing,0.008178,0.0009567737579345
Dask,US Census 1990,2025.1.0,v0,10,Row/Column,0.007447,0.0012483596801757
Dask,US Census 1990,2025.1.0,v0,10,Aggregation,0.0,0.000812292098999
Dask,US Census 1990,2025.1.0,v0,10,Row/Column,0.091125,0.010591983795166
Dask,US Census 1990,2025.1.0,v0,10,Row/Column,0.0,0.0007390975952148
Dask,US Census 1990,2025.1.0,v0,10,Row/Column,0.228759,0.0267448425292968
Dask,US Census 1990,2025.1.0,v0,10,Aggregation,55.460918,2.01676082611084
Dask,US Census 1990,2025.1.0,v0,10,Aggregation,52.775134,1.8683953285217283
Dask,US Census 1990,2025.1.0,v0,10,Aggregation,52.284717,1.8477654457092283
Dask,US Census 1990,2025.1.0,v0,10,Aggregation,52.615526,1.8710050582885744
Dask,US Census 1990,2025.1.0,v0,10,Aggregation,52.890978,1.8711931705474851
Dask,US Census 1990,2025.1.0,v0,10,Row/Column,53.504623,1.961291074752808
Dask,US Census 1990,2025.1.0,v0,10,I/O,0.07788,0.0088486671447753
Dask,US Census 1990,2025.1.0,v0,10,I/O,641.233771,70.77985906600952
Dask,US Census 1990,2025.1.0,v0,10,I/O,249.177218,24.474383115768436
Dask,US Census 1990,2025.1.0,v0,10,I/O,243.170215,25.984225273132324
Dask,US Census 1990,2025.1.0,v0,10,Missing,0.001648,0.0009546279907226
Dask,US Census 1990,2025.1.0,v0,10,Missing,0.007812,0.0015294551849365
Dask,US Census 1990,2025.1.0,v0,10,Missing,0.0,0.000798225402832
Dask,US Census 1990,2025.1.0,v0,10,Missing,0.001709,0.0009377002716064
Dask,US Census 1990,2025.1.0,v0,10,Row/Column,0.007447,0.0012409687042236
Dask,US Census 1990,2025.1.0,v0,10,Aggregation,0.003663,0.0008068084716796
Dask,US Census 1990,2025.1.0,v0,10,Row/Column,0.090026,0.0104494094848632
Dask,US Census 1990,2025.1.0,v0,10,Row/Column,0.005187,0.000751256942749
Dask,US Census 1990,2025.1.0,v0,10,Row/Column,0.225342,0.0262503623962402
Dask,US Census 1990,2025.1.0,v0,10,Aggregation,55.632488,2.0666744709014893
Dask,US Census 1990,2025.1.0,v0,10,Aggregation,52.793199,1.888850212097168
Dask,US Census 1990,2025.1.0,v0,10,Aggregation,52.796618,1.892916679382324
Dask,US Census 1990,2025.1.0,v0,10,Aggregation,52.539294,1.90010929107666
Dask,US Census 1990,2025.1.0,v0,10,Aggregation,52.202075,1.855072259902954
Dask,US Census 1990,2025.1.0,v0,10,Row/Column,53.751816,1.9489412307739256
Dask,Drug Review,2024.8.0,v1,10,I/O,0.215759,0.0230870246887207
Dask,Drug Review,2024.8.0,v1,10,I/O,79.769144,9.1873459815979
Dask,Drug Review,2024.8.0,v1,10,I/O,78.65019,8.581621885299683
Dask,Drug Review,2024.8.0,v1,10,I/O,58.618014,6.423015356063843
Dask,Drug Review,2024.8.0,v1,10,Missing,0.020325,0.0084855556488037
Dask,Drug Review,2024.8.0,v1,10,Missing,0.008667,0.0011420249938964
Dask,Drug Review,2024.8.0,v1,10,Missing,0.020264,0.0079522132873535
Dask,Drug Review,2024.8.0,v1,10,Missing,0.0,0.0006053447723388
Dask,Drug Review,2024.8.0,v1,10,Row/Column,0.008605,0.0012953281402587
Dask,Drug Review,2024.8.0,v1,10,Aggregation,0.0,0.0006535053253173
Dask,Drug Review,2024.8.0,v1,10,Row/Column,0.082764,0.0135831832885742
Dask,Drug Review,2024.8.0,v1,10,Row/Column,0.0,0.0007565021514892
Dask,Drug Review,2024.8.0,v1,10,Row/Column,0.084534,0.0157036781311035
Dask,Drug Review,2024.8.0,v1,10,Aggregation,6.909284,0.6560707092285156
Dask,Drug Review,2024.8.0,v1,10,Aggregation,3.212212,0.2397408485412597
Dask,Drug Review,2024.8.0,v1,10,Aggregation,3.142752,0.2369575500488281
Dask,Drug Review,2024.8.0,v1,10,Aggregation,3.142875,0.2379631996154785
Dask,Drug Review,2024.8.0,v1,10,Aggregation,3.142632,0.235492467880249
Dask,Drug Review,2024.8.0,v1,10,Row/Column,3.442007,0.2822189331054687
Dask,Drug Review,2024.8.0,v1,10,I/O,0.0,0.0003855228424072
Dask,Drug Review,2024.8.0,v1,10,I/O,81.287939,9.193597078323364
Dask,Drug Review,2024.8.0,v1,10,I/O,92.647589,8.660406351089478
Dask,Drug Review,2024.8.0,v1,10,I/O,60.404813,6.538907766342163
Dask,Drug Review,2024.8.0,v1,10,Missing,0.008117,0.0011768341064453
Dask,Drug Review,2024.8.0,v1,10,Missing,0.008118,0.0015714168548583
Dask,Drug Review,2024.8.0,v1,10,Missing,0.008361,0.0010831356048583
Dask,Drug Review,2024.8.0,v1,10,Missing,0.007019,0.0009737014770507
Dask,Drug Review,2024.8.0,v1,10,Row/Column,0.008606,0.001230239868164
Dask,Drug Review,2024.8.0,v1,10,Aggregation,0.0,0.0008065700531005
Dask,Drug Review,2024.8.0,v1,10,Row/Column,0.058838,0.0075485706329345
Dask,Drug Review,2024.8.0,v1,10,Row/Column,0.003296,0.0007643699645996
Dask,Drug Review,2024.8.0,v1,10,Row/Column,0.068177,0.0083250999450683
Dask,Drug Review,2024.8.0,v1,10,Aggregation,6.511336,0.6341991424560547
Dask,Drug Review,2024.8.0,v1,10,Aggregation,2.996147,0.2215669155120849
Dask,Drug Review,2024.8.0,v1,10,Aggregation,3.020134,0.224442720413208
Dask,Drug Review,2024.8.0,v1,10,Aggregation,3.079156,0.2479059696197509
Dask,Drug Review,2024.8.0,v1,10,Aggregation,2.96093,0.218522310256958
Dask,Drug Review,2024.8.0,v1,10,Row/Column,3.301566,0.2567203044891357
Dask,Drug Review,2024.8.0,v1,10,I/O,0.0,0.0004472732543945
Dask,Drug Review,2024.8.0,v1,10,I/O,80.041605,9.150738954544067
Dask,Drug Review,2024.8.0,v1,10,I/O,79.753397,8.55766224861145
Dask,Drug Review,2024.8.0,v1,10,I/O,59.329072,6.439698457717896
Dask,Drug Review,2024.8.0,v1,10,Missing,0.0,0.0007381439208984
Dask,Drug Review,2024.8.0,v1,10,Missing,0.007629,0.0012011528015136
Dask,Drug Review,2024.8.0,v1,10,Missing,0.0,0.0007014274597167
Dask,Drug Review,2024.8.0,v1,10,Missing,0.0,0.000608205795288
Dask,Drug Review,2024.8.0,v1,10,Row/Column,0.008789,0.0010113716125488
Dask,Drug Review,2024.8.0,v1,10,Aggregation,0.008484,0.0004372596740722
Dask,Drug Review,2024.8.0,v1,10,Row/Column,0.057495,0.0072479248046875
Dask,Drug Review,2024.8.0,v1,10,Row/Column,0.002136,0.0003788471221923
Dask,Drug Review,2024.8.0,v1,10,Row/Column,0.05896,0.0081086158752441
Dask,Drug Review,2024.8.0,v1,10,Aggregation,6.654585,0.6481506824493408
Dask,Drug Review,2024.8.0,v1,10,Aggregation,3.076896,0.2266316413879394
Dask,Drug Review,2024.8.0,v1,10,Aggregation,3.02996,0.2231175899505615
Dask,Drug Review,2024.8.0,v1,10,Aggregation,3.074882,0.2243261337280273
Dask,Drug Review,2024.8.0,v1,10,Aggregation,2.95684,0.2151596546173095
Dask,Drug Review,2024.8.0,v1,10,Row/Column,3.324089,0.2579531669616699
Dask,Drug Review,2024.8.0,v1,10,I/O,0.009094,0.0003209114074707
Dask,Drug Review,2024.8.0,v1,10,I/O,79.806375,9.01747441291809
Dask,Drug Review,2024.8.0,v1,10,I/O,80.230995,8.631799697875977
Dask,Drug Review,2024.8.0,v1,10,I/O,59.43808,6.430696249008179
Dask,Drug Review,2024.8.0,v1,10,Missing,0.001343,0.0007264614105224
Dask,Drug Review,2024.8.0,v1,10,Missing,0.008056,0.0011348724365234
Dask,Drug Review,2024.8.0,v1,10,Missing,0.003724,0.0007221698760986
Dask,Drug Review,2024.8.0,v1,10,Missing,0.002563,0.000619888305664
Dask,Drug Review,2024.8.0,v1,10,Row/Column,0.006714,0.0013782978057861
Dask,Drug Review,2024.8.0,v1,10,Aggregation,0.001465,0.0007908344268798
Dask,Drug Review,2024.8.0,v1,10,Row/Column,0.063721,0.0075178146362304
Dask,Drug Review,2024.8.0,v1,10,Row/Column,0.000977,0.000748872756958
Dask,Drug Review,2024.8.0,v1,10,Row/Column,0.065734,0.0082395076751708
Dask,Drug Review,2024.8.0,v1,10,Aggregation,6.629621,0.6448793411254883
Dask,Drug Review,2024.8.0,v1,10,Aggregation,3.093498,0.2342913150787353
Dask,Drug Review,2024.8.0,v1,10,Aggregation,3.12133,0.236799955368042
Dask,Drug Review,2024.8.0,v1,10,Aggregation,3.007682,0.2215805053710937
Dask,Drug Review,2024.8.0,v1,10,Aggregation,2.986259,0.2278399467468261
Dask,Drug Review,2024.8.0,v1,10,Row/Column,3.311453,0.2611715793609619
Dask,Drug Review,2024.8.0,v1,10,I/O,0.0,0.000568151473999
Dask,Drug Review,2024.8.0,v1,10,I/O,79.153239,9.169373273849487
Dask,Drug Review,2024.8.0,v1,10,I/O,78.408857,8.524775743484497
Dask,Drug Review,2024.8.0,v1,10,I/O,58.285862,6.383251428604126
Dask,Drug Review,2024.8.0,v1,10,Missing,0.0,0.0007388591766357
Dask,Drug Review,2024.8.0,v1,10,Missing,0.007568,0.001136302947998
Dask,Drug Review,2024.8.0,v1,10,Missing,0.0,0.0007214546203613
Dask,Drug Review,2024.8.0,v1,10,Missing,0.0,0.0006377696990966
Dask,Drug Review,2024.8.0,v1,10,Row/Column,0.004029,0.001382827758789
Dask,Drug Review,2024.8.0,v1,10,Aggregation,0.0,0.0008087158203125
Dask,Drug Review,2024.8.0,v1,10,Row/Column,0.058166,0.0073800086975097
Dask,Drug Review,2024.8.0,v1,10,Row/Column,0.000854,0.0007615089416503
Dask,Drug Review,2024.8.0,v1,10,Row/Column,0.065735,0.0081653594970703
Dask,Drug Review,2024.8.0,v1,10,Aggregation,6.691817,0.6433608531951904
Dask,Drug Review,2024.8.0,v1,10,Aggregation,3.15789,0.2365646362304687
Dask,Drug Review,2024.8.0,v1,10,Aggregation,3.119926,0.2375507354736328
Dask,Drug Review,2024.8.0,v1,10,Aggregation,3.014823,0.221031904220581
Dask,Drug Review,2024.8.0,v1,10,Aggregation,3.003592,0.2208418846130371
Dask,Drug Review,2024.8.0,v1,10,Row/Column,3.313774,0.2608277797698974
Dask,Drug Review,2024.8.0,v1,10,I/O,0.0,0.0003769397735595
Dask,Drug Review,2024.8.0,v1,10,I/O,79.0601,8.95502758026123
Dask,Drug Review,2024.8.0,v1,10,I/O,80.311745,8.60183572769165
Dask,Drug Review,2024.8.0,v1,10,I/O,59.441376,6.478577136993408
Dask,Drug Review,2024.8.0,v1,10,Missing,0.0,0.0007345676422119
Dask,Drug Review,2024.8.0,v1,10,Missing,0.008117,0.0011293888092041
Dask,Drug Review,2024.8.0,v1,10,Missing,0.0,0.000723123550415
Dask,Drug Review,2024.8.0,v1,10,Missing,0.0,0.000622272491455
Dask,Drug Review,2024.8.0,v1,10,Row/Column,0.007385,0.0010178089141845
Dask,Drug Review,2024.8.0,v1,10,Aggregation,0.0,0.0004417896270751
Dask,Drug Review,2024.8.0,v1,10,Row/Column,0.059144,0.0072479248046875
Dask,Drug Review,2024.8.0,v1,10,Row/Column,0.00238,0.0003802776336669
Dask,Drug Review,2024.8.0,v1,10,Row/Column,0.063416,0.007962942123413
Dask,Drug Review,2024.8.0,v1,10,Aggregation,6.527266,0.6346747875213623
Dask,Drug Review,2024.8.0,v1,10,Aggregation,2.987114,0.2235410213470459
Dask,Drug Review,2024.8.0,v1,10,Aggregation,2.995964,0.2222561836242675
Dask,Drug Review,2024.8.0,v1,10,Aggregation,2.944634,0.2171599864959716
Dask,Drug Review,2024.8.0,v1,10,Aggregation,2.932976,0.2180485725402832
Dask,Drug Review,2024.8.0,v1,10,Row/Column,3.288382,0.2573378086090088
Dask,Drug Review,2024.8.0,v1,10,I/O,0.0,0.0003232955932617
Dask,Drug Review,2024.8.0,v1,10,I/O,79.584208,9.053459882736206
Dask,Drug Review,2024.8.0,v1,10,I/O,79.693338,8.51707673072815
Dask,Drug Review,2024.8.0,v1,10,I/O,59.2175,6.4443089962005615
Dask,Drug Review,2024.8.0,v1,10,Missing,0.001587,0.000939130783081
Dask,Drug Review,2024.8.0,v1,10,Missing,0.003905,0.0014874935150146
Dask,Drug Review,2024.8.0,v1,10,Missing,0.004823,0.0010702610015869
Dask,Drug Review,2024.8.0,v1,10,Missing,0.007203,0.000967264175415
Dask,Drug Review,2024.8.0,v1,10,Row/Column,0.009765,0.0012047290802001
Dask,Drug Review,2024.8.0,v1,10,Aggregation,0.002747,0.0007936954498291
Dask,Drug Review,2024.8.0,v1,10,Row/Column,0.058227,0.0073127746582031
Dask,Drug Review,2024.8.0,v1,10,Row/Column,0.004761,0.0007710456848144
Dask,Drug Review,2024.8.0,v1,10,Row/Column,0.066773,0.0082190036773681
Dask,Drug Review,2024.8.0,v1,10,Aggregation,6.530074,0.631878137588501
Dask,Drug Review,2024.8.0,v1,10,Aggregation,2.962578,0.2226126194000244
Dask,Drug Review,2024.8.0,v1,10,Aggregation,2.965873,0.2240724563598632
Dask,Drug Review,2024.8.0,v1,10,Aggregation,3.156731,0.2559664249420166
Dask,Drug Review,2024.8.0,v1,10,Aggregation,3.074821,0.2312746047973632
Dask,Drug Review,2024.8.0,v1,10,Row/Column,3.455924,0.2709622383117676
Dask,Drug Review,2024.8.0,v1,10,I/O,0.0,0.0003817081451416
Dask,Drug Review,2024.8.0,v1,10,I/O,78.566754,8.95332145690918
Dask,Drug Review,2024.8.0,v1,10,I/O,79.416301,8.542272329330444
Dask,Drug Review,2024.8.0,v1,10,I/O,58.851839,6.404355525970459
Dask,Drug Review,2024.8.0,v1,10,Missing,0.007874,0.0010821819305419
Dask,Drug Review,2024.8.0,v1,10,Missing,0.007934,0.0014524459838867
Dask,Drug Review,2024.8.0,v1,10,Missing,0.006531,0.0010735988616943
Dask,Drug Review,2024.8.0,v1,10,Missing,0.008911,0.0009698867797851
Dask,Drug Review,2024.8.0,v1,10,Row/Column,0.008728,0.0013601779937744
Dask,Drug Review,2024.8.0,v1,10,Aggregation,0.001587,0.0007998943328857
Dask,Drug Review,2024.8.0,v1,10,Row/Column,0.057189,0.007436990737915
Dask,Drug Review,2024.8.0,v1,10,Row/Column,0.0,0.0007460117340087
Dask,Drug Review,2024.8.0,v1,10,Row/Column,0.070068,0.0082049369812011
Dask,Drug Review,2024.8.0,v1,10,Aggregation,6.544539,0.6494598388671875
Dask,Drug Review,2024.8.0,v1,10,Aggregation,3.06768,0.2357277870178222
Dask,Drug Review,2024.8.0,v1,10,Aggregation,3.091057,0.2367117404937744
Dask,Drug Review,2024.8.0,v1,10,Aggregation,2.971673,0.2277345657348632
Dask,Drug Review,2024.8.0,v1,10,Aggregation,2.964958,0.2192425727844238
Dask,Drug Review,2024.8.0,v1,10,Row/Column,3.303947,0.2586047649383545
Dask,Drug Review,2024.8.0,v1,10,I/O,0.010131,0.0003342628479003
Dask,Drug Review,2024.8.0,v1,10,I/O,77.555771,8.96031928062439
Dask,Drug Review,2024.8.0,v1,10,I/O,79.382059,8.527611494064331
Dask,Drug Review,2024.8.0,v1,10,I/O,59.438751,6.469492197036743
Dask,Drug Review,2024.8.0,v1,10,Missing,0.001526,0.0007061958312988
Dask,Drug Review,2024.8.0,v1,10,Missing,0.007996,0.0011234283447265
Dask,Drug Review,2024.8.0,v1,10,Missing,0.004028,0.000739574432373
Dask,Drug Review,2024.8.0,v1,10,Missing,0.005799,0.0005984306335449
Dask,Drug Review,2024.8.0,v1,10,Row/Column,0.007874,0.0012910366058349
Dask,Drug Review,2024.8.0,v1,10,Aggregation,0.0,0.000805377960205
Dask,Drug Review,2024.8.0,v1,10,Row/Column,0.059936,0.0072231292724609
Dask,Drug Review,2024.8.0,v1,10,Row/Column,0.003785,0.0007200241088867
Dask,Drug Review,2024.8.0,v1,10,Row/Column,0.065247,0.0081090927124023
Dask,Drug Review,2024.8.0,v1,10,Aggregation,6.637435,0.6409666538238525
Dask,Drug Review,2024.8.0,v1,10,Aggregation,3.074027,0.2255465984344482
Dask,Drug Review,2024.8.0,v1,10,Aggregation,3.065849,0.2261939048767089
Dask,Drug Review,2024.8.0,v1,10,Aggregation,3.167045,0.2361121177673339
Dask,Drug Review,2024.8.0,v1,10,Aggregation,3.105278,0.232295274734497
Dask,Drug Review,2024.8.0,v1,10,Row/Column,3.394216,0.2697262763977051
Dask,Drug Review,2024.8.0,v1,10,I/O,0.001404,0.0003714561462402
Dask,Drug Review,2024.8.0,v1,10,I/O,79.332011,9.011004447937012
Dask,Drug Review,2024.8.0,v1,10,I/O,79.504374,8.522796630859375
Dask,Drug Review,2024.8.0,v1,10,I/O,60.614164,6.463492631912232
Dask,Drug Review,2024.8.0,v1,10,Missing,0.004578,0.0007271766662597
Dask,Drug Review,2024.8.0,v1,10,Missing,0.005737,0.0011229515075683
Dask,Drug Review,2024.8.0,v1,10,Missing,0.00354,0.0007202625274658
Dask,Drug Review,2024.8.0,v1,10,Missing,0.0,0.0006129741668701
Dask,Drug Review,2024.8.0,v1,10,Row/Column,0.004761,0.0012857913970947
Dask,Drug Review,2024.8.0,v1,10,Aggregation,0.00354,0.0007910728454589
Dask,Drug Review,2024.8.0,v1,10,Row/Column,0.06018,0.0073614120483398
Dask,Drug Review,2024.8.0,v1,10,Row/Column,0.0,0.0007462501525878
Dask,Drug Review,2024.8.0,v1,10,Row/Column,0.065613,0.0081105232238769
Dask,Drug Review,2024.8.0,v1,10,Aggregation,6.73332,0.6495378017425537
Dask,Drug Review,2024.8.0,v1,10,Aggregation,3.189506,0.2391886711120605
Dask,Drug Review,2024.8.0,v1,10,Aggregation,3.182792,0.238361120223999
Dask,Drug Review,2024.8.0,v1,10,Aggregation,3.044547,0.2200322151184082
Dask,Drug Review,2024.8.0,v1,10,Aggregation,3.008416,0.2173624038696289
Dask,Drug Review,2024.8.0,v1,10,Row/Column,3.305961,0.2560770511627197
Dask,Drug Review,2022.1.0,v2,10,I/O,0.150574,0.0154812335968017
Dask,Drug Review,2022.1.0,v2,10,I/O,90.054091,10.334059476852415
Dask,Drug Review,2022.1.0,v2,10,I/O,78.701215,8.572732925415039
Dask,Drug Review,2022.1.0,v2,10,I/O,58.593051,6.343719959259033
Dask,Drug Review,2022.1.0,v2,10,Missing,0.008911,0.0014801025390625
Dask,Drug Review,2022.1.0,v2,10,Missing,0.185241,0.02146577835083
Dask,Drug Review,2022.1.0,v2,10,Missing,0.032165,0.0041885375976562
Dask,Drug Review,2022.1.0,v2,10,Missing,0.0083,0.0015876293182373
Dask,Drug Review,2022.1.0,v2,10,Row/Column,0.02362,0.0034334659576416
Dask,Drug Review,2022.1.0,v2,10,Aggregation,0.000916,0.0006630420684814
Dask,Drug Review,2022.1.0,v2,10,Row/Column,0.087463,0.0107557773590087
Dask,Drug Review,2022.1.0,v2,10,Row/Column,9.826207,0.8100240230560303
Dask,Drug Review,2022.1.0,v2,10,Row/Column,0.289672,0.0394487380981445
Dask,Drug Review,2022.1.0,v2,10,Aggregation,6.728864,0.6655199527740479
Dask,Drug Review,2022.1.0,v2,10,Aggregation,3.119255,0.233285903930664
Dask,Drug Review,2022.1.0,v2,10,Aggregation,3.114615,0.2335872650146484
Dask,Drug Review,2022.1.0,v2,10,Aggregation,2.987174,0.2220983505249023
Dask,Drug Review,2022.1.0,v2,10,Aggregation,2.973198,0.2184388637542724
Dask,Drug Review,2022.1.0,v2,10,Row/Column,3.250724,0.2530834674835205
Dask,Drug Review,2022.1.0,v2,10,I/O,0.061035,0.0063092708587646
Dask,Drug Review,2022.1.0,v2,10,I/O,89.758987,10.218673706054688
Dask,Drug Review,2022.1.0,v2,10,I/O,78.918376,8.559471845626831
Dask,Drug Review,2022.1.0,v2,10,I/O,58.780977,6.372687578201294
Dask,Drug Review,2022.1.0,v2,10,Missing,0.003906,0.0014340877532958
Dask,Drug Review,2022.1.0,v2,10,Missing,0.026183,0.0039479732513427
Dask,Drug Review,2022.1.0,v2,10,Missing,0.024963,0.0034561157226562
Dask,Drug Review,2022.1.0,v2,10,Missing,0.009399,0.0014765262603759
Dask,Drug Review,2022.1.0,v2,10,Row/Column,0.026429,0.003263235092163
Dask,Drug Review,2022.1.0,v2,10,Aggregation,0.0,0.0005617141723632
Dask,Drug Review,2022.1.0,v2,10,Row/Column,0.084411,0.0105080604553222
Dask,Drug Review,2022.1.0,v2,10,Row/Column,8.844032,0.7058985233306885
Dask,Drug Review,2022.1.0,v2,10,Row/Column,0.242614,0.0295777320861816
Dask,Drug Review,2022.1.0,v2,10,Aggregation,6.514815,0.6352324485778809
Dask,Drug Review,2022.1.0,v2,10,Aggregation,2.991326,0.2201282978057861
Dask,Drug Review,2022.1.0,v2,10,Aggregation,2.960137,0.2226011753082275
Dask,Drug Review,2022.1.0,v2,10,Aggregation,3.039177,0.2301626205444336
Dask,Drug Review,2022.1.0,v2,10,Aggregation,2.955193,0.2173786163330078
Dask,Drug Review,2022.1.0,v2,10,Row/Column,3.075432,0.2407379150390625
Dask,Drug Review,2022.1.0,v2,10,I/O,0.072511,0.0070030689239501
Dask,Drug Review,2022.1.0,v2,10,I/O,87.917439,10.05845546722412
Dask,Drug Review,2022.1.0,v2,10,I/O,78.350018,8.52773904800415
Dask,Drug Review,2022.1.0,v2,10,I/O,57.672155,6.337482452392578
Dask,Drug Review,2022.1.0,v2,10,Missing,0.003845,0.0010828971862792
Dask,Drug Review,2022.1.0,v2,10,Missing,0.024903,0.0038330554962158
Dask,Drug Review,2022.1.0,v2,10,Missing,0.02716,0.0032885074615478
Dask,Drug Review,2022.1.0,v2,10,Missing,0.008789,0.0015826225280761
Dask,Drug Review,2022.1.0,v2,10,Row/Column,0.023681,0.0032949447631835
Dask,Drug Review,2022.1.0,v2,10,Aggregation,0.0,0.0007405281066894
Dask,Drug Review,2022.1.0,v2,10,Row/Column,0.081116,0.0104453563690185
Dask,Drug Review,2022.1.0,v2,10,Row/Column,9.120765,0.7118668556213379
Dask,Drug Review,2022.1.0,v2,10,Row/Column,0.242919,0.0295884609222412
Dask,Drug Review,2022.1.0,v2,10,Aggregation,6.739545,0.6478941440582275
Dask,Drug Review,2022.1.0,v2,10,Aggregation,2.986869,0.2165756225585937
Dask,Drug Review,2022.1.0,v2,10,Aggregation,3.189568,0.2349939346313476
Dask,Drug Review,2022.1.0,v2,10,Aggregation,2.993034,0.2166502475738525
Dask,Drug Review,2022.1.0,v2,10,Aggregation,2.982903,0.2158176898956298
Dask,Drug Review,2022.1.0,v2,10,Row/Column,3.101432,0.2306883335113525
Dask,Drug Review,2022.1.0,v2,10,I/O,0.068238,0.0066895484924316
Dask,Drug Review,2022.1.0,v2,10,I/O,89.347977,10.123185396194458
Dask,Drug Review,2022.1.0,v2,10,I/O,78.747844,8.49360466003418
Dask,Drug Review,2022.1.0,v2,10,I/O,57.764013,6.273692846298218
Dask,Drug Review,2022.1.0,v2,10,Missing,0.007202,0.00108003616333
Dask,Drug Review,2022.1.0,v2,10,Missing,0.030395,0.0038099288940429
Dask,Drug Review,2022.1.0,v2,10,Missing,0.026184,0.003110647201538
Dask,Drug Review,2022.1.0,v2,10,Missing,0.001892,0.0012283325195312
Dask,Drug Review,2022.1.0,v2,10,Row/Column,0.024475,0.0033984184265136
Dask,Drug Review,2022.1.0,v2,10,Aggregation,0.0,0.0005621910095214
Dask,Drug Review,2022.1.0,v2,10,Row/Column,0.228942,0.026677131652832
Dask,Drug Review,2022.1.0,v2,10,Row/Column,9.041664,0.7073571681976318
Dask,Drug Review,2022.1.0,v2,10,Row/Column,0.242371,0.0292987823486328
Dask,Drug Review,2022.1.0,v2,10,Aggregation,6.564619,0.6407308578491211
Dask,Drug Review,2022.1.0,v2,10,Aggregation,3.103569,0.2312748432159423
Dask,Drug Review,2022.1.0,v2,10,Aggregation,3.013542,0.2208657264709472
Dask,Drug Review,2022.1.0,v2,10,Aggregation,2.953727,0.2154037952423095
Dask,Drug Review,2022.1.0,v2,10,Aggregation,3.061088,0.231029987335205
Dask,Drug Review,2022.1.0,v2,10,Row/Column,3.183647,0.2488372325897216
Dask,Drug Review,2022.1.0,v2,10,I/O,0.065247,0.006528615951538
Dask,Drug Review,2022.1.0,v2,10,I/O,87.294089,10.190871238708496
Dask,Drug Review,2022.1.0,v2,10,I/O,79.825785,8.591296672821045
Dask,Drug Review,2022.1.0,v2,10,I/O,58.080784,6.305706977844238
Dask,Drug Review,2022.1.0,v2,10,Missing,0.007325,0.0014247894287109
Dask,Drug Review,2022.1.0,v2,10,Missing,0.033996,0.0041060447692871
Dask,Drug Review,2022.1.0,v2,10,Missing,0.025817,0.0034048557281494
Dask,Drug Review,2022.1.0,v2,10,Missing,0.009949,0.0014045238494873
Dask,Drug Review,2022.1.0,v2,10,Row/Column,0.024231,0.0034189224243164
Dask,Drug Review,2022.1.0,v2,10,Aggregation,0.008484,0.0007421970367431
Dask,Drug Review,2022.1.0,v2,10,Row/Column,0.243225,0.0270416736602783
Dask,Drug Review,2022.1.0,v2,10,Row/Column,9.122841,0.7111451625823975
Dask,Drug Review,2022.1.0,v2,10,Row/Column,0.247314,0.0294663906097412
Dask,Drug Review,2022.1.0,v2,10,Aggregation,6.737959,0.6385424137115479
Dask,Drug Review,2022.1.0,v2,10,Aggregation,3.058159,0.2296810150146484
Dask,Drug Review,2022.1.0,v2,10,Aggregation,3.138786,0.2345812320709228
Dask,Drug Review,2022.1.0,v2,10,Aggregation,3.148062,0.2298834323883056
Dask,Drug Review,2022.1.0,v2,10,Aggregation,3.152153,0.2296710014343261
Dask,Drug Review,2022.1.0,v2,10,Row/Column,3.286857,0.2701375484466553
Dask,Drug Review,2022.1.0,v2,10,I/O,0.063171,0.0061748027801513
Dask,Drug Review,2022.1.0,v2,10,I/O,88.732012,10.104260444641112
Dask,Drug Review,2022.1.0,v2,10,I/O,78.680097,8.514897346496582
Dask,Drug Review,2022.1.0,v2,10,I/O,58.588168,6.335224151611328
Dask,Drug Review,2022.1.0,v2,10,Missing,0.008179,0.0010998249053955
Dask,Drug Review,2022.1.0,v2,10,Missing,0.024964,0.0037789344787597
Dask,Drug Review,2022.1.0,v2,10,Missing,0.024291,0.003096580505371
Dask,Drug Review,2022.1.0,v2,10,Missing,0.003662,0.001220703125
Dask,Drug Review,2022.1.0,v2,10,Row/Column,0.024962,0.0034246444702148
Dask,Drug Review,2022.1.0,v2,10,Aggregation,0.0,0.0007503032684326
Dask,Drug Review,2022.1.0,v2,10,Row/Column,0.233642,0.027076244354248
Dask,Drug Review,2022.1.0,v2,10,Row/Column,9.194435,0.7233119010925293
Dask,Drug Review,2022.1.0,v2,10,Row/Column,0.249267,0.0295073986053466
Dask,Drug Review,2022.1.0,v2,10,Aggregation,6.591903,0.6308972835540771
Dask,Drug Review,2022.1.0,v2,10,Aggregation,3.161735,0.2343676090240478
Dask,Drug Review,2022.1.0,v2,10,Aggregation,2.967949,0.2173733711242675
Dask,Drug Review,2022.1.0,v2,10,Aggregation,3.110405,0.2318980693817138
Dask,Drug Review,2022.1.0,v2,10,Aggregation,2.958305,0.2141263484954834
Dask,Drug Review,2022.1.0,v2,10,Row/Column,3.186637,0.2453057765960693
Dask,Drug Review,2022.1.0,v2,10,I/O,0.064575,0.0065152645111083
Dask,Drug Review,2022.1.0,v2,10,I/O,88.980423,10.063172101974487
Dask,Drug Review,2022.1.0,v2,10,I/O,79.691873,8.527958869934082
Dask,Drug Review,2022.1.0,v2,10,I/O,58.211154,6.319326639175415
Dask,Drug Review,2022.1.0,v2,10,Missing,0.007629,0.0010828971862792
Dask,Drug Review,2022.1.0,v2,10,Missing,0.025696,0.0038061141967773
Dask,Drug Review,2022.1.0,v2,10,Missing,0.02185,0.0030927658081054
Dask,Drug Review,2022.1.0,v2,10,Missing,0.007691,0.0012364387512207
Dask,Drug Review,2022.1.0,v2,10,Row/Column,0.02484,0.0031080245971679
Dask,Drug Review,2022.1.0,v2,10,Aggregation,0.0,0.0003638267517089
Dask,Drug Review,2022.1.0,v2,10,Row/Column,0.229492,0.0264947414398193
Dask,Drug Review,2022.1.0,v2,10,Row/Column,9.180275,0.7367134094238281
Dask,Drug Review,2022.1.0,v2,10,Row/Column,0.247679,0.0294978618621826
Dask,Drug Review,2022.1.0,v2,10,Aggregation,6.566085,0.6422405242919922
Dask,Drug Review,2022.1.0,v2,10,Aggregation,3.112235,0.2333424091339111
Dask,Drug Review,2022.1.0,v2,10,Aggregation,3.187492,0.2369906902313232
Dask,Drug Review,2022.1.0,v2,10,Aggregation,3.102714,0.2305364608764648
Dask,Drug Review,2022.1.0,v2,10,Aggregation,3.081352,0.228050947189331
Dask,Drug Review,2022.1.0,v2,10,Row/Column,3.256156,0.2480278015136718
Dask,Drug Review,2022.1.0,v2,10,I/O,0.072143,0.0066967010498046
Dask,Drug Review,2022.1.0,v2,10,I/O,89.268266,10.087776184082031
Dask,Drug Review,2022.1.0,v2,10,I/O,79.132976,8.432824850082397
Dask,Drug Review,2022.1.0,v2,10,I/O,58.41434,6.296071290969849
Dask,Drug Review,2022.1.0,v2,10,Missing,0.007141,0.0014317035675048
Dask,Drug Review,2022.1.0,v2,10,Missing,0.033752,0.0040853023529052
Dask,Drug Review,2022.1.0,v2,10,Missing,0.026489,0.0034351348876953
Dask,Drug Review,2022.1.0,v2,10,Missing,0.005797,0.0015671253204345
Dask,Drug Review,2022.1.0,v2,10,Row/Column,0.025452,0.0034105777740478
Dask,Drug Review,2022.1.0,v2,10,Aggregation,0.0,0.0007140636444091
Dask,Drug Review,2022.1.0,v2,10,Row/Column,0.087219,0.010493516921997
Dask,Drug Review,2022.1.0,v2,10,Row/Column,9.194739,0.7071325778961182
Dask,Drug Review,2022.1.0,v2,10,Row/Column,0.261413,0.029726505279541
Dask,Drug Review,2022.1.0,v2,10,Aggregation,6.618331,0.6249957084655762
Dask,Drug Review,2022.1.0,v2,10,Aggregation,3.147515,0.2413091659545898
Dask,Drug Review,2022.1.0,v2,10,Aggregation,3.144523,0.2364330291748047
Dask,Drug Review,2022.1.0,v2,10,Aggregation,3.025748,0.2182135581970214
Dask,Drug Review,2022.1.0,v2,10,Aggregation,3.09246,0.2295303344726562
Dask,Drug Review,2022.1.0,v2,10,Row/Column,3.29998,0.2739846706390381
Dask,Drug Review,2022.1.0,v2,10,I/O,0.062256,0.0061953067779541
Dask,Drug Review,2022.1.0,v2,10,I/O,88.28554,10.005666017532349
Dask,Drug Review,2022.1.0,v2,10,I/O,78.837506,8.540931940078735
Dask,Drug Review,2022.1.0,v2,10,I/O,57.427709,6.242455720901489
Dask,Drug Review,2022.1.0,v2,10,Missing,0.007691,0.0014426708221435
Dask,Drug Review,2022.1.0,v2,10,Missing,0.031554,0.0040805339813232
Dask,Drug Review,2022.1.0,v2,10,Missing,0.025024,0.0034067630767822
Dask,Drug Review,2022.1.0,v2,10,Missing,0.013428,0.0015552043914794
Dask,Drug Review,2022.1.0,v2,10,Row/Column,0.025146,0.0034162998199462
Dask,Drug Review,2022.1.0,v2,10,Aggregation,0.0,0.0007436275482177
Dask,Drug Review,2022.1.0,v2,10,Row/Column,0.084107,0.0105054378509521
Dask,Drug Review,2022.1.0,v2,10,Row/Column,8.875709,0.7064580917358398
Dask,Drug Review,2022.1.0,v2,10,Row/Column,0.244993,0.0295171737670898
Dask,Drug Review,2022.1.0,v2,10,Aggregation,6.581282,0.628746509552002
Dask,Drug Review,2022.1.0,v2,10,Aggregation,3.005606,0.221257209777832
Dask,Drug Review,2022.1.0,v2,10,Aggregation,3.160392,0.237969160079956
Dask,Drug Review,2022.1.0,v2,10,Aggregation,3.012688,0.2396247386932373
Dask,Drug Review,2022.1.0,v2,10,Aggregation,2.978813,0.217076301574707
Dask,Drug Review,2022.1.0,v2,10,Row/Column,3.338614,0.2681796550750732
Dask,Drug Review,2022.1.0,v2,10,I/O,0.055663,0.006385326385498
Dask,Drug Review,2022.1.0,v2,10,I/O,89.223465,10.0818989276886
Dask,Drug Review,2022.1.0,v2,10,I/O,79.48936,8.530340194702148
Dask,Drug Review,2022.1.0,v2,10,I/O,57.774145,6.271775722503662
Dask,Drug Review,2022.1.0,v2,10,Missing,0.009583,0.001432180404663
Dask,Drug Review,2022.1.0,v2,10,Missing,0.034729,0.0040903091430664
Dask,Drug Review,2022.1.0,v2,10,Missing,0.025756,0.0034229755401611
Dask,Drug Review,2022.1.0,v2,10,Missing,0.008179,0.0015439987182617
Dask,Drug Review,2022.1.0,v2,10,Row/Column,0.024963,0.0034480094909667
Dask,Drug Review,2022.1.0,v2,10,Aggregation,0.001099,0.0007438659667968
Dask,Drug Review,2022.1.0,v2,10,Row/Column,0.084412,0.0106370449066162
Dask,Drug Review,2022.1.0,v2,10,Row/Column,8.992531,0.704972505569458
Dask,Drug Review,2022.1.0,v2,10,Row/Column,0.245239,0.0291824340820312
Dask,Drug Review,2022.1.0,v2,10,Aggregation,6.567366,0.6356215476989746
Dask,Drug Review,2022.1.0,v2,10,Aggregation,2.93377,0.2173337936401367
Dask,Drug Review,2022.1.0,v2,10,Aggregation,3.010551,0.2209022045135498
Dask,Drug Review,2022.1.0,v2,10,Aggregation,3.106742,0.2309362888336181
Dask,Drug Review,2022.1.0,v2,10,Aggregation,3.134208,0.2341217994689941
Dask,Drug Review,2022.1.0,v2,10,Row/Column,3.12432,0.2357585430145263
Dask,Drug Review,2025.1.0,v0,10,I/O,0.361632,0.0371787548065185
Dask,Drug Review,2025.1.0,v0,10,I/O,80.886451,9.10379672050476
Dask,Drug Review,2025.1.0,v0,10,I/O,81.720311,8.641459226608276
Dask,Drug Review,2025.1.0,v0,10,I/O,60.113311,6.489935636520386
Dask,Drug Review,2025.1.0,v0,10,Missing,0.028381,0.0089826583862304
Dask,Drug Review,2025.1.0,v0,10,Missing,0.007262,0.0017457008361816
Dask,Drug Review,2025.1.0,v0,10,Missing,0.025635,0.0083601474761962
Dask,Drug Review,2025.1.0,v0,10,Missing,0.003601,0.0009479522705078
Dask,Drug Review,2025.1.0,v0,10,Row/Column,0.007323,0.0013515949249267
Dask,Drug Review,2025.1.0,v0,10,Aggregation,0.0,0.0008003711700439
Dask,Drug Review,2025.1.0,v0,10,Row/Column,0.088806,0.0149638652801513
Dask,Drug Review,2025.1.0,v0,10,Row/Column,0.005004,0.0007257461547851
Dask,Drug Review,2025.1.0,v0,10,Row/Column,0.092041,0.0156493186950683
Dask,Drug Review,2025.1.0,v0,10,Aggregation,7.456951,0.7121198177337646
Dask,Drug Review,2025.1.0,v0,10,Aggregation,6.355575,0.6148326396942139
Dask,Drug Review,2025.1.0,v0,10,Aggregation,6.321639,0.6049177646636963
Dask,Drug Review,2025.1.0,v0,10,Aggregation,6.318282,0.608074426651001
Dask,Drug Review,2025.1.0,v0,10,Aggregation,6.28099,0.6044814586639404
Dask,Drug Review,2025.1.0,v0,10,Row/Column,6.654035,0.6453163623809814
Dask,Drug Review,2025.1.0,v0,10,I/O,0.071227,0.0067493915557861
Dask,Drug Review,2025.1.0,v0,10,I/O,80.174294,8.998261451721191
Dask,Drug Review,2025.1.0,v0,10,I/O,81.320166,8.608910322189331
Dask,Drug Review,2025.1.0,v0,10,I/O,60.528593,6.45465898513794
Dask,Drug Review,2025.1.0,v0,10,Missing,0.005005,0.0010821819305419
Dask,Drug Review,2025.1.0,v0,10,Missing,0.01062,0.001434326171875
Dask,Drug Review,2025.1.0,v0,10,Missing,0.007324,0.0007307529449462
Dask,Drug Review,2025.1.0,v0,10,Missing,0.0,0.0006065368652343
Dask,Drug Review,2025.1.0,v0,10,Row/Column,0.007934,0.0010807514190673
Dask,Drug Review,2025.1.0,v0,10,Aggregation,0.0,0.000446081161499
Dask,Drug Review,2025.1.0,v0,10,Row/Column,0.059998,0.0072159767150878
Dask,Drug Review,2025.1.0,v0,10,Row/Column,0.001954,0.0003645420074462
Dask,Drug Review,2025.1.0,v0,10,Row/Column,0.242187,0.0270323753356933
Dask,Drug Review,2025.1.0,v0,10,Aggregation,7.293378,0.694054126739502
Dask,Drug Review,2025.1.0,v0,10,Aggregation,6.27861,0.6039896011352539
Dask,Drug Review,2025.1.0,v0,10,Aggregation,6.313826,0.604926586151123
Dask,Drug Review,2025.1.0,v0,10,Aggregation,6.279585,0.5960636138916016
Dask,Drug Review,2025.1.0,v0,10,Aggregation,6.276962,0.6064352989196777
Dask,Drug Review,2025.1.0,v0,10,Row/Column,6.615644,0.6349742412567139
Dask,Drug Review,2025.1.0,v0,10,I/O,0.071533,0.0066206455230712
Dask,Drug Review,2025.1.0,v0,10,I/O,78.994671,8.918062210083008
Dask,Drug Review,2025.1.0,v0,10,I/O,79.775247,8.583356380462646
Dask,Drug Review,2025.1.0,v0,10,I/O,59.7872,6.49182915687561
Dask,Drug Review,2025.1.0,v0,10,Missing,0.008361,0.0008990764617919
Dask,Drug Review,2025.1.0,v0,10,Missing,0.008483,0.0017640590667724
Dask,Drug Review,2025.1.0,v0,10,Missing,0.00177,0.0009312629699707
Dask,Drug Review,2025.1.0,v0,10,Missing,0.0,0.0007040500640869
Dask,Drug Review,2025.1.0,v0,10,Row/Column,0.008667,0.0013372898101806
Dask,Drug Review,2025.1.0,v0,10,Aggregation,0.0,0.0007245540618896
Dask,Drug Review,2025.1.0,v0,10,Row/Column,0.058593,0.007239818572998
Dask,Drug Review,2025.1.0,v0,10,Row/Column,0.0,0.0003690719604492
Dask,Drug Review,2025.1.0,v0,10,Row/Column,0.215576,0.0241010189056396
Dask,Drug Review,2025.1.0,v0,10,Aggregation,7.271467,0.6937417984008789
Dask,Drug Review,2025.1.0,v0,10,Aggregation,6.41069,0.612506628036499
Dask,Drug Review,2025.1.0,v0,10,Aggregation,6.426559,0.6093654632568359
Dask,Drug Review,2025.1.0,v0,10,Aggregation,6.30638,0.6055002212524414
Dask,Drug Review,2025.1.0,v0,10,Aggregation,6.319808,0.6045529842376709
Dask,Drug Review,2025.1.0,v0,10,Row/Column,6.650374,0.632577657699585
Dask,Drug Review,2025.1.0,v0,10,I/O,0.080811,0.0068366527557373
Dask,Drug Review,2025.1.0,v0,10,I/O,78.748638,8.849119424819946
Dask,Drug Review,2025.1.0,v0,10,I/O,79.580729,8.552438259124756
Dask,Drug Review,2025.1.0,v0,10,I/O,58.887362,6.392612218856812
Dask,Drug Review,2025.1.0,v0,10,Missing,0.0,0.0006718635559082
Dask,Drug Review,2025.1.0,v0,10,Missing,0.007751,0.0014159679412841
Dask,Drug Review,2025.1.0,v0,10,Missing,0.0,0.0007011890411376
Dask,Drug Review,2025.1.0,v0,10,Missing,0.0,0.000577688217163
Dask,Drug Review,2025.1.0,v0,10,Row/Column,0.008056,0.0014255046844482
Dask,Drug Review,2025.1.0,v0,10,Aggregation,0.0,0.0007939338684082
Dask,Drug Review,2025.1.0,v0,10,Row/Column,0.059876,0.0073847770690917
Dask,Drug Review,2025.1.0,v0,10,Row/Column,0.0,0.0007388591766357
Dask,Drug Review,2025.1.0,v0,10,Row/Column,0.071106,0.0080904960632324
Dask,Drug Review,2025.1.0,v0,10,Aggregation,7.26756,0.6972689628601074
Dask,Drug Review,2025.1.0,v0,10,Aggregation,6.285018,0.6085293292999268
Dask,Drug Review,2025.1.0,v0,10,Aggregation,6.272994,0.603142261505127
Dask,Drug Review,2025.1.0,v0,10,Aggregation,6.220259,0.596407413482666
Dask,Drug Review,2025.1.0,v0,10,Aggregation,6.23619,0.6029565334320068
Dask,Drug Review,2025.1.0,v0,10,Row/Column,6.462569,0.62302565574646
Dask,Drug Review,2025.1.0,v0,10,I/O,0.066039,0.006807804107666
Dask,Drug Review,2025.1.0,v0,10,I/O,79.146526,8.956734657287598
Dask,Drug Review,2025.1.0,v0,10,I/O,78.619,8.478808879852295
Dask,Drug Review,2025.1.0,v0,10,I/O,59.174348,6.418202877044678
Dask,Drug Review,2025.1.0,v0,10,Missing,0.002685,0.0010731220245361
Dask,Drug Review,2025.1.0,v0,10,Missing,0.006409,0.0017459392547607
Dask,Drug Review,2025.1.0,v0,10,Missing,0.004821,0.0010709762573242
Dask,Drug Review,2025.1.0,v0,10,Missing,0.006835,0.0009565353393554
Dask,Drug Review,2025.1.0,v0,10,Row/Column,0.008117,0.0013420581817626
Dask,Drug Review,2025.1.0,v0,10,Aggregation,0.0,0.0008070468902587
Dask,Drug Review,2025.1.0,v0,10,Row/Column,0.05896,0.0071427822113037
Dask,Drug Review,2025.1.0,v0,10,Row/Column,0.0,0.0003833770751953
Dask,Drug Review,2025.1.0,v0,10,Row/Column,0.05841,0.0078730583190917
Dask,Drug Review,2025.1.0,v0,10,Aggregation,7.264081,0.6816654205322266
Dask,Drug Review,2025.1.0,v0,10,Aggregation,6.201217,0.5872864723205566
Dask,Drug Review,2025.1.0,v0,10,Aggregation,6.13414,0.5829346179962158
Dask,Drug Review,2025.1.0,v0,10,Aggregation,6.3477,0.6083393096923828
Dask,Drug Review,2025.1.0,v0,10,Aggregation,6.342941,0.608544111251831
Dask,Drug Review,2025.1.0,v0,10,Row/Column,6.677472,0.6363720893859863
Dask,Drug Review,2025.1.0,v0,10,I/O,0.075379,0.0072293281555175
Dask,Drug Review,2025.1.0,v0,10,I/O,79.029521,8.932790994644165
Dask,Drug Review,2025.1.0,v0,10,I/O,79.991067,8.531364917755127
Dask,Drug Review,2025.1.0,v0,10,I/O,58.782747,6.359283208847046
Dask,Drug Review,2025.1.0,v0,10,Missing,0.0,0.0007193088531494
Dask,Drug Review,2025.1.0,v0,10,Missing,0.008056,0.0014164447784423
Dask,Drug Review,2025.1.0,v0,10,Missing,0.0,0.0007483959197998
Dask,Drug Review,2025.1.0,v0,10,Missing,0.0,0.0006072521209716
Dask,Drug Review,2025.1.0,v0,10,Row/Column,0.00824,0.0014128684997558
Dask,Drug Review,2025.1.0,v0,10,Aggregation,0.0,0.0008051395416259
Dask,Drug Review,2025.1.0,v0,10,Row/Column,0.05658,0.0073041915893554
Dask,Drug Review,2025.1.0,v0,10,Row/Column,0.0,0.0007379055023193
Dask,Drug Review,2025.1.0,v0,10,Row/Column,0.06964,0.0079813003540039
Dask,Drug Review,2025.1.0,v0,10,Aggregation,7.234845,0.6983704566955566
Dask,Drug Review,2025.1.0,v0,10,Aggregation,6.33763,0.6019279956817627
Dask,Drug Review,2025.1.0,v0,10,Aggregation,6.347822,0.6121275424957275
Dask,Drug Review,2025.1.0,v0,10,Aggregation,6.289107,0.6018571853637695
Dask,Drug Review,2025.1.0,v0,10,Aggregation,6.349227,0.5946614742279053
Dask,Drug Review,2025.1.0,v0,10,Row/Column,6.553694,0.6210241317749023
Dask,Drug Review,2025.1.0,v0,10,I/O,0.068115,0.0067970752716064
Dask,Drug Review,2025.1.0,v0,10,I/O,79.165936,8.937800407409668
Dask,Drug Review,2025.1.0,v0,10,I/O,80.202004,8.50494933128357
Dask,Drug Review,2025.1.0,v0,10,I/O,58.82773,6.34576940536499
Dask,Drug Review,2025.1.0,v0,10,Missing,0.004639,0.0010402202606201
Dask,Drug Review,2025.1.0,v0,10,Missing,0.008179,0.0017576217651367
Dask,Drug Review,2025.1.0,v0,10,Missing,0.004639,0.0009598731994628
Dask,Drug Review,2025.1.0,v0,10,Missing,0.0,0.000575304031372
Dask,Drug Review,2025.1.0,v0,10,Row/Column,0.008117,0.001084566116333
Dask,Drug Review,2025.1.0,v0,10,Aggregation,0.0,0.0004260540008544
Dask,Drug Review,2025.1.0,v0,10,Row/Column,0.060729,0.0071179866790771
Dask,Drug Review,2025.1.0,v0,10,Row/Column,0.0,0.0003697872161865
Dask,Drug Review,2025.1.0,v0,10,Row/Column,0.061951,0.0078737735748291
Dask,Drug Review,2025.1.0,v0,10,Aggregation,7.085248,0.6771667003631592
Dask,Drug Review,2025.1.0,v0,10,Aggregation,6.036118,0.5735595226287842
Dask,Drug Review,2025.1.0,v0,10,Aggregation,6.024459,0.577279806137085
Dask,Drug Review,2025.1.0,v0,10,Aggregation,6.050522,0.5732724666595459
Dask,Drug Review,2025.1.0,v0,10,Aggregation,6.010727,0.572227954864502
Dask,Drug Review,2025.1.0,v0,10,Row/Column,6.335372,0.6013391017913818
Dask,Drug Review,2025.1.0,v0,10,I/O,0.075623,0.0078132152557373
Dask,Drug Review,2025.1.0,v0,10,I/O,79.770486,8.971425771713257
Dask,Drug Review,2025.1.0,v0,10,I/O,80.237344,8.555876016616821
Dask,Drug Review,2025.1.0,v0,10,I/O,59.977508,6.389005184173584
Dask,Drug Review,2025.1.0,v0,10,Missing,0.0,0.0006797313690185
Dask,Drug Review,2025.1.0,v0,10,Missing,0.008118,0.0014200210571289
Dask,Drug Review,2025.1.0,v0,10,Missing,0.0,0.0007100105285644
Dask,Drug Review,2025.1.0,v0,10,Missing,0.0,0.000589370727539
Dask,Drug Review,2025.1.0,v0,10,Row/Column,0.007934,0.0014102458953857
Dask,Drug Review,2025.1.0,v0,10,Aggregation,0.0,0.0007979869842529
Dask,Drug Review,2025.1.0,v0,10,Row/Column,0.058471,0.0075075626373291
Dask,Drug Review,2025.1.0,v0,10,Row/Column,0.004028,0.0007026195526123
Dask,Drug Review,2025.1.0,v0,10,Row/Column,0.061583,0.0081441402435302
Dask,Drug Review,2025.1.0,v0,10,Aggregation,7.085919,0.6786787509918213
Dask,Drug Review,2025.1.0,v0,10,Aggregation,6.046309,0.5734336376190186
Dask,Drug Review,2025.1.0,v0,10,Aggregation,6.031112,0.5791990756988525
Dask,Drug Review,2025.1.0,v0,10,Aggregation,6.05278,0.5771999359130859
Dask,Drug Review,2025.1.0,v0,10,Aggregation,6.00505,0.5751056671142578
Dask,Drug Review,2025.1.0,v0,10,Row/Column,6.400314,0.607593297958374
Dask,Drug Review,2025.1.0,v0,10,I/O,0.073242,0.006955862045288
Dask,Drug Review,2025.1.0,v0,10,I/O,79.429606,8.955143690109253
Dask,Drug Review,2025.1.0,v0,10,I/O,80.068338,8.575708627700806
Dask,Drug Review,2025.1.0,v0,10,I/O,59.840483,6.405680179595947
Dask,Drug Review,2025.1.0,v0,10,Missing,0.0,0.000812292098999
Dask,Drug Review,2025.1.0,v0,10,Missing,0.00885,0.0014152526855468
Dask,Drug Review,2025.1.0,v0,10,Missing,0.0,0.0007309913635253
Dask,Drug Review,2025.1.0,v0,10,Missing,0.0,0.0007319450378417
Dask,Drug Review,2025.1.0,v0,10,Row/Column,0.015869,0.002187967300415
Dask,Drug Review,2025.1.0,v0,10,Aggregation,0.0,0.0008068084716796
Dask,Drug Review,2025.1.0,v0,10,Row/Column,0.059632,0.0074007511138916
Dask,Drug Review,2025.1.0,v0,10,Row/Column,0.005126,0.000734806060791
Dask,Drug Review,2025.1.0,v0,10,Row/Column,0.062927,0.0081119537353515
Dask,Drug Review,2025.1.0,v0,10,Aggregation,7.133526,0.6692512035369873
Dask,Drug Review,2025.1.0,v0,10,Aggregation,6.00145,0.5739231109619141
Dask,Drug Review,2025.1.0,v0,10,Aggregation,5.968795,0.575214147567749
Dask,Drug Review,2025.1.0,v0,10,Aggregation,5.961899,0.57049560546875
Dask,Drug Review,2025.1.0,v0,10,Aggregation,5.994064,0.5746355056762695
Dask,Drug Review,2025.1.0,v0,10,Row/Column,6.226913,0.6041860580444336
Dask,Drug Review,2025.1.0,v0,10,I/O,0.061585,0.0070667266845703
Dask,Drug Review,2025.1.0,v0,10,I/O,78.526044,8.936153411865234
Dask,Drug Review,2025.1.0,v0,10,I/O,79.992166,8.596497774124146
Dask,Drug Review,2025.1.0,v0,10,I/O,59.240449,6.454490661621094
Dask,Drug Review,2025.1.0,v0,10,Missing,0.007324,0.0010735988616943
Dask,Drug Review,2025.1.0,v0,10,Missing,0.008301,0.0017497539520263
Dask,Drug Review,2025.1.0,v0,10,Missing,0.007324,0.0010812282562255
Dask,Drug Review,2025.1.0,v0,10,Missing,0.002197,0.0009455680847167
Dask,Drug Review,2025.1.0,v0,10,Row/Column,0.007873,0.0010647773742675
Dask,Drug Review,2025.1.0,v0,10,Aggregation,0.0,0.0004422664642333
Dask,Drug Review,2025.1.0,v0,10,Row/Column,0.058838,0.0071101188659667
Dask,Drug Review,2025.1.0,v0,10,Row/Column,0.003479,0.0003933906555175
Dask,Drug Review,2025.1.0,v0,10,Row/Column,0.062317,0.00787353515625
Dask,Drug Review,2025.1.0,v0,10,Aggregation,6.974774,0.6764111518859863
Dask,Drug Review,2025.1.0,v0,10,Aggregation,5.977036,0.5738251209259033
Dask,Drug Review,2025.1.0,v0,10,Aggregation,5.995652,0.5764338970184326
Dask,Drug Review,2025.1.0,v0,10,Aggregation,6.253524,0.6046314239501953
Dask,Drug Review,2025.1.0,v0,10,Aggregation,6.263961,0.6022148132324219
Dask,Drug Review,2025.1.0,v0,10,Row/Column,6.526716,0.6273398399353027
Dask,Student Exam,2024.8.0,v1,10,I/O,0.23883,0.0243175029754638
Dask,Student Exam,2024.8.0,v1,10,I/O,2.496576,0.2750716209411621
Dask,Student Exam,2024.8.0,v1,10,I/O,3.30236,0.3801324367523193
Dask,Student Exam,2024.8.0,v1,10,I/O,3.260917,0.3676724433898926
Dask,Student Exam,2024.8.0,v1,10,Missing,0.002808,0.0009808540344238
Dask,Student Exam,2024.8.0,v1,10,Missing,0.025757,0.0084402561187744
Dask,Student Exam,2024.8.0,v1,10,Missing,0.052428,0.0060036182403564
Dask,Student Exam,2024.8.0,v1,10,Missing,0.042968,0.0056400299072265
Dask,Student Exam,2024.8.0,v1,10,Row/Column,0.01007,0.0014698505401611
Dask,Student Exam,2024.8.0,v1,10,Aggregation,0.001525,0.0008537769317626
Dask,Student Exam,2024.8.0,v1,10,Row/Column,0.104553,0.0181381702423095
Dask,Student Exam,2024.8.0,v1,10,Row/Column,0.005249,0.0007708072662353
Dask,Student Exam,2024.8.0,v1,10,Row/Column,0.140076,0.0208740234375
Dask,Student Exam,2024.8.0,v1,10,Aggregation,0.526426,0.0535123348236084
Dask,Student Exam,2024.8.0,v1,10,Aggregation,0.206297,0.022418737411499
Dask,Student Exam,2024.8.0,v1,10,Aggregation,0.193298,0.0214076042175292
Dask,Student Exam,2024.8.0,v1,10,Aggregation,0.223632,0.0265607833862304
Dask,Student Exam,2024.8.0,v1,10,Aggregation,0.171325,0.0194206237792968
Dask,Student Exam,2024.8.0,v1,10,Row/Column,0.361998,0.0451202392578125
Dask,Student Exam,2024.8.0,v1,10,I/O,0.0,0.0003528594970703
Dask,Student Exam,2024.8.0,v1,10,I/O,2.274103,0.2429072856903076
Dask,Student Exam,2024.8.0,v1,10,I/O,3.215019,0.3563926219940185
Dask,Student Exam,2024.8.0,v1,10,I/O,3.257682,0.3538105487823486
Dask,Student Exam,2024.8.0,v1,10,Missing,0.0,0.0008115768432617
Dask,Student Exam,2024.8.0,v1,10,Missing,0.011108,0.0017437934875488
Dask,Student Exam,2024.8.0,v1,10,Missing,0.049682,0.0060968399047851
Dask,Student Exam,2024.8.0,v1,10,Missing,0.046448,0.0056338310241699
Dask,Student Exam,2024.8.0,v1,10,Row/Column,0.006225,0.0014863014221191
Dask,Student Exam,2024.8.0,v1,10,Aggregation,0.0,0.0008172988891601
Dask,Student Exam,2024.8.0,v1,10,Row/Column,0.083984,0.0108046531677246
Dask,Student Exam,2024.8.0,v1,10,Row/Column,0.0,0.000439167022705
Dask,Student Exam,2024.8.0,v1,10,Row/Column,0.106445,0.0132949352264404
Dask,Student Exam,2024.8.0,v1,10,Aggregation,0.547117,0.0565114021301269
Dask,Student Exam,2024.8.0,v1,10,Aggregation,0.202818,0.0222859382629394
Dask,Student Exam,2024.8.0,v1,10,Aggregation,0.18518,0.0206477642059326
Dask,Student Exam,2024.8.0,v1,10,Aggregation,0.173705,0.0189220905303955
Dask,Student Exam,2024.8.0,v1,10,Aggregation,0.200683,0.0222070217132568
Dask,Student Exam,2024.8.0,v1,10,Row/Column,0.325988,0.0349173545837402
Dask,Student Exam,2024.8.0,v1,10,I/O,0.0,0.0003468990325927
Dask,Student Exam,2024.8.0,v1,10,I/O,2.199396,0.2278404235839843
Dask,Student Exam,2024.8.0,v1,10,I/O,3.174491,0.3645954132080078
Dask,Student Exam,2024.8.0,v1,10,I/O,3.252495,0.3576734066009521
Dask,Student Exam,2024.8.0,v1,10,Missing,0.001648,0.0009963512420654
Dask,Student Exam,2024.8.0,v1,10,Missing,0.0094,0.0017426013946533
Dask,Student Exam,2024.8.0,v1,10,Missing,0.047973,0.0061218738555908
Dask,Student Exam,2024.8.0,v1,10,Missing,0.044739,0.0058789253234863
Dask,Student Exam,2024.8.0,v1,10,Row/Column,0.006103,0.0014708042144775
Dask,Student Exam,2024.8.0,v1,10,Aggregation,0.001648,0.000833511352539
Dask,Student Exam,2024.8.0,v1,10,Row/Column,0.082276,0.0106430053710937
Dask,Student Exam,2024.8.0,v1,10,Row/Column,0.0,0.0007634162902832
Dask,Student Exam,2024.8.0,v1,10,Row/Column,0.105834,0.0135092735290527
Dask,Student Exam,2024.8.0,v1,10,Aggregation,0.551147,0.0573809146881103
Dask,Student Exam,2024.8.0,v1,10,Aggregation,0.199768,0.0221946239471435
Dask,Student Exam,2024.8.0,v1,10,Aggregation,0.196227,0.0214765071868896
Dask,Student Exam,2024.8.0,v1,10,Aggregation,0.173095,0.0188283920288085
Dask,Student Exam,2024.8.0,v1,10,Aggregation,0.191772,0.0215451717376709
Dask,Student Exam,2024.8.0,v1,10,Row/Column,0.309814,0.0351169109344482
Dask,Student Exam,2024.8.0,v1,10,I/O,0.009522,0.0005199909210205
Dask,Student Exam,2024.8.0,v1,10,I/O,2.223749,0.236034870147705
Dask,Student Exam,2024.8.0,v1,10,I/O,3.146293,0.3596913814544678
Dask,Student Exam,2024.8.0,v1,10,I/O,3.126884,0.3428645133972168
Dask,Student Exam,2024.8.0,v1,10,Missing,0.001648,0.0009396076202392
Dask,Student Exam,2024.8.0,v1,10,Missing,0.008423,0.0017106533050537
Dask,Student Exam,2024.8.0,v1,10,Missing,0.049072,0.0059750080108642
Dask,Student Exam,2024.8.0,v1,10,Missing,0.045776,0.0056607723236083
Dask,Student Exam,2024.8.0,v1,10,Row/Column,0.008117,0.0013771057128906
Dask,Student Exam,2024.8.0,v1,10,Aggregation,0.012268,0.0007247924804687
Dask,Student Exam,2024.8.0,v1,10,Row/Column,0.082824,0.0104484558105468
Dask,Student Exam,2024.8.0,v1,10,Row/Column,0.0,0.0007641315460205
Dask,Student Exam,2024.8.0,v1,10,Row/Column,0.108644,0.0129909515380859
Dask,Student Exam,2024.8.0,v1,10,Aggregation,0.486204,0.0519502162933349
Dask,Student Exam,2024.8.0,v1,10,Aggregation,0.201599,0.0222268104553222
Dask,Student Exam,2024.8.0,v1,10,Aggregation,0.191101,0.0203588008880615
Dask,Student Exam,2024.8.0,v1,10,Aggregation,0.166077,0.0185046195983886
Dask,Student Exam,2024.8.0,v1,10,Aggregation,0.200867,0.0219216346740722
Dask,Student Exam,2024.8.0,v1,10,Row/Column,0.309142,0.0347208976745605
Dask,Student Exam,2024.8.0,v1,10,I/O,0.001465,0.0004870891571044
Dask,Student Exam,2024.8.0,v1,10,I/O,2.196955,0.2325313091278076
Dask,Student Exam,2024.8.0,v1,10,I/O,3.207206,0.3638017177581787
Dask,Student Exam,2024.8.0,v1,10,I/O,3.144401,0.3413810729980469
Dask,Student Exam,2024.8.0,v1,10,Missing,0.001709,0.000955581665039
Dask,Student Exam,2024.8.0,v1,10,Missing,0.006958,0.0016901493072509
Dask,Student Exam,2024.8.0,v1,10,Missing,0.042725,0.0059268474578857
Dask,Student Exam,2024.8.0,v1,10,Missing,0.045776,0.0056571960449218
Dask,Student Exam,2024.8.0,v1,10,Row/Column,0.005006,0.0014796257019042
Dask,Student Exam,2024.8.0,v1,10,Aggregation,0.0,0.0008282661437988
Dask,Student Exam,2024.8.0,v1,10,Row/Column,0.083069,0.0107364654541015
Dask,Student Exam,2024.8.0,v1,10,Row/Column,0.008422,0.0007596015930175
Dask,Student Exam,2024.8.0,v1,10,Row/Column,0.109862,0.0134360790252685
Dask,Student Exam,2024.8.0,v1,10,Aggregation,0.515195,0.0528144836425781
Dask,Student Exam,2024.8.0,v1,10,Aggregation,0.19989,0.0221405029296875
Dask,Student Exam,2024.8.0,v1,10,Aggregation,0.195007,0.0209412574768066
Dask,Student Exam,2024.8.0,v1,10,Aggregation,0.169616,0.0189542770385742
Dask,Student Exam,2024.8.0,v1,10,Aggregation,0.200866,0.0218214988708496
Dask,Student Exam,2024.8.0,v1,10,Row/Column,0.307678,0.0341262817382812
Dask,Student Exam,2024.8.0,v1,10,I/O,0.0,0.0004024505615234
Dask,Student Exam,2024.8.0,v1,10,I/O,2.267633,0.2352542877197265
Dask,Student Exam,2024.8.0,v1,10,I/O,3.19274,0.3591055870056152
Dask,Student Exam,2024.8.0,v1,10,I/O,3.166862,0.344851016998291
Dask,Student Exam,2024.8.0,v1,10,Missing,0.001281,0.0007886886596679
Dask,Student Exam,2024.8.0,v1,10,Missing,0.008545,0.0014212131500244
Dask,Student Exam,2024.8.0,v1,10,Missing,0.042053,0.0057156085968017
Dask,Student Exam,2024.8.0,v1,10,Missing,0.040832,0.0054187774658203
Dask,Student Exam,2024.8.0,v1,10,Row/Column,0.007446,0.001479148864746
Dask,Student Exam,2024.8.0,v1,10,Aggregation,0.002381,0.0008168220520019
Dask,Student Exam,2024.8.0,v1,10,Row/Column,0.080811,0.0106008052825927
Dask,Student Exam,2024.8.0,v1,10,Row/Column,0.0,0.000685691833496
Dask,Student Exam,2024.8.0,v1,10,Row/Column,0.108825,0.0134649276733398
Dask,Student Exam,2024.8.0,v1,10,Aggregation,0.502135,0.052300214767456
Dask,Student Exam,2024.8.0,v1,10,Aggregation,0.204956,0.0221748352050781
Dask,Student Exam,2024.8.0,v1,10,Aggregation,0.182068,0.020390510559082
Dask,Student Exam,2024.8.0,v1,10,Aggregation,0.169739,0.0184009075164794
Dask,Student Exam,2024.8.0,v1,10,Aggregation,0.16449,0.0187342166900634
Dask,Student Exam,2024.8.0,v1,10,Row/Column,0.31256,0.0347063541412353
Dask,Student Exam,2024.8.0,v1,10,I/O,0.0,0.0004138946533203
Dask,Student Exam,2024.8.0,v1,10,I/O,2.140498,0.2282979488372802
Dask,Student Exam,2024.8.0,v1,10,I/O,3.202689,0.3623061180114746
Dask,Student Exam,2024.8.0,v1,10,I/O,3.079399,0.3353524208068847
Dask,Student Exam,2024.8.0,v1,10,Missing,0.006958,0.0009868144989013
Dask,Student Exam,2024.8.0,v1,10,Missing,0.008728,0.0016348361968994
Dask,Student Exam,2024.8.0,v1,10,Missing,0.049682,0.006091833114624
Dask,Student Exam,2024.8.0,v1,10,Missing,0.043335,0.0057792663574218
Dask,Student Exam,2024.8.0,v1,10,Row/Column,0.007141,0.0014786720275878
Dask,Student Exam,2024.8.0,v1,10,Aggregation,0.001769,0.0007190704345703
Dask,Student Exam,2024.8.0,v1,10,Row/Column,0.083192,0.0106668472290039
Dask,Student Exam,2024.8.0,v1,10,Row/Column,0.0,0.000765323638916
Dask,Student Exam,2024.8.0,v1,10,Row/Column,0.110351,0.0134148597717285
Dask,Student Exam,2024.8.0,v1,10,Aggregation,0.505858,0.0524525642395019
Dask,Student Exam,2024.8.0,v1,10,Aggregation,0.201721,0.0221803188323974
Dask,Student Exam,2024.8.0,v1,10,Aggregation,0.19873,0.0208997726440429
Dask,Student Exam,2024.8.0,v1,10,Aggregation,0.186218,0.0209167003631591
Dask,Student Exam,2024.8.0,v1,10,Aggregation,0.174743,0.0187618732452392
Dask,Student Exam,2024.8.0,v1,10,Row/Column,0.321533,0.0350010395050048
Dask,Student Exam,2024.8.0,v1,10,I/O,0.0,0.0003676414489746
Dask,Student Exam,2024.8.0,v1,10,I/O,2.538873,0.230762243270874
Dask,Student Exam,2024.8.0,v1,10,I/O,3.250785,0.3624169826507568
Dask,Student Exam,2024.8.0,v1,10,I/O,3.153069,0.3373489379882812
Dask,Student Exam,2024.8.0,v1,10,Missing,0.003967,0.0009698867797851
Dask,Student Exam,2024.8.0,v1,10,Missing,0.00763,0.0017108917236328
Dask,Student Exam,2024.8.0,v1,10,Missing,0.046142,0.005997896194458
Dask,Student Exam,2024.8.0,v1,10,Missing,0.041564,0.0057053565979003
Dask,Student Exam,2024.8.0,v1,10,Row/Column,0.003846,0.001457929611206
Dask,Student Exam,2024.8.0,v1,10,Aggregation,0.004088,0.0008149147033691
Dask,Student Exam,2024.8.0,v1,10,Row/Column,0.084717,0.0103621482849121
Dask,Student Exam,2024.8.0,v1,10,Row/Column,0.002502,0.0007524490356445
Dask,Student Exam,2024.8.0,v1,10,Row/Column,0.109741,0.0131852626800537
Dask,Student Exam,2024.8.0,v1,10,Aggregation,0.497618,0.0510697364807128
Dask,Student Exam,2024.8.0,v1,10,Aggregation,0.194336,0.0220508575439453
Dask,Student Exam,2024.8.0,v1,10,Aggregation,0.19342,0.0208117961883544
Dask,Student Exam,2024.8.0,v1,10,Aggregation,0.176269,0.0189197063446044
Dask,Student Exam,2024.8.0,v1,10,Aggregation,0.197754,0.0216374397277832
Dask,Student Exam,2024.8.0,v1,10,Row/Column,0.321106,0.0347445011138916
Dask,Student Exam,2024.8.0,v1,10,I/O,0.0,0.0004253387451171
Dask,Student Exam,2024.8.0,v1,10,I/O,2.233026,0.2287349700927734
Dask,Student Exam,2024.8.0,v1,10,I/O,3.209953,0.3610589504241943
Dask,Student Exam,2024.8.0,v1,10,I/O,3.13726,0.3427634239196777
Dask,Student Exam,2024.8.0,v1,10,Missing,0.002503,0.0009658336639404
Dask,Student Exam,2024.8.0,v1,10,Missing,0.011598,0.0017240047454833
Dask,Student Exam,2024.8.0,v1,10,Missing,0.04596,0.0060713291168212
Dask,Student Exam,2024.8.0,v1,10,Missing,0.042176,0.005746841430664
Dask,Student Exam,2024.8.0,v1,10,Row/Column,0.009216,0.0013659000396728
Dask,Student Exam,2024.8.0,v1,10,Aggregation,0.0,0.0008282661437988
Dask,Student Exam,2024.8.0,v1,10,Row/Column,0.085449,0.0104002952575683
Dask,Student Exam,2024.8.0,v1,10,Row/Column,0.0,0.0007786750793457
Dask,Student Exam,2024.8.0,v1,10,Row/Column,0.11029,0.0133447647094726
Dask,Student Exam,2024.8.0,v1,10,Aggregation,0.482298,0.0506083965301513
Dask,Student Exam,2024.8.0,v1,10,Aggregation,0.191772,0.0217897891998291
Dask,Student Exam,2024.8.0,v1,10,Aggregation,0.181274,0.019798994064331
Dask,Student Exam,2024.8.0,v1,10,Aggregation,0.175172,0.018967866897583
Dask,Student Exam,2024.8.0,v1,10,Aggregation,0.197021,0.0215320587158203
Dask,Student Exam,2024.8.0,v1,10,Row/Column,0.303832,0.0343725681304931
Dask,Student Exam,2024.8.0,v1,10,I/O,0.0,0.0003783702850341
Dask,Student Exam,2024.8.0,v1,10,I/O,2.18603,0.228508710861206
Dask,Student Exam,2024.8.0,v1,10,I/O,3.204947,0.3626229763031006
Dask,Student Exam,2024.8.0,v1,10,I/O,3.051322,0.3347077369689941
Dask,Student Exam,2024.8.0,v1,10,Missing,0.006226,0.0009918212890625
Dask,Student Exam,2024.8.0,v1,10,Missing,0.008972,0.0016636848449707
Dask,Student Exam,2024.8.0,v1,10,Missing,0.043274,0.006066083908081
Dask,Student Exam,2024.8.0,v1,10,Missing,0.041931,0.0057473182678222
Dask,Student Exam,2024.8.0,v1,10,Row/Column,0.008057,0.0014533996582031
Dask,Student Exam,2024.8.0,v1,10,Aggregation,0.0,0.000809907913208
Dask,Student Exam,2024.8.0,v1,10,Row/Column,0.085632,0.010472297668457
Dask,Student Exam,2024.8.0,v1,10,Row/Column,0.0,0.0007538795471191
Dask,Student Exam,2024.8.0,v1,10,Row/Column,0.108093,0.0131866931915283
Dask,Student Exam,2024.8.0,v1,10,Aggregation,0.511412,0.0526175498962402
Dask,Student Exam,2024.8.0,v1,10,Aggregation,0.186157,0.0214660167694091
Dask,Student Exam,2024.8.0,v1,10,Aggregation,0.216126,0.0207300186157226
Dask,Student Exam,2024.8.0,v1,10,Aggregation,0.164673,0.0185956954956054
Dask,Student Exam,2024.8.0,v1,10,Aggregation,0.193176,0.0215914249420166
Dask,Student Exam,2024.8.0,v1,10,Row/Column,0.308958,0.0348172187805175
Dask,Student Exam,2022.1.0,v2,10,I/O,0.14569,0.0145244598388671
Dask,Student Exam,2022.1.0,v2,10,I/O,2.28448,0.2453312873840332
Dask,Student Exam,2022.1.0,v2,10,I/O,3.102409,0.3397836685180664
Dask,Student Exam,2022.1.0,v2,10,I/O,2.986992,0.3163650035858154
Dask,Student Exam,2022.1.0,v2,10,Missing,0.008423,0.0014700889587402
Dask,Student Exam,2022.1.0,v2,10,Missing,0.042908,0.0054571628570556
Dask,Student Exam,2022.1.0,v2,10,Missing,0.045777,0.0054819583892822
Dask,Student Exam,2022.1.0,v2,10,Missing,0.036133,0.0047142505645751
Dask,Student Exam,2022.1.0,v2,10,Row/Column,0.029785,0.0042104721069335
Dask,Student Exam,2022.1.0,v2,10,Aggregation,0.007508,0.0007281303405761
Dask,Student Exam,2022.1.0,v2,10,Row/Column,0.118469,0.0145974159240722
Dask,Student Exam,2022.1.0,v2,10,Row/Column,0.03363,0.0043540000915527
Dask,Student Exam,2022.1.0,v2,10,Row/Column,0.244568,0.0347661972045898
Dask,Student Exam,2022.1.0,v2,10,Aggregation,0.471922,0.0465869903564453
Dask,Student Exam,2022.1.0,v2,10,Aggregation,0.166808,0.0185780525207519
Dask,Student Exam,2022.1.0,v2,10,Aggregation,0.181518,0.0200550556182861
Dask,Student Exam,2022.1.0,v2,10,Aggregation,0.166626,0.0183169841766357
Dask,Student Exam,2022.1.0,v2,10,Aggregation,0.170105,0.0182883739471435
Dask,Student Exam,2022.1.0,v2,10,Row/Column,0.184265,0.0197911262512207
Dask,Student Exam,2022.1.0,v2,10,I/O,0.067383,0.0058882236480712
Dask,Student Exam,2022.1.0,v2,10,I/O,1.880427,0.191859483718872
Dask,Student Exam,2022.1.0,v2,10,I/O,3.13543,0.3375155925750732
Dask,Student Exam,2022.1.0,v2,10,I/O,2.853386,0.3024613857269287
Dask,Student Exam,2022.1.0,v2,10,Missing,0.014221,0.0013883113861083
Dask,Student Exam,2022.1.0,v2,10,Missing,0.093506,0.0100646018981933
Dask,Student Exam,2022.1.0,v2,10,Missing,0.041991,0.005624771118164
Dask,Student Exam,2022.1.0,v2,10,Missing,0.034119,0.0048458576202392
Dask,Student Exam,2022.1.0,v2,10,Row/Column,0.035889,0.004425048828125
Dask,Student Exam,2022.1.0,v2,10,Aggregation,0.004333,0.0007321834564208
Dask,Student Exam,2022.1.0,v2,10,Row/Column,0.117004,0.014280080795288
Dask,Student Exam,2022.1.0,v2,10,Row/Column,0.034424,0.0042574405670166
Dask,Student Exam,2022.1.0,v2,10,Row/Column,0.226258,0.0258920192718505
Dask,Student Exam,2022.1.0,v2,10,Aggregation,0.471313,0.0468449592590332
Dask,Student Exam,2022.1.0,v2,10,Aggregation,0.172545,0.018946886062622
Dask,Student Exam,2022.1.0,v2,10,Aggregation,0.185242,0.0198302268981933
Dask,Student Exam,2022.1.0,v2,10,Aggregation,0.179748,0.0191218852996826
Dask,Student Exam,2022.1.0,v2,10,Aggregation,0.168152,0.0183956623077392
Dask,Student Exam,2022.1.0,v2,10,Row/Column,0.185425,0.0201261043548584
Dask,Student Exam,2022.1.0,v2,10,I/O,0.053223,0.0056698322296142
Dask,Student Exam,2022.1.0,v2,10,I/O,1.871028,0.1953051090240478
Dask,Student Exam,2022.1.0,v2,10,I/O,3.075859,0.3301646709442138
Dask,Student Exam,2022.1.0,v2,10,I/O,2.92138,0.3075146675109863
Dask,Student Exam,2022.1.0,v2,10,Missing,0.009216,0.0013813972473144
Dask,Student Exam,2022.1.0,v2,10,Missing,0.096313,0.0102109909057617
Dask,Student Exam,2022.1.0,v2,10,Missing,0.041443,0.0056102275848388
Dask,Student Exam,2022.1.0,v2,10,Missing,0.040466,0.0048294067382812
Dask,Student Exam,2022.1.0,v2,10,Row/Column,0.032898,0.0043385028839111
Dask,Student Exam,2022.1.0,v2,10,Aggregation,0.0,0.0007333755493164
Dask,Student Exam,2022.1.0,v2,10,Row/Column,0.122437,0.014169692993164
Dask,Student Exam,2022.1.0,v2,10,Row/Column,0.027466,0.0042290687561035
Dask,Student Exam,2022.1.0,v2,10,Row/Column,0.224792,0.0260114669799804
Dask,Student Exam,2022.1.0,v2,10,Aggregation,0.465148,0.0484735965728759
Dask,Student Exam,2022.1.0,v2,10,Aggregation,0.178832,0.0189790725708007
Dask,Student Exam,2022.1.0,v2,10,Aggregation,0.195496,0.0207080841064453
Dask,Student Exam,2022.1.0,v2,10,Aggregation,0.165161,0.01802659034729
Dask,Student Exam,2022.1.0,v2,10,Aggregation,0.175476,0.0183970928192138
Dask,Student Exam,2022.1.0,v2,10,Row/Column,0.178406,0.0194530487060546
Dask,Student Exam,2022.1.0,v2,10,I/O,0.057861,0.0062267780303955
Dask,Student Exam,2022.1.0,v2,10,I/O,1.817805,0.1911907196044922
Dask,Student Exam,2022.1.0,v2,10,I/O,3.040031,0.3333780765533447
Dask,Student Exam,2022.1.0,v2,10,I/O,2.853142,0.3061931133270263
Dask,Student Exam,2022.1.0,v2,10,Missing,0.008789,0.0013267993927001
Dask,Student Exam,2022.1.0,v2,10,Missing,0.065247,0.0077683925628662
Dask,Student Exam,2022.1.0,v2,10,Missing,0.041932,0.0056087970733642
Dask,Student Exam,2022.1.0,v2,10,Missing,0.033019,0.004772663116455
Dask,Student Exam,2022.1.0,v2,10,Row/Column,0.034668,0.0043904781341552
Dask,Student Exam,2022.1.0,v2,10,Aggregation,0.000915,0.0007455348968505
Dask,Student Exam,2022.1.0,v2,10,Row/Column,0.11914,0.0140800476074218
Dask,Student Exam,2022.1.0,v2,10,Row/Column,0.034606,0.0042133331298828
Dask,Student Exam,2022.1.0,v2,10,Row/Column,0.216979,0.0257134437561035
Dask,Student Exam,2022.1.0,v2,10,Aggregation,0.480285,0.0472331047058105
Dask,Student Exam,2022.1.0,v2,10,Aggregation,0.175354,0.0190281867980957
Dask,Student Exam,2022.1.0,v2,10,Aggregation,0.188232,0.0205752849578857
Dask,Student Exam,2022.1.0,v2,10,Aggregation,0.168823,0.018714427947998
Dask,Student Exam,2022.1.0,v2,10,Aggregation,0.171143,0.0184581279754638
Dask,Student Exam,2022.1.0,v2,10,Row/Column,0.180481,0.0198249816894531
Dask,Student Exam,2022.1.0,v2,10,I/O,0.075684,0.0059278011322021
Dask,Student Exam,2022.1.0,v2,10,I/O,1.860591,0.1969563961029052
Dask,Student Exam,2022.1.0,v2,10,I/O,3.061027,0.3334176540374756
Dask,Student Exam,2022.1.0,v2,10,I/O,2.851677,0.3011248111724853
Dask,Student Exam,2022.1.0,v2,10,Missing,0.003173,0.0013928413391113
Dask,Student Exam,2022.1.0,v2,10,Missing,0.068665,0.0077548027038574
Dask,Student Exam,2022.1.0,v2,10,Missing,0.046936,0.0055549144744873
Dask,Student Exam,2022.1.0,v2,10,Missing,0.036803,0.0048236846923828
Dask,Student Exam,2022.1.0,v2,10,Row/Column,0.04126,0.0044465065002441
Dask,Student Exam,2022.1.0,v2,10,Aggregation,0.0,0.000718355178833
Dask,Student Exam,2022.1.0,v2,10,Row/Column,0.120362,0.0141513347625732
Dask,Student Exam,2022.1.0,v2,10,Row/Column,0.029481,0.0042142868041992
Dask,Student Exam,2022.1.0,v2,10,Row/Column,0.219543,0.0259857177734375
Dask,Student Exam,2022.1.0,v2,10,Aggregation,0.467895,0.0480289459228515
Dask,Student Exam,2022.1.0,v2,10,Aggregation,0.167601,0.0189430713653564
Dask,Student Exam,2022.1.0,v2,10,Aggregation,0.179199,0.0199470520019531
Dask,Student Exam,2022.1.0,v2,10,Aggregation,0.172119,0.0183303356170654
Dask,Student Exam,2022.1.0,v2,10,Aggregation,0.171203,0.0184757709503173
Dask,Student Exam,2022.1.0,v2,10,Row/Column,0.177794,0.0197165012359619
Dask,Student Exam,2022.1.0,v2,10,I/O,0.045349,0.0054926872253417
Dask,Student Exam,2022.1.0,v2,10,I/O,1.805538,0.1911933422088623
Dask,Student Exam,2022.1.0,v2,10,I/O,2.976127,0.3302597999572754
Dask,Student Exam,2022.1.0,v2,10,I/O,2.866571,0.3029253482818603
Dask,Student Exam,2022.1.0,v2,10,Missing,0.007996,0.0013737678527832
Dask,Student Exam,2022.1.0,v2,10,Missing,0.064087,0.0077681541442871
Dask,Student Exam,2022.1.0,v2,10,Missing,0.045165,0.0055572986602783
Dask,Student Exam,2022.1.0,v2,10,Missing,0.034546,0.0048229694366455
Dask,Student Exam,2022.1.0,v2,10,Row/Column,0.032836,0.0044879913330078
Dask,Student Exam,2022.1.0,v2,10,Aggregation,0.0,0.0007247924804687
Dask,Student Exam,2022.1.0,v2,10,Row/Column,0.121765,0.0139687061309814
Dask,Student Exam,2022.1.0,v2,10,Row/Column,0.032105,0.0041556358337402
Dask,Student Exam,2022.1.0,v2,10,Row/Column,0.216124,0.0255687236785888
Dask,Student Exam,2022.1.0,v2,10,Aggregation,0.468993,0.0479798316955566
Dask,Student Exam,2022.1.0,v2,10,Aggregation,0.168823,0.0187809467315673
Dask,Student Exam,2022.1.0,v2,10,Aggregation,0.185974,0.0205121040344238
Dask,Student Exam,2022.1.0,v2,10,Aggregation,0.168152,0.0182335376739501
Dask,Student Exam,2022.1.0,v2,10,Aggregation,0.166748,0.0182602405548095
Dask,Student Exam,2022.1.0,v2,10,Row/Column,0.184814,0.0199661254882812
Dask,Student Exam,2022.1.0,v2,10,I/O,0.045899,0.0056571960449218
Dask,Student Exam,2022.1.0,v2,10,I/O,1.816219,0.1907353401184082
Dask,Student Exam,2022.1.0,v2,10,I/O,3.036674,0.3289499282836914
Dask,Student Exam,2022.1.0,v2,10,I/O,2.850335,0.302497386932373
Dask,Student Exam,2022.1.0,v2,10,Missing,0.00885,0.0013859272003173
Dask,Student Exam,2022.1.0,v2,10,Missing,0.06897,0.0078558921813964
Dask,Student Exam,2022.1.0,v2,10,Missing,0.038392,0.0053658485412597
Dask,Student Exam,2022.1.0,v2,10,Missing,0.033874,0.0045421123504638
Dask,Student Exam,2022.1.0,v2,10,Row/Column,0.027954,0.0041089057922363
Dask,Student Exam,2022.1.0,v2,10,Aggregation,0.0,0.0003635883331298
Dask,Student Exam,2022.1.0,v2,10,Row/Column,0.120544,0.0140023231506347
Dask,Student Exam,2022.1.0,v2,10,Row/Column,0.034607,0.0039684772491455
Dask,Student Exam,2022.1.0,v2,10,Row/Column,0.217283,0.0259857177734375
Dask,Student Exam,2022.1.0,v2,10,Aggregation,0.455931,0.0478749275207519
Dask,Student Exam,2022.1.0,v2,10,Aggregation,0.171203,0.0189955234527587
Dask,Student Exam,2022.1.0,v2,10,Aggregation,0.185485,0.0198464393615722
Dask,Student Exam,2022.1.0,v2,10,Aggregation,0.175414,0.0187277793884277
Dask,Student Exam,2022.1.0,v2,10,Aggregation,0.172179,0.0189685821533203
Dask,Student Exam,2022.1.0,v2,10,Row/Column,0.187744,0.0202834606170654
Dask,Student Exam,2022.1.0,v2,10,I/O,0.055786,0.0063202381134033
Dask,Student Exam,2022.1.0,v2,10,I/O,1.863948,0.195852518081665
Dask,Student Exam,2022.1.0,v2,10,I/O,3.042656,0.3290643692016601
Dask,Student Exam,2022.1.0,v2,10,I/O,2.843925,0.3013703823089599
Dask,Student Exam,2022.1.0,v2,10,Missing,0.007081,0.0010573863983154
Dask,Student Exam,2022.1.0,v2,10,Missing,0.071106,0.007509708404541
Dask,Student Exam,2022.1.0,v2,10,Missing,0.041687,0.0053396224975585
Dask,Student Exam,2022.1.0,v2,10,Missing,0.031799,0.0045375823974609
Dask,Student Exam,2022.1.0,v2,10,Row/Column,0.033753,0.0044188499450683
Dask,Student Exam,2022.1.0,v2,10,Aggregation,0.008423,0.0006635189056396
Dask,Student Exam,2022.1.0,v2,10,Row/Column,0.123046,0.0141112804412841
Dask,Student Exam,2022.1.0,v2,10,Row/Column,0.035096,0.0041444301605224
Dask,Student Exam,2022.1.0,v2,10,Row/Column,0.221375,0.0257823467254638
Dask,Student Exam,2022.1.0,v2,10,Aggregation,0.480529,0.0480296611785888
Dask,Student Exam,2022.1.0,v2,10,Aggregation,0.168212,0.0186963081359863
Dask,Student Exam,2022.1.0,v2,10,Aggregation,0.185851,0.0202839374542236
Dask,Student Exam,2022.1.0,v2,10,Aggregation,0.16687,0.0182712078094482
Dask,Student Exam,2022.1.0,v2,10,Aggregation,0.175476,0.0190024375915527
Dask,Student Exam,2022.1.0,v2,10,Row/Column,0.189147,0.0201292037963867
Dask,Student Exam,2022.1.0,v2,10,I/O,0.058654,0.0060713291168212
Dask,Student Exam,2022.1.0,v2,10,I/O,1.832881,0.190617561340332
Dask,Student Exam,2022.1.0,v2,10,I/O,3.03881,0.3300185203552246
Dask,Student Exam,2022.1.0,v2,10,I/O,2.848259,0.303696870803833
Dask,Student Exam,2022.1.0,v2,10,Missing,0.009339,0.0013990402221679
Dask,Student Exam,2022.1.0,v2,10,Missing,0.064209,0.0078206062316894
Dask,Student Exam,2022.1.0,v2,10,Missing,0.044005,0.0055246353149414
Dask,Student Exam,2022.1.0,v2,10,Missing,0.034302,0.0048255920410156
Dask,Student Exam,2022.1.0,v2,10,Row/Column,0.035339,0.0044162273406982
Dask,Student Exam,2022.1.0,v2,10,Aggregation,0.001892,0.0007245540618896
Dask,Student Exam,2022.1.0,v2,10,Row/Column,0.121704,0.0140845775604248
Dask,Student Exam,2022.1.0,v2,10,Row/Column,0.035461,0.0041215419769287
Dask,Student Exam,2022.1.0,v2,10,Row/Column,0.209838,0.0256948471069335
Dask,Student Exam,2022.1.0,v2,10,Aggregation,0.466063,0.0479886531829834
Dask,Student Exam,2022.1.0,v2,10,Aggregation,0.16565,0.0186150074005126
Dask,Student Exam,2022.1.0,v2,10,Aggregation,0.181945,0.020033836364746
Dask,Student Exam,2022.1.0,v2,10,Aggregation,0.168029,0.0183687210083007
Dask,Student Exam,2022.1.0,v2,10,Aggregation,0.164429,0.0184314250946044
Dask,Student Exam,2022.1.0,v2,10,Row/Column,0.186706,0.0198750495910644
Dask,Student Exam,2022.1.0,v2,10,I/O,0.055543,0.0057718753814697
Dask,Student Exam,2022.1.0,v2,10,I/O,1.790523,0.1896827220916748
Dask,Student Exam,2022.1.0,v2,10,I/O,2.961906,0.3287053108215332
Dask,Student Exam,2022.1.0,v2,10,I/O,2.78869,0.3015718460083008
Dask,Student Exam,2022.1.0,v2,10,Missing,0.005432,0.0010762214660644
Dask,Student Exam,2022.1.0,v2,10,Missing,0.067077,0.0075991153717041
Dask,Student Exam,2022.1.0,v2,10,Missing,0.043213,0.005610704421997
Dask,Student Exam,2022.1.0,v2,10,Missing,0.038819,0.0048441886901855
Dask,Student Exam,2022.1.0,v2,10,Row/Column,0.034606,0.0044224262237548
Dask,Student Exam,2022.1.0,v2,10,Aggregation,0.001831,0.0007212162017822
Dask,Student Exam,2022.1.0,v2,10,Row/Column,0.114013,0.0140860080718994
Dask,Student Exam,2022.1.0,v2,10,Row/Column,0.033691,0.0041885375976562
Dask,Student Exam,2022.1.0,v2,10,Row/Column,0.216064,0.0257198810577392
Dask,Student Exam,2022.1.0,v2,10,Aggregation,0.479857,0.0477347373962402
Dask,Student Exam,2022.1.0,v2,10,Aggregation,0.172912,0.0186610221862792
Dask,Student Exam,2022.1.0,v2,10,Aggregation,0.184082,0.0201818943023681
Dask,Student Exam,2022.1.0,v2,10,Aggregation,0.164489,0.0179464817047119
Dask,Student Exam,2022.1.0,v2,10,Aggregation,0.166137,0.0182056427001953
Dask,Student Exam,2022.1.0,v2,10,Row/Column,0.176757,0.0197901725769042
Dask,Student Exam,2025.1.0,v0,10,I/O,0.346862,0.0379109382629394
Dask,Student Exam,2025.1.0,v0,10,I/O,2.498711,0.2728190422058105
Dask,Student Exam,2025.1.0,v0,10,I/O,3.280083,0.3704397678375244
Dask,Student Exam,2025.1.0,v0,10,I/O,3.323172,0.3631410598754883
Dask,Student Exam,2025.1.0,v0,10,Missing,0.001709,0.0006637573242187
Dask,Student Exam,2025.1.0,v0,10,Missing,0.029358,0.0087764263153076
Dask,Student Exam,2025.1.0,v0,10,Missing,0.050231,0.0060155391693115
Dask,Student Exam,2025.1.0,v0,10,Missing,0.047241,0.0060882568359375
Dask,Student Exam,2025.1.0,v0,10,Row/Column,0.00824,0.0014657974243164
Dask,Student Exam,2025.1.0,v0,10,Aggregation,0.001587,0.0008349418640136
Dask,Student Exam,2025.1.0,v0,10,Row/Column,0.117125,0.0180134773254394
Dask,Student Exam,2025.1.0,v0,10,Row/Column,0.0,0.0007417201995849
Dask,Student Exam,2025.1.0,v0,10,Row/Column,0.139221,0.0205509662628173
Dask,Student Exam,2025.1.0,v0,10,Aggregation,0.639891,0.0678424835205078
Dask,Student Exam,2025.1.0,v0,10,Aggregation,0.365111,0.0398962497711181
Dask,Student Exam,2025.1.0,v0,10,Aggregation,0.376341,0.0423450469970703
Dask,Student Exam,2025.1.0,v0,10,Aggregation,0.424193,0.0472216606140136
Dask,Student Exam,2025.1.0,v0,10,Aggregation,0.348449,0.0389316082000732
Dask,Student Exam,2025.1.0,v0,10,Row/Column,0.501158,0.0595011711120605
Dask,Student Exam,2025.1.0,v0,10,I/O,0.058471,0.0062618255615234
Dask,Student Exam,2025.1.0,v0,10,I/O,2.194392,0.2299873828887939
Dask,Student Exam,2025.1.0,v0,10,I/O,3.245292,0.3616859912872314
Dask,Student Exam,2025.1.0,v0,10,I/O,3.170096,0.3468482494354248
Dask,Student Exam,2025.1.0,v0,10,Missing,0.005005,0.0009410381317138
Dask,Student Exam,2025.1.0,v0,10,Missing,0.017516,0.0020029544830322
Dask,Student Exam,2025.1.0,v0,10,Missing,0.050109,0.0061719417572021
Dask,Student Exam,2025.1.0,v0,10,Missing,0.052186,0.0061147212982177
Dask,Student Exam,2025.1.0,v0,10,Row/Column,0.01593,0.0014736652374267
Dask,Student Exam,2025.1.0,v0,10,Aggregation,0.001465,0.0007891654968261
Dask,Student Exam,2025.1.0,v0,10,Row/Column,0.086304,0.0104379653930664
Dask,Student Exam,2025.1.0,v0,10,Row/Column,0.0,0.000720739364624
Dask,Student Exam,2025.1.0,v0,10,Row/Column,0.112793,0.0130605697631835
Dask,Student Exam,2025.1.0,v0,10,Aggregation,0.642637,0.0682487487792968
Dask,Student Exam,2025.1.0,v0,10,Aggregation,0.38562,0.0416347980499267
Dask,Student Exam,2025.1.0,v0,10,Aggregation,0.381652,0.0418376922607421
Dask,Student Exam,2025.1.0,v0,10,Aggregation,0.350951,0.0389566421508789
Dask,Student Exam,2025.1.0,v0,10,Aggregation,0.353881,0.0391206741333007
Dask,Student Exam,2025.1.0,v0,10,Row/Column,0.451293,0.0504064559936523
Dask,Student Exam,2025.1.0,v0,10,I/O,0.059082,0.0059125423431396
Dask,Student Exam,2025.1.0,v0,10,I/O,2.302424,0.238814115524292
Dask,Student Exam,2025.1.0,v0,10,I/O,3.203483,0.3552184104919433
Dask,Student Exam,2025.1.0,v0,10,I/O,3.13079,0.3416104316711426
Dask,Student Exam,2025.1.0,v0,10,Missing,0.004334,0.0009405612945556
Dask,Student Exam,2025.1.0,v0,10,Missing,0.017212,0.0020055770874023
Dask,Student Exam,2025.1.0,v0,10,Missing,0.050965,0.0060815811157226
Dask,Student Exam,2025.1.0,v0,10,Missing,0.05127,0.0062494277954101
Dask,Student Exam,2025.1.0,v0,10,Row/Column,0.007202,0.0014753341674804
Dask,Student Exam,2025.1.0,v0,10,Aggregation,0.0,0.0007319450378417
Dask,Student Exam,2025.1.0,v0,10,Row/Column,0.085143,0.0103647708892822
Dask,Student Exam,2025.1.0,v0,10,Row/Column,0.0,0.0007474422454833
Dask,Student Exam,2025.1.0,v0,10,Row/Column,0.11151,0.0130145549774169
Dask,Student Exam,2025.1.0,v0,10,Aggregation,0.663267,0.0686104297637939
Dask,Student Exam,2025.1.0,v0,10,Aggregation,0.35199,0.0392577648162841
Dask,Student Exam,2025.1.0,v0,10,Aggregation,0.400939,0.0428524017333984
Dask,Student Exam,2025.1.0,v0,10,Aggregation,0.360106,0.0397684574127197
Dask,Student Exam,2025.1.0,v0,10,Aggregation,0.357665,0.0383214950561523
Dask,Student Exam,2025.1.0,v0,10,Row/Column,0.46533,0.0516302585601806
Dask,Student Exam,2025.1.0,v0,10,I/O,0.072204,0.0060598850250244
Dask,Student Exam,2025.1.0,v0,10,I/O,2.183832,0.2330207824707031
Dask,Student Exam,2025.1.0,v0,10,I/O,3.274101,0.3622987270355224
Dask,Student Exam,2025.1.0,v0,10,I/O,3.13134,0.3343260288238525
Dask,Student Exam,2025.1.0,v0,10,Missing,0.001709,0.0009245872497558
Dask,Student Exam,2025.1.0,v0,10,Missing,0.009339,0.0019917488098144
Dask,Student Exam,2025.1.0,v0,10,Missing,0.053284,0.0060353279113769
Dask,Student Exam,2025.1.0,v0,10,Missing,0.047364,0.0060350894927978
Dask,Student Exam,2025.1.0,v0,10,Row/Column,0.008179,0.0014965534210205
Dask,Student Exam,2025.1.0,v0,10,Aggregation,0.006775,0.0008068084716796
Dask,Student Exam,2025.1.0,v0,10,Row/Column,0.083191,0.0103213787078857
Dask,Student Exam,2025.1.0,v0,10,Row/Column,0.001037,0.000659704208374
Dask,Student Exam,2025.1.0,v0,10,Row/Column,0.104735,0.0129463672637939
Dask,Student Exam,2025.1.0,v0,10,Aggregation,0.626646,0.0650691986083984
Dask,Student Exam,2025.1.0,v0,10,Aggregation,0.357238,0.0391790866851806
Dask,Student Exam,2025.1.0,v0,10,Aggregation,0.374755,0.0416309833526611
Dask,Student Exam,2025.1.0,v0,10,Aggregation,0.364196,0.0391550064086914
Dask,Student Exam,2025.1.0,v0,10,Aggregation,0.352844,0.0389957427978515
Dask,Student Exam,2025.1.0,v0,10,Row/Column,0.456115,0.0509088039398193
Dask,Student Exam,2025.1.0,v0,10,I/O,0.055114,0.0060443878173828
Dask,Student Exam,2025.1.0,v0,10,I/O,2.175776,0.2310764789581298
Dask,Student Exam,2025.1.0,v0,10,I/O,3.223992,0.3599836826324463
Dask,Student Exam,2025.1.0,v0,10,I/O,3.122306,0.3399930000305176
Dask,Student Exam,2025.1.0,v0,10,Missing,0.001648,0.0009291172027587
Dask,Student Exam,2025.1.0,v0,10,Missing,0.009888,0.0019540786743164
Dask,Student Exam,2025.1.0,v0,10,Missing,0.051269,0.0060207843780517
Dask,Student Exam,2025.1.0,v0,10,Missing,0.04895,0.0060639381408691
Dask,Student Exam,2025.1.0,v0,10,Row/Column,0.006469,0.0014898777008056
Dask,Student Exam,2025.1.0,v0,10,Aggregation,0.002136,0.0004873275756835
Dask,Student Exam,2025.1.0,v0,10,Row/Column,0.084961,0.0102007389068603
Dask,Student Exam,2025.1.0,v0,10,Row/Column,0.0,0.0004119873046875
Dask,Student Exam,2025.1.0,v0,10,Row/Column,0.112609,0.0130903720855712
Dask,Student Exam,2025.1.0,v0,10,Aggregation,0.633849,0.0672569274902343
Dask,Student Exam,2025.1.0,v0,10,Aggregation,0.35797,0.0392060279846191
Dask,Student Exam,2025.1.0,v0,10,Aggregation,0.381957,0.0415678024291992
Dask,Student Exam,2025.1.0,v0,10,Aggregation,0.349426,0.0378060340881347
Dask,Student Exam,2025.1.0,v0,10,Aggregation,0.359008,0.0392055511474609
Dask,Student Exam,2025.1.0,v0,10,Row/Column,0.457946,0.050126314163208
Dask,Student Exam,2025.1.0,v0,10,I/O,0.056397,0.0059282779693603
Dask,Student Exam,2025.1.0,v0,10,I/O,2.228266,0.2329540252685547
Dask,Student Exam,2025.1.0,v0,10,I/O,3.293144,0.3594386577606201
Dask,Student Exam,2025.1.0,v0,10,I/O,3.304801,0.3522107601165771
Dask,Student Exam,2025.1.0,v0,10,Missing,0.001892,0.0009520053863525
Dask,Student Exam,2025.1.0,v0,10,Missing,0.016296,0.0020077228546142
Dask,Student Exam,2025.1.0,v0,10,Missing,0.049927,0.0060877799987792
Dask,Student Exam,2025.1.0,v0,10,Missing,0.050965,0.0062243938446044
Dask,Student Exam,2025.1.0,v0,10,Row/Column,0.002686,0.0011961460113525
Dask,Student Exam,2025.1.0,v0,10,Aggregation,0.003846,0.0004920959472656
Dask,Student Exam,2025.1.0,v0,10,Row/Column,0.083558,0.0101535320281982
Dask,Student Exam,2025.1.0,v0,10,Row/Column,0.0,0.000455617904663
Dask,Student Exam,2025.1.0,v0,10,Row/Column,0.110473,0.013087511062622
Dask,Student Exam,2025.1.0,v0,10,Aggregation,0.65637,0.0719902515411377
Dask,Student Exam,2025.1.0,v0,10,Aggregation,0.352904,0.0394184589385986
Dask,Student Exam,2025.1.0,v0,10,Aggregation,0.382752,0.0411646366119384
Dask,Student Exam,2025.1.0,v0,10,Aggregation,0.374998,0.0402054786682128
Dask,Student Exam,2025.1.0,v0,10,Aggregation,0.346496,0.0384645462036132
Dask,Student Exam,2025.1.0,v0,10,Row/Column,0.452697,0.0508570671081543
Dask,Student Exam,2025.1.0,v0,10,I/O,0.056457,0.0055711269378662
Dask,Student Exam,2025.1.0,v0,10,I/O,2.511162,0.2295186519622802
Dask,Student Exam,2025.1.0,v0,10,I/O,3.182975,0.3532829284667969
Dask,Student Exam,2025.1.0,v0,10,I/O,3.116874,0.3362777233123779
Dask,Student Exam,2025.1.0,v0,10,Missing,0.001709,0.0009458065032958
Dask,Student Exam,2025.1.0,v0,10,Missing,0.017822,0.0020520687103271
Dask,Student Exam,2025.1.0,v0,10,Missing,0.050353,0.0061745643615722
Dask,Student Exam,2025.1.0,v0,10,Missing,0.044677,0.0062057971954345
Dask,Student Exam,2025.1.0,v0,10,Row/Column,0.005982,0.0015246868133544
Dask,Student Exam,2025.1.0,v0,10,Aggregation,0.002564,0.0007600784301757
Dask,Student Exam,2025.1.0,v0,10,Row/Column,0.088013,0.0104305744171142
Dask,Student Exam,2025.1.0,v0,10,Row/Column,0.001098,0.0007472038269042
Dask,Student Exam,2025.1.0,v0,10,Row/Column,0.110961,0.0133981704711914
Dask,Student Exam,2025.1.0,v0,10,Aggregation,0.643676,0.0652103424072265
Dask,Student Exam,2025.1.0,v0,10,Aggregation,0.346069,0.0374932289123535
Dask,Student Exam,2025.1.0,v0,10,Aggregation,0.378967,0.0417032241821289
Dask,Student Exam,2025.1.0,v0,10,Aggregation,0.368163,0.039400577545166
Dask,Student Exam,2025.1.0,v0,10,Aggregation,0.341918,0.037299633026123
Dask,Student Exam,2025.1.0,v0,10,Row/Column,0.452698,0.0500688552856445
Dask,Student Exam,2025.1.0,v0,10,I/O,0.055846,0.0057456493377685
Dask,Student Exam,2025.1.0,v0,10,I/O,2.23321,0.2306849956512451
Dask,Student Exam,2025.1.0,v0,10,I/O,3.216728,0.3592677116394043
Dask,Student Exam,2025.1.0,v0,10,I/O,3.127617,0.3428080081939697
Dask,Student Exam,2025.1.0,v0,10,Missing,0.005921,0.0009775161743164
Dask,Student Exam,2025.1.0,v0,10,Missing,0.012145,0.0020339488983154
Dask,Student Exam,2025.1.0,v0,10,Missing,0.050111,0.0061368942260742
Dask,Student Exam,2025.1.0,v0,10,Missing,0.050353,0.006265640258789
Dask,Student Exam,2025.1.0,v0,10,Row/Column,0.015074,0.0014481544494628
Dask,Student Exam,2025.1.0,v0,10,Aggregation,0.0,0.0008196830749511
Dask,Student Exam,2025.1.0,v0,10,Row/Column,0.089721,0.0109059810638427
Dask,Student Exam,2025.1.0,v0,10,Row/Column,0.004456,0.0007469654083251
Dask,Student Exam,2025.1.0,v0,10,Row/Column,0.109374,0.0132966041564941
Dask,Student Exam,2025.1.0,v0,10,Aggregation,0.621336,0.0649173259735107
Dask,Student Exam,2025.1.0,v0,10,Aggregation,0.354126,0.039555549621582
Dask,Student Exam,2025.1.0,v0,10,Aggregation,0.361938,0.0395114421844482
Dask,Student Exam,2025.1.0,v0,10,Aggregation,0.340392,0.0372817516326904
Dask,Student Exam,2025.1.0,v0,10,Aggregation,0.3562,0.0391843318939209
Dask,Student Exam,2025.1.0,v0,10,Row/Column,0.436278,0.0483951568603515
Dask,Student Exam,2025.1.0,v0,10,I/O,0.052124,0.0060300827026367
Dask,Student Exam,2025.1.0,v0,10,I/O,2.196162,0.2292912006378173
Dask,Student Exam,2025.1.0,v0,10,I/O,3.193901,0.3565397262573242
Dask,Student Exam,2025.1.0,v0,10,I/O,3.044426,0.3327140808105469
Dask,Student Exam,2025.1.0,v0,10,Missing,0.007324,0.0009779930114746
Dask,Student Exam,2025.1.0,v0,10,Missing,0.008484,0.0020253658294677
Dask,Student Exam,2025.1.0,v0,10,Missing,0.049805,0.0061488151550292
Dask,Student Exam,2025.1.0,v0,10,Missing,0.049376,0.0062425136566162
Dask,Student Exam,2025.1.0,v0,10,Row/Column,0.012878,0.0014998912811279
Dask,Student Exam,2025.1.0,v0,10,Aggregation,0.0,0.0008153915405273
Dask,Student Exam,2025.1.0,v0,10,Row/Column,0.081116,0.0103833675384521
Dask,Student Exam,2025.1.0,v0,10,Row/Column,0.002137,0.0005912780761718
Dask,Student Exam,2025.1.0,v0,10,Row/Column,0.108582,0.0132081508636474
Dask,Student Exam,2025.1.0,v0,10,Aggregation,0.642331,0.067326545715332
Dask,Student Exam,2025.1.0,v0,10,Aggregation,0.35266,0.0388133525848388
Dask,Student Exam,2025.1.0,v0,10,Aggregation,0.37921,0.0415320396423339
Dask,Student Exam,2025.1.0,v0,10,Aggregation,0.367064,0.0392606258392334
Dask,Student Exam,2025.1.0,v0,10,Aggregation,0.347656,0.0369377136230468
Dask,Student Exam,2025.1.0,v0,10,Row/Column,0.466613,0.0509848594665527
Dask,Student Exam,2025.1.0,v0,10,I/O,0.058532,0.0060772895812988
Dask,Student Exam,2025.1.0,v0,10,I/O,2.242732,0.2272028923034668
Dask,Student Exam,2025.1.0,v0,10,I/O,3.261955,0.3613588809967041
Dask,Student Exam,2025.1.0,v0,10,I/O,3.180656,0.3379254341125488
Dask,Student Exam,2025.1.0,v0,10,Missing,0.004516,0.0009529590606689
Dask,Student Exam,2025.1.0,v0,10,Missing,0.015441,0.001993179321289
Dask,Student Exam,2025.1.0,v0,10,Missing,0.043885,0.0060622692108154
Dask,Student Exam,2025.1.0,v0,10,Missing,0.051453,0.006155252456665
Dask,Student Exam,2025.1.0,v0,10,Row/Column,0.004212,0.0014667510986328
Dask,Student Exam,2025.1.0,v0,10,Aggregation,0.003539,0.0007972717285156
Dask,Student Exam,2025.1.0,v0,10,Row/Column,0.086975,0.0103416442871093
Dask,Student Exam,2025.1.0,v0,10,Row/Column,0.002625,0.0007219314575195
Dask,Student Exam,2025.1.0,v0,10,Row/Column,0.109252,0.0130994319915771
Dask,Student Exam,2025.1.0,v0,10,Aggregation,0.619322,0.0649051666259765
Dask,Student Exam,2025.1.0,v0,10,Aggregation,0.365783,0.0392377376556396
Dask,Student Exam,2025.1.0,v0,10,Aggregation,0.381651,0.0413265228271484
Dask,Student Exam,2025.1.0,v0,10,Aggregation,0.365722,0.0391376018524169
Dask,Student Exam,2025.1.0,v0,10,Aggregation,0.351257,0.0384063720703125
Dask,Student Exam,2025.1.0,v0,10,Row/Column,0.46759,0.0508499145507812
Dask,Water Potability,2024.8.0,v1,10,I/O,0.102661,0.0122992992401123
Dask,Water Potability,2024.8.0,v1,10,I/O,0.24475,0.0262181758880615
Dask,Water Potability,2024.8.0,v1,10,I/O,0.402221,0.0531854629516601
Dask,Water Potability,2024.8.0,v1,10,I/O,0.181945,0.0252416133880615
Dask,Water Potability,2024.8.0,v1,10,Missing,0.008667,0.0009827613830566
Dask,Water Potability,2024.8.0,v1,10,Missing,0.008423,0.0012717247009277
Dask,Water Potability,2024.8.0,v1,10,Missing,0.0,0.0008571147918701
Dask,Water Potability,2024.8.0,v1,10,Missing,0.006714,0.0009684562683105
Dask,Water Potability,2024.8.0,v1,10,Row/Column,0.034973,0.0092806816101074
Dask,Water Potability,2024.8.0,v1,10,Aggregation,0.0,0.0008251667022705
Dask,Water Potability,2024.8.0,v1,10,Row/Column,0.03833,0.0052459239959716
Dask,Water Potability,2024.8.0,v1,10,Row/Column,0.0,0.0007421970367431
Dask,Water Potability,2024.8.0,v1,10,Row/Column,0.096374,0.0158967971801757
Dask,Water Potability,2024.8.0,v1,10,Aggregation,0.155029,0.0243382453918457
Dask,Water Potability,2024.8.0,v1,10,Aggregation,0.109191,0.0120124816894531
Dask,Water Potability,2024.8.0,v1,10,Aggregation,0.109862,0.013209581375122
Dask,Water Potability,2024.8.0,v1,10,Aggregation,0.127868,0.0195348262786865
Dask,Water Potability,2024.8.0,v1,10,Aggregation,0.068725,0.008448839187622
Dask,Water Potability,2024.8.0,v1,10,Row/Column,0.203064,0.0277183055877685
Dask,Water Potability,2024.8.0,v1,10,I/O,0.0,0.0005114078521728
Dask,Water Potability,2024.8.0,v1,10,I/O,0.217163,0.0219311714172363
Dask,Water Potability,2024.8.0,v1,10,I/O,0.384826,0.0491089820861816
Dask,Water Potability,2024.8.0,v1,10,I/O,0.149048,0.0175879001617431
Dask,Water Potability,2024.8.0,v1,10,Missing,0.0,0.0006728172302246
Dask,Water Potability,2024.8.0,v1,10,Missing,0.005433,0.0009114742279052
Dask,Water Potability,2024.8.0,v1,10,Missing,0.003601,0.0005099773406982
Dask,Water Potability,2024.8.0,v1,10,Missing,0.002992,0.0006113052368164
Dask,Water Potability,2024.8.0,v1,10,Row/Column,0.008667,0.0013325214385986
Dask,Water Potability,2024.8.0,v1,10,Aggregation,0.007813,0.000798225402832
Dask,Water Potability,2024.8.0,v1,10,Row/Column,0.039123,0.0051906108856201
Dask,Water Potability,2024.8.0,v1,10,Row/Column,0.001709,0.0007622241973876
Dask,Water Potability,2024.8.0,v1,10,Row/Column,0.061584,0.0076766014099121
Dask,Water Potability,2024.8.0,v1,10,Aggregation,0.148009,0.0234656333923339
Dask,Water Potability,2024.8.0,v1,10,Aggregation,0.109314,0.012681245803833
Dask,Water Potability,2024.8.0,v1,10,Aggregation,0.135987,0.0152842998504638
Dask,Water Potability,2024.8.0,v1,10,Aggregation,0.113402,0.0132184028625488
Dask,Water Potability,2024.8.0,v1,10,Aggregation,0.080261,0.0090067386627197
Dask,Water Potability,2024.8.0,v1,10,Row/Column,0.184081,0.0215623378753662
Dask,Water Potability,2024.8.0,v1,10,I/O,0.0,0.0004298686981201
Dask,Water Potability,2024.8.0,v1,10,I/O,0.199768,0.0196719169616699
Dask,Water Potability,2024.8.0,v1,10,I/O,0.385192,0.0508162975311279
Dask,Water Potability,2024.8.0,v1,10,I/O,0.148316,0.0172226428985595
Dask,Water Potability,2024.8.0,v1,10,Missing,0.002075,0.0006489753723144
Dask,Water Potability,2024.8.0,v1,10,Missing,0.00415,0.0009231567382812
Dask,Water Potability,2024.8.0,v1,10,Missing,0.0,0.0004968643188476
Dask,Water Potability,2024.8.0,v1,10,Missing,0.0,0.0006294250488281
Dask,Water Potability,2024.8.0,v1,10,Row/Column,0.005433,0.0010011196136474
Dask,Water Potability,2024.8.0,v1,10,Aggregation,0.002075,0.0004274845123291
Dask,Water Potability,2024.8.0,v1,10,Row/Column,0.040039,0.0049822330474853
Dask,Water Potability,2024.8.0,v1,10,Row/Column,0.0,0.0003807544708251
Dask,Water Potability,2024.8.0,v1,10,Row/Column,0.062683,0.007491111755371
Dask,Water Potability,2024.8.0,v1,10,Aggregation,0.149352,0.0239520072937011
Dask,Water Potability,2024.8.0,v1,10,Aggregation,0.095154,0.0115935802459716
Dask,Water Potability,2024.8.0,v1,10,Aggregation,0.175048,0.0153586864471435
Dask,Water Potability,2024.8.0,v1,10,Aggregation,0.112792,0.0129177570343017
Dask,Water Potability,2024.8.0,v1,10,Aggregation,0.064269,0.0081489086151123
Dask,Water Potability,2024.8.0,v1,10,Row/Column,0.175232,0.0214240550994873
Dask,Water Potability,2024.8.0,v1,10,I/O,0.009521,0.0005655288696289
Dask,Water Potability,2024.8.0,v1,10,I/O,0.215149,0.0202932357788085
Dask,Water Potability,2024.8.0,v1,10,I/O,0.38562,0.0506899356842041
Dask,Water Potability,2024.8.0,v1,10,I/O,0.152954,0.0172128677368164
Dask,Water Potability,2024.8.0,v1,10,Missing,0.0,0.0006463527679443
Dask,Water Potability,2024.8.0,v1,10,Missing,0.006958,0.0009431838989257
Dask,Water Potability,2024.8.0,v1,10,Missing,0.0,0.0004990100860595
Dask,Water Potability,2024.8.0,v1,10,Missing,0.0,0.0006160736083984
Dask,Water Potability,2024.8.0,v1,10,Row/Column,0.007508,0.0010011196136474
Dask,Water Potability,2024.8.0,v1,10,Aggregation,0.0,0.0004456043243408
Dask,Water Potability,2024.8.0,v1,10,Row/Column,0.042054,0.0049083232879638
Dask,Water Potability,2024.8.0,v1,10,Row/Column,0.000671,0.000382661819458
Dask,Water Potability,2024.8.0,v1,10,Row/Column,0.055603,0.0074400901794433
Dask,Water Potability,2024.8.0,v1,10,Aggregation,0.146057,0.0237350463867187
Dask,Water Potability,2024.8.0,v1,10,Aggregation,0.106628,0.0125854015350341
Dask,Water Potability,2024.8.0,v1,10,Aggregation,0.13098,0.0153329372406005
Dask,Water Potability,2024.8.0,v1,10,Aggregation,0.117127,0.0132672786712646
Dask,Water Potability,2024.8.0,v1,10,Aggregation,0.071472,0.0090186595916748
Dask,Water Potability,2024.8.0,v1,10,Row/Column,0.184508,0.0206990242004394
Dask,Water Potability,2024.8.0,v1,10,I/O,0.0,0.0003528594970703
Dask,Water Potability,2024.8.0,v1,10,I/O,0.190124,0.0190463066101074
Dask,Water Potability,2024.8.0,v1,10,I/O,0.382445,0.0500531196594238
Dask,Water Potability,2024.8.0,v1,10,I/O,0.137878,0.0169577598571777
Dask,Water Potability,2024.8.0,v1,10,Missing,0.004212,0.0010156631469726
Dask,Water Potability,2024.8.0,v1,10,Missing,0.00476,0.0012679100036621
Dask,Water Potability,2024.8.0,v1,10,Missing,0.002869,0.0008461475372314
Dask,Water Potability,2024.8.0,v1,10,Missing,0.003906,0.0009751319885253
Dask,Water Potability,2024.8.0,v1,10,Row/Column,0.008545,0.0011899471282958
Dask,Water Potability,2024.8.0,v1,10,Aggregation,0.0,0.000791311264038
Dask,Water Potability,2024.8.0,v1,10,Row/Column,0.043334,0.00516939163208
Dask,Water Potability,2024.8.0,v1,10,Row/Column,0.004334,0.0007097721099853
Dask,Water Potability,2024.8.0,v1,10,Row/Column,0.070068,0.0075602531433105
Dask,Water Potability,2024.8.0,v1,10,Aggregation,0.162537,0.0248565673828125
Dask,Water Potability,2024.8.0,v1,10,Aggregation,0.101806,0.0115926265716552
Dask,Water Potability,2024.8.0,v1,10,Aggregation,0.1333,0.0151114463806152
Dask,Water Potability,2024.8.0,v1,10,Aggregation,0.108398,0.0130383968353271
Dask,Water Potability,2024.8.0,v1,10,Aggregation,0.071839,0.0084521770477294
Dask,Water Potability,2024.8.0,v1,10,Row/Column,0.174988,0.0202655792236328
Dask,Water Potability,2024.8.0,v1,10,I/O,0.0,0.000476598739624
Dask,Water Potability,2024.8.0,v1,10,I/O,0.199828,0.0197460651397705
Dask,Water Potability,2024.8.0,v1,10,I/O,0.39801,0.0500462055206298
Dask,Water Potability,2024.8.0,v1,10,I/O,0.148254,0.0172412395477294
Dask,Water Potability,2024.8.0,v1,10,Missing,0.008118,0.0010073184967041
Dask,Water Potability,2024.8.0,v1,10,Missing,0.007813,0.0012476444244384
Dask,Water Potability,2024.8.0,v1,10,Missing,0.001648,0.0008487701416015
Dask,Water Potability,2024.8.0,v1,10,Missing,0.007934,0.0009651184082031
Dask,Water Potability,2024.8.0,v1,10,Row/Column,0.009033,0.0013322830200195
Dask,Water Potability,2024.8.0,v1,10,Aggregation,0.006165,0.00079345703125
Dask,Water Potability,2024.8.0,v1,10,Row/Column,0.038573,0.0051617622375488
Dask,Water Potability,2024.8.0,v1,10,Row/Column,0.0,0.0007576942443847
Dask,Water Potability,2024.8.0,v1,10,Row/Column,0.066467,0.0076427459716796
Dask,Water Potability,2024.8.0,v1,10,Aggregation,0.144775,0.0237922668457031
Dask,Water Potability,2024.8.0,v1,10,Aggregation,0.102905,0.012359619140625
Dask,Water Potability,2024.8.0,v1,10,Aggregation,0.130798,0.0147044658660888
Dask,Water Potability,2024.8.0,v1,10,Aggregation,0.106262,0.0124664306640625
Dask,Water Potability,2024.8.0,v1,10,Aggregation,0.068054,0.0085699558258056
Dask,Water Potability,2024.8.0,v1,10,Row/Column,0.16388,0.019824743270874
Dask,Water Potability,2024.8.0,v1,10,I/O,0.010559,0.0004377365112304
Dask,Water Potability,2024.8.0,v1,10,I/O,0.18817,0.0192184448242187
Dask,Water Potability,2024.8.0,v1,10,I/O,0.377439,0.0489354133605957
Dask,Water Potability,2024.8.0,v1,10,I/O,0.149536,0.0172152519226074
Dask,Water Potability,2024.8.0,v1,10,Missing,0.00177,0.0008561611175537
Dask,Water Potability,2024.8.0,v1,10,Missing,0.007935,0.0012531280517578
Dask,Water Potability,2024.8.0,v1,10,Missing,0.00177,0.000828742980957
Dask,Water Potability,2024.8.0,v1,10,Missing,0.00586,0.0009722709655761
Dask,Water Potability,2024.8.0,v1,10,Row/Column,0.008545,0.0013093948364257
Dask,Water Potability,2024.8.0,v1,10,Aggregation,0.0,0.0007734298706054
Dask,Water Potability,2024.8.0,v1,10,Row/Column,0.04431,0.0051517486572265
Dask,Water Potability,2024.8.0,v1,10,Row/Column,0.005433,0.0007317066192626
Dask,Water Potability,2024.8.0,v1,10,Row/Column,0.060364,0.0076127052307128
Dask,Water Potability,2024.8.0,v1,10,Aggregation,0.155883,0.0244839191436767
Dask,Water Potability,2024.8.0,v1,10,Aggregation,0.101867,0.0124375820159912
Dask,Water Potability,2024.8.0,v1,10,Aggregation,0.128418,0.014075756072998
Dask,Water Potability,2024.8.0,v1,10,Aggregation,0.108092,0.0126733779907226
Dask,Water Potability,2024.8.0,v1,10,Aggregation,0.068848,0.0085649490356445
Dask,Water Potability,2024.8.0,v1,10,Row/Column,0.171386,0.020263671875
Dask,Water Potability,2024.8.0,v1,10,I/O,0.009765,0.0003576278686523
Dask,Water Potability,2024.8.0,v1,10,I/O,0.206299,0.0196285247802734
Dask,Water Potability,2024.8.0,v1,10,I/O,0.390564,0.0502960681915283
Dask,Water Potability,2024.8.0,v1,10,I/O,0.152281,0.0173883438110351
Dask,Water Potability,2024.8.0,v1,10,Missing,0.008605,0.0010104179382324
Dask,Water Potability,2024.8.0,v1,10,Missing,0.007812,0.0012574195861816
Dask,Water Potability,2024.8.0,v1,10,Missing,0.001526,0.0008444786071777
Dask,Water Potability,2024.8.0,v1,10,Missing,0.001709,0.0009629726409912
Dask,Water Potability,2024.8.0,v1,10,Row/Column,0.008484,0.0013470649719238
Dask,Water Potability,2024.8.0,v1,10,Aggregation,0.0,0.0008118152618408
Dask,Water Potability,2024.8.0,v1,10,Row/Column,0.043823,0.0051038265228271
Dask,Water Potability,2024.8.0,v1,10,Row/Column,0.001342,0.0007517337799072
Dask,Water Potability,2024.8.0,v1,10,Row/Column,0.062316,0.0076663494110107
Dask,Water Potability,2024.8.0,v1,10,Aggregation,0.146973,0.0237870216369628
Dask,Water Potability,2024.8.0,v1,10,Aggregation,0.096192,0.0119314193725585
Dask,Water Potability,2024.8.0,v1,10,Aggregation,0.130616,0.014838695526123
Dask,Water Potability,2024.8.0,v1,10,Aggregation,0.113159,0.0128400325775146
Dask,Water Potability,2024.8.0,v1,10,Aggregation,0.070679,0.0083725452423095
Dask,Water Potability,2024.8.0,v1,10,Row/Column,0.169372,0.0199637413024902
Dask,Water Potability,2024.8.0,v1,10,I/O,0.001343,0.000434398651123
Dask,Water Potability,2024.8.0,v1,10,I/O,0.208984,0.0206599235534667
Dask,Water Potability,2024.8.0,v1,10,I/O,0.407287,0.0501141548156738
Dask,Water Potability,2024.8.0,v1,10,I/O,0.151916,0.0173346996307373
Dask,Water Potability,2024.8.0,v1,10,Missing,0.001709,0.0008423328399658
Dask,Water Potability,2024.8.0,v1,10,Missing,0.008972,0.0012507438659667
Dask,Water Potability,2024.8.0,v1,10,Missing,0.005738,0.0008325576782226
Dask,Water Potability,2024.8.0,v1,10,Missing,0.007447,0.0009684562683105
Dask,Water Potability,2024.8.0,v1,10,Row/Column,0.004212,0.0013444423675537
Dask,Water Potability,2024.8.0,v1,10,Aggregation,0.003174,0.000788927078247
Dask,Water Potability,2024.8.0,v1,10,Row/Column,0.043579,0.0051825046539306
Dask,Water Potability,2024.8.0,v1,10,Row/Column,0.0,0.0006568431854248
Dask,Water Potability,2024.8.0,v1,10,Row/Column,0.062012,0.0074748992919921
Dask,Water Potability,2024.8.0,v1,10,Aggregation,0.155334,0.0247538089752197
Dask,Water Potability,2024.8.0,v1,10,Aggregation,0.106751,0.0115878582000732
Dask,Water Potability,2024.8.0,v1,10,Aggregation,0.129761,0.0152297019958496
Dask,Water Potability,2024.8.0,v1,10,Aggregation,0.11206,0.0124645233154296
Dask,Water Potability,2024.8.0,v1,10,Aggregation,0.074645,0.0085225105285644
Dask,Water Potability,2024.8.0,v1,10,Row/Column,0.182128,0.0200071334838867
Dask,Water Potability,2024.8.0,v1,10,I/O,0.0,0.000370979309082
Dask,Water Potability,2024.8.0,v1,10,I/O,0.189757,0.019803762435913
Dask,Water Potability,2024.8.0,v1,10,I/O,0.393493,0.0498950481414794
Dask,Water Potability,2024.8.0,v1,10,I/O,0.149291,0.0168378353118896
Dask,Water Potability,2024.8.0,v1,10,Missing,0.0,0.0006375312805175
Dask,Water Potability,2024.8.0,v1,10,Missing,0.008423,0.0009021759033203
Dask,Water Potability,2024.8.0,v1,10,Missing,0.002137,0.0004942417144775
Dask,Water Potability,2024.8.0,v1,10,Missing,0.003906,0.000608205795288
Dask,Water Potability,2024.8.0,v1,10,Row/Column,0.007996,0.0009946823120117
Dask,Water Potability,2024.8.0,v1,10,Aggregation,0.0,0.0004885196685791
Dask,Water Potability,2024.8.0,v1,10,Row/Column,0.034118,0.0049476623535156
Dask,Water Potability,2024.8.0,v1,10,Row/Column,0.006287,0.0004270076751708
Dask,Water Potability,2024.8.0,v1,10,Row/Column,0.073243,0.0074248313903808
Dask,Water Potability,2024.8.0,v1,10,Aggregation,0.134887,0.0174853801727294
Dask,Water Potability,2024.8.0,v1,10,Aggregation,0.098632,0.0115768909454345
Dask,Water Potability,2024.8.0,v1,10,Aggregation,0.125061,0.0142288208007812
Dask,Water Potability,2024.8.0,v1,10,Aggregation,0.098511,0.0116653442382812
Dask,Water Potability,2024.8.0,v1,10,Aggregation,0.06897,0.0083861351013183
Dask,Water Potability,2024.8.0,v1,10,Row/Column,0.179137,0.0200228691101074
Dask,Water Potability,2022.1.0,v2,10,I/O,0.155456,0.0111355781555175
Dask,Water Potability,2022.1.0,v2,10,I/O,0.357604,0.0268466472625732
Dask,Water Potability,2022.1.0,v2,10,I/O,0.482542,0.0559697151184082
Dask,Water Potability,2022.1.0,v2,10,I/O,0.176331,0.0243661403656005
Dask,Water Potability,2022.1.0,v2,10,Missing,0.004029,0.0008163452148437
Dask,Water Potability,2022.1.0,v2,10,Missing,0.003113,0.0012006759643554
Dask,Water Potability,2022.1.0,v2,10,Missing,0.001648,0.0008554458618164
Dask,Water Potability,2022.1.0,v2,10,Missing,0.001709,0.0008978843688964
Dask,Water Potability,2022.1.0,v2,10,Row/Column,0.019103,0.0033566951751708
Dask,Water Potability,2022.1.0,v2,10,Aggregation,0.00293,0.0008265972137451
Dask,Water Potability,2022.1.0,v2,10,Row/Column,0.034301,0.0040512084960937
Dask,Water Potability,2022.1.0,v2,10,Row/Column,0.003296,0.0006487369537353
Dask,Water Potability,2022.1.0,v2,10,Row/Column,0.091431,0.0161983966827392
Dask,Water Potability,2022.1.0,v2,10,Aggregation,0.130371,0.0159142017364501
Dask,Water Potability,2022.1.0,v2,10,Aggregation,0.134826,0.0150291919708251
Dask,Water Potability,2022.1.0,v2,10,Aggregation,0.147461,0.021820068359375
Dask,Water Potability,2022.1.0,v2,10,Aggregation,0.133423,0.0198512077331542
Dask,Water Potability,2022.1.0,v2,10,Aggregation,0.076111,0.0080490112304687
Dask,Water Potability,2022.1.0,v2,10,Row/Column,0.216491,0.0296883583068847
Dask,Water Potability,2022.1.0,v2,10,I/O,0.012207,0.000364065170288
Dask,Water Potability,2022.1.0,v2,10,I/O,0.304626,0.0217618942260742
Dask,Water Potability,2022.1.0,v2,10,I/O,0.462158,0.0544509887695312
Dask,Water Potability,2022.1.0,v2,10,I/O,0.153197,0.017449140548706
Dask,Water Potability,2022.1.0,v2,10,Missing,0.007141,0.0010073184967041
Dask,Water Potability,2022.1.0,v2,10,Missing,0.004395,0.0010004043579101
Dask,Water Potability,2022.1.0,v2,10,Missing,0.003601,0.0008637905120849
Dask,Water Potability,2022.1.0,v2,10,Missing,0.003722,0.0007932186126708
Dask,Water Potability,2022.1.0,v2,10,Row/Column,0.008239,0.0012674331665039
Dask,Water Potability,2022.1.0,v2,10,Aggregation,0.002929,0.000807762145996
Dask,Water Potability,2022.1.0,v2,10,Row/Column,0.031677,0.0041007995605468
Dask,Water Potability,2022.1.0,v2,10,Row/Column,0.002258,0.0007498264312744
Dask,Water Potability,2022.1.0,v2,10,Row/Column,0.061767,0.0073716640472412
Dask,Water Potability,2022.1.0,v2,10,Aggregation,0.156188,0.0227587223052978
Dask,Water Potability,2022.1.0,v2,10,Aggregation,0.113098,0.0126283168792724
Dask,Water Potability,2022.1.0,v2,10,Aggregation,0.134094,0.0148756504058837
Dask,Water Potability,2022.1.0,v2,10,Aggregation,0.112609,0.0129101276397705
Dask,Water Potability,2022.1.0,v2,10,Aggregation,0.071289,0.0085456371307373
Dask,Water Potability,2022.1.0,v2,10,Row/Column,0.175964,0.0206439495086669
Dask,Water Potability,2022.1.0,v2,10,I/O,0.118347,0.0115952491760253
Dask,Water Potability,2022.1.0,v2,10,I/O,0.267516,0.0266427993774414
Dask,Water Potability,2022.1.0,v2,10,I/O,0.421568,0.0545434951782226
Dask,Water Potability,2022.1.0,v2,10,I/O,0.162902,0.0242881774902343
Dask,Water Potability,2022.1.0,v2,10,Missing,0.003114,0.0009942054748535
Dask,Water Potability,2022.1.0,v2,10,Missing,0.007263,0.001206636428833
Dask,Water Potability,2022.1.0,v2,10,Missing,0.001648,0.0008778572082519
Dask,Water Potability,2022.1.0,v2,10,Missing,0.0047,0.0009703636169433
Dask,Water Potability,2022.1.0,v2,10,Row/Column,0.033936,0.0092606544494628
Dask,Water Potability,2022.1.0,v2,10,Aggregation,0.0,0.0007739067077636
Dask,Water Potability,2022.1.0,v2,10,Row/Column,0.033509,0.0042386054992675
Dask,Water Potability,2022.1.0,v2,10,Row/Column,0.002624,0.0004587173461914
Dask,Water Potability,2022.1.0,v2,10,Row/Column,0.082518,0.0158627033233642
Dask,Water Potability,2022.1.0,v2,10,Aggregation,0.142212,0.0217776298522949
Dask,Water Potability,2022.1.0,v2,10,Aggregation,0.12207,0.0148231983184814
Dask,Water Potability,2022.1.0,v2,10,Aggregation,0.133239,0.0147919654846191
Dask,Water Potability,2022.1.0,v2,10,Aggregation,0.137207,0.0197577476501464
Dask,Water Potability,2022.1.0,v2,10,Aggregation,0.071594,0.0079045295715332
Dask,Water Potability,2022.1.0,v2,10,Row/Column,0.208191,0.0292608737945556
Dask,Water Potability,2022.1.0,v2,10,I/O,0.010986,0.0003859996795654
Dask,Water Potability,2022.1.0,v2,10,I/O,0.207886,0.0205385684967041
Dask,Water Potability,2022.1.0,v2,10,I/O,0.38977,0.0515069961547851
Dask,Water Potability,2022.1.0,v2,10,I/O,0.147033,0.0171234607696533
Dask,Water Potability,2022.1.0,v2,10,Missing,0.00061,0.0007092952728271
Dask,Water Potability,2022.1.0,v2,10,Missing,0.0,0.0008637905120849
Dask,Water Potability,2022.1.0,v2,10,Missing,0.0,0.0005316734313964
Dask,Water Potability,2022.1.0,v2,10,Missing,0.0,0.0006535053253173
Dask,Water Potability,2022.1.0,v2,10,Row/Column,0.008423,0.0012295246124267
Dask,Water Potability,2022.1.0,v2,10,Aggregation,0.001587,0.0008318424224853
Dask,Water Potability,2022.1.0,v2,10,Row/Column,0.0307,0.0042355060577392
Dask,Water Potability,2022.1.0,v2,10,Row/Column,0.003174,0.0007729530334472
Dask,Water Potability,2022.1.0,v2,10,Row/Column,0.063905,0.007699966430664
Dask,Water Potability,2022.1.0,v2,10,Aggregation,0.14386,0.0238020420074462
Dask,Water Potability,2022.1.0,v2,10,Aggregation,0.105285,0.0126230716705322
Dask,Water Potability,2022.1.0,v2,10,Aggregation,0.131225,0.015017032623291
Dask,Water Potability,2022.1.0,v2,10,Aggregation,0.113769,0.0131843090057373
Dask,Water Potability,2022.1.0,v2,10,Aggregation,0.072997,0.0085985660552978
Dask,Water Potability,2022.1.0,v2,10,Row/Column,0.182556,0.0210344791412353
Dask,Water Potability,2022.1.0,v2,10,I/O,0.009827,0.000460147857666
Dask,Water Potability,2022.1.0,v2,10,I/O,0.207824,0.0201590061187744
Dask,Water Potability,2022.1.0,v2,10,I/O,0.399169,0.0506682395935058
Dask,Water Potability,2022.1.0,v2,10,I/O,0.142272,0.0167834758758544
Dask,Water Potability,2022.1.0,v2,10,Missing,0.0,0.0007159709930419
Dask,Water Potability,2022.1.0,v2,10,Missing,0.001831,0.0008730888366699
Dask,Water Potability,2022.1.0,v2,10,Missing,0.003418,0.0005271434783935
Dask,Water Potability,2022.1.0,v2,10,Missing,0.001831,0.0006444454193115
Dask,Water Potability,2022.1.0,v2,10,Row/Column,0.008057,0.0012483596801757
Dask,Water Potability,2022.1.0,v2,10,Aggregation,0.0,0.0006525516510009
Dask,Water Potability,2022.1.0,v2,10,Row/Column,0.033447,0.0042359828948974
Dask,Water Potability,2022.1.0,v2,10,Row/Column,0.003785,0.0007703304290771
Dask,Water Potability,2022.1.0,v2,10,Row/Column,0.068848,0.0077667236328125
Dask,Water Potability,2022.1.0,v2,10,Aggregation,0.154723,0.0243761539459228
Dask,Water Potability,2022.1.0,v2,10,Aggregation,0.10852,0.0123178958892822
Dask,Water Potability,2022.1.0,v2,10,Aggregation,0.138549,0.0153281688690185
Dask,Water Potability,2022.1.0,v2,10,Aggregation,0.111755,0.0131645202636718
Dask,Water Potability,2022.1.0,v2,10,Aggregation,0.080567,0.0088622570037841
Dask,Water Potability,2022.1.0,v2,10,Row/Column,0.185547,0.0217504501342773
Dask,Water Potability,2022.1.0,v2,10,I/O,0.01068,0.0003771781921386
Dask,Water Potability,2022.1.0,v2,10,I/O,0.213074,0.0205147266387939
Dask,Water Potability,2022.1.0,v2,10,I/O,0.399718,0.0511105060577392
Dask,Water Potability,2022.1.0,v2,10,I/O,0.147277,0.0171613693237304
Dask,Water Potability,2022.1.0,v2,10,Missing,0.007385,0.001023530960083
Dask,Water Potability,2022.1.0,v2,10,Missing,0.004516,0.0010328292846679
Dask,Water Potability,2022.1.0,v2,10,Missing,0.0,0.0005464553833007
Dask,Water Potability,2022.1.0,v2,10,Missing,0.001282,0.0006394386291503
Dask,Water Potability,2022.1.0,v2,10,Row/Column,0.007447,0.0009734630584716
Dask,Water Potability,2022.1.0,v2,10,Aggregation,0.004883,0.0005011558532714
Dask,Water Potability,2022.1.0,v2,10,Row/Column,0.031738,0.0038933753967285
Dask,Water Potability,2022.1.0,v2,10,Row/Column,0.003724,0.0004322528839111
Dask,Water Potability,2022.1.0,v2,10,Row/Column,0.0625,0.0073797702789306
Dask,Water Potability,2022.1.0,v2,10,Aggregation,0.149413,0.0234577655792236
Dask,Water Potability,2022.1.0,v2,10,Aggregation,0.106139,0.0127732753753662
Dask,Water Potability,2022.1.0,v2,10,Aggregation,0.140991,0.0154166221618652
Dask,Water Potability,2022.1.0,v2,10,Aggregation,0.112793,0.0131556987762451
Dask,Water Potability,2022.1.0,v2,10,Aggregation,0.073791,0.0087921619415283
Dask,Water Potability,2022.1.0,v2,10,Row/Column,0.186279,0.0217130184173584
Dask,Water Potability,2022.1.0,v2,10,I/O,0.0,0.0003750324249267
Dask,Water Potability,2022.1.0,v2,10,I/O,0.218932,0.0196812152862548
Dask,Water Potability,2022.1.0,v2,10,I/O,0.393004,0.0507183074951171
Dask,Water Potability,2022.1.0,v2,10,I/O,0.144957,0.0166628360748291
Dask,Water Potability,2022.1.0,v2,10,Missing,0.003601,0.0007059574127197
Dask,Water Potability,2022.1.0,v2,10,Missing,0.0,0.0008783340454101
Dask,Water Potability,2022.1.0,v2,10,Missing,0.007568,0.0005011558532714
Dask,Water Potability,2022.1.0,v2,10,Missing,0.0,0.000605821609497
Dask,Water Potability,2022.1.0,v2,10,Row/Column,0.00769,0.0012733936309814
Dask,Water Potability,2022.1.0,v2,10,Aggregation,0.0,0.0008125305175781
Dask,Water Potability,2022.1.0,v2,10,Row/Column,0.034241,0.0042121410369873
Dask,Water Potability,2022.1.0,v2,10,Row/Column,0.0,0.0007510185241699
Dask,Water Potability,2022.1.0,v2,10,Row/Column,0.068054,0.0073308944702148
Dask,Water Potability,2022.1.0,v2,10,Aggregation,0.161743,0.0239744186401367
Dask,Water Potability,2022.1.0,v2,10,Aggregation,0.100708,0.0128066539764404
Dask,Water Potability,2022.1.0,v2,10,Aggregation,0.122742,0.0147347450256347
Dask,Water Potability,2022.1.0,v2,10,Aggregation,0.115844,0.0133271217346191
Dask,Water Potability,2022.1.0,v2,10,Aggregation,0.071105,0.0086445808410644
Dask,Water Potability,2022.1.0,v2,10,Row/Column,0.182799,0.0211155414581298
Dask,Water Potability,2022.1.0,v2,10,I/O,0.0,0.0003635883331298
Dask,Water Potability,2022.1.0,v2,10,I/O,0.214843,0.0191950798034667
Dask,Water Potability,2022.1.0,v2,10,I/O,0.388305,0.051224946975708
Dask,Water Potability,2022.1.0,v2,10,I/O,0.13916,0.0168712139129638
Dask,Water Potability,2022.1.0,v2,10,Missing,0.003235,0.0010132789611816
Dask,Water Potability,2022.1.0,v2,10,Missing,0.0,0.000819444656372
Dask,Water Potability,2022.1.0,v2,10,Missing,0.001647,0.0008771419525146
Dask,Water Potability,2022.1.0,v2,10,Missing,0.007873,0.0009665489196777
Dask,Water Potability,2022.1.0,v2,10,Row/Column,0.007202,0.0012879371643066
Dask,Water Potability,2022.1.0,v2,10,Aggregation,0.001587,0.0008203983306884
Dask,Water Potability,2022.1.0,v2,10,Row/Column,0.035095,0.0042264461517333
Dask,Water Potability,2022.1.0,v2,10,Row/Column,0.006592,0.0007669925689697
Dask,Water Potability,2022.1.0,v2,10,Row/Column,0.0661,0.0076746940612792
Dask,Water Potability,2022.1.0,v2,10,Aggregation,0.149597,0.0236411094665527
Dask,Water Potability,2022.1.0,v2,10,Aggregation,0.110961,0.0128829479217529
Dask,Water Potability,2022.1.0,v2,10,Aggregation,0.127135,0.0145785808563232
Dask,Water Potability,2022.1.0,v2,10,Aggregation,0.115355,0.0130419731140136
Dask,Water Potability,2022.1.0,v2,10,Aggregation,0.064697,0.0080921649932861
Dask,Water Potability,2022.1.0,v2,10,Row/Column,0.182434,0.0209803581237792
Dask,Water Potability,2022.1.0,v2,10,I/O,0.0,0.0003986358642578
Dask,Water Potability,2022.1.0,v2,10,I/O,0.200561,0.0198335647583007
Dask,Water Potability,2022.1.0,v2,10,I/O,0.379211,0.0505461692810058
Dask,Water Potability,2022.1.0,v2,10,I/O,0.140015,0.0164971351623535
Dask,Water Potability,2022.1.0,v2,10,Missing,0.004212,0.0010197162628173
Dask,Water Potability,2022.1.0,v2,10,Missing,0.009705,0.0011699199676513
Dask,Water Potability,2022.1.0,v2,10,Missing,0.00592,0.0008518695831298
Dask,Water Potability,2022.1.0,v2,10,Missing,0.0,0.0008223056793212
Dask,Water Potability,2022.1.0,v2,10,Row/Column,0.005127,0.0012812614440917
Dask,Water Potability,2022.1.0,v2,10,Aggregation,0.004272,0.0008094310760498
Dask,Water Potability,2022.1.0,v2,10,Row/Column,0.035462,0.0041933059692382
Dask,Water Potability,2022.1.0,v2,10,Row/Column,0.0,0.0007572174072265
Dask,Water Potability,2022.1.0,v2,10,Row/Column,0.060851,0.0076262950897216
Dask,Water Potability,2022.1.0,v2,10,Aggregation,0.14331,0.0224800109863281
Dask,Water Potability,2022.1.0,v2,10,Aggregation,0.103271,0.0126821994781494
Dask,Water Potability,2022.1.0,v2,10,Aggregation,0.120728,0.0146417617797851
Dask,Water Potability,2022.1.0,v2,10,Aggregation,0.102722,0.0124404430389404
Dask,Water Potability,2022.1.0,v2,10,Aggregation,0.06909,0.008643627166748
Dask,Water Potability,2022.1.0,v2,10,Row/Column,0.183105,0.0214266777038574
Dask,Water Potability,2022.1.0,v2,10,I/O,0.011047,0.0004863739013671
Dask,Water Potability,2022.1.0,v2,10,I/O,0.189269,0.0187189579010009
Dask,Water Potability,2022.1.0,v2,10,I/O,0.395202,0.0508584976196289
Dask,Water Potability,2022.1.0,v2,10,I/O,0.148131,0.0166218280792236
Dask,Water Potability,2022.1.0,v2,10,Missing,0.006897,0.0010206699371337
Dask,Water Potability,2022.1.0,v2,10,Missing,0.006103,0.0011422634124755
Dask,Water Potability,2022.1.0,v2,10,Missing,0.006225,0.0008525848388671
Dask,Water Potability,2022.1.0,v2,10,Missing,0.002869,0.0009641647338867
Dask,Water Potability,2022.1.0,v2,10,Row/Column,0.004883,0.0012547969818115
Dask,Water Potability,2022.1.0,v2,10,Aggregation,0.004089,0.0007853507995605
Dask,Water Potability,2022.1.0,v2,10,Row/Column,0.034546,0.0041515827178955
Dask,Water Potability,2022.1.0,v2,10,Row/Column,0.001038,0.0006842613220214
Dask,Water Potability,2022.1.0,v2,10,Row/Column,0.055297,0.0073692798614501
Dask,Water Potability,2022.1.0,v2,10,Aggregation,0.150451,0.0236763954162597
Dask,Water Potability,2022.1.0,v2,10,Aggregation,0.102417,0.0120582580566406
Dask,Water Potability,2022.1.0,v2,10,Aggregation,0.122009,0.0144236087799072
Dask,Water Potability,2022.1.0,v2,10,Aggregation,0.10504,0.0128273963928222
Dask,Water Potability,2022.1.0,v2,10,Aggregation,0.070983,0.0079071521759033
Dask,Water Potability,2022.1.0,v2,10,Row/Column,0.173644,0.0205538272857666
Dask,Water Potability,2022.1.0,v2,10,I/O,0.0,0.0004963874816894
Dask,Water Potability,2022.1.0,v2,10,I/O,0.188903,0.0187656879425048
Dask,Water Potability,2022.1.0,v2,10,I/O,0.381897,0.0505261421203613
Dask,Water Potability,2022.1.0,v2,10,I/O,0.14917,0.0168459415435791
Dask,Water Potability,2022.1.0,v2,10,Missing,0.009033,0.0010249614715576
Dask,Water Potability,2022.1.0,v2,10,Missing,0.002868,0.0011932849884033
Dask,Water Potability,2022.1.0,v2,10,Missing,0.001526,0.0008656978607177
Dask,Water Potability,2022.1.0,v2,10,Missing,0.007507,0.0009806156158447
Dask,Water Potability,2022.1.0,v2,10,Row/Column,0.007874,0.0012495517730712
Dask,Water Potability,2022.1.0,v2,10,Aggregation,0.0,0.0008192062377929
Dask,Water Potability,2022.1.0,v2,10,Row/Column,0.037537,0.004127025604248
Dask,Water Potability,2022.1.0,v2,10,Row/Column,0.0,0.0007457733154296
Dask,Water Potability,2022.1.0,v2,10,Row/Column,0.061524,0.0075910091400146
Dask,Water Potability,2022.1.0,v2,10,Aggregation,0.136841,0.0167155265808105
Dask,Water Potability,2022.1.0,v2,10,Aggregation,0.105956,0.0126779079437255
Dask,Water Potability,2022.1.0,v2,10,Aggregation,0.136291,0.0152993202209472
Dask,Water Potability,2022.1.0,v2,10,Aggregation,0.103942,0.0123853683471679
Dask,Water Potability,2022.1.0,v2,10,Aggregation,0.072753,0.0085735321044921
Dask,Water Potability,2022.1.0,v2,10,Row/Column,0.186951,0.021259069442749
Dask,Water Potability,2022.1.0,v2,10,I/O,0.009216,0.0005276203155517
Dask,Water Potability,2022.1.0,v2,10,I/O,0.203063,0.0185043811798095
Dask,Water Potability,2022.1.0,v2,10,I/O,0.384826,0.050727367401123
Dask,Water Potability,2022.1.0,v2,10,I/O,0.143493,0.016791820526123
Dask,Water Potability,2022.1.0,v2,10,Missing,0.007568,0.00101900100708
Dask,Water Potability,2022.1.0,v2,10,Missing,0.009705,0.0011835098266601
Dask,Water Potability,2022.1.0,v2,10,Missing,0.0,0.0008666515350341
Dask,Water Potability,2022.1.0,v2,10,Missing,0.004089,0.0009641647338867
Dask,Water Potability,2022.1.0,v2,10,Row/Column,0.007141,0.0012805461883544
Dask,Water Potability,2022.1.0,v2,10,Aggregation,0.007569,0.0008032321929931
Dask,Water Potability,2022.1.0,v2,10,Row/Column,0.034851,0.0041885375976562
Dask,Water Potability,2022.1.0,v2,10,Row/Column,0.006287,0.0007669925689697
Dask,Water Potability,2022.1.0,v2,10,Row/Column,0.065552,0.0076329708099365
Dask,Water Potability,2022.1.0,v2,10,Aggregation,0.152587,0.023749828338623
Dask,Water Potability,2022.1.0,v2,10,Aggregation,0.118591,0.013315200805664
Dask,Water Potability,2022.1.0,v2,10,Aggregation,0.123168,0.0144960880279541
Dask,Water Potability,2022.1.0,v2,10,Aggregation,0.112426,0.0129790306091308
Dask,Water Potability,2022.1.0,v2,10,Aggregation,0.068725,0.0086040496826171
Dask,Water Potability,2022.1.0,v2,10,Row/Column,0.184509,0.0212471485137939
Dask,Water Potability,2025.1.0,v0,10,I/O,0.104248,0.0122232437133789
Dask,Water Potability,2025.1.0,v0,10,I/O,0.40393,0.0435106754302978
Dask,Water Potability,2025.1.0,v0,10,I/O,0.401122,0.052354097366333
Dask,Water Potability,2025.1.0,v0,10,I/O,0.166565,0.0249223709106445
Dask,Water Potability,2025.1.0,v0,10,Missing,0.003723,0.0009515285491943
Dask,Water Potability,2025.1.0,v0,10,Missing,0.00769,0.0013623237609863
Dask,Water Potability,2025.1.0,v0,10,Missing,0.008545,0.0007994174957275
Dask,Water Potability,2025.1.0,v0,10,Missing,0.005615,0.0009369850158691
Dask,Water Potability,2025.1.0,v0,10,Row/Column,0.032776,0.0090150833129882
Dask,Water Potability,2025.1.0,v0,10,Aggregation,0.001465,0.0007646083831787
Dask,Water Potability,2025.1.0,v0,10,Row/Column,0.042236,0.0053620338439941
Dask,Water Potability,2025.1.0,v0,10,Row/Column,0.0047,0.00075364112854
Dask,Water Potability,2025.1.0,v0,10,Row/Column,0.088135,0.0152544975280761
Dask,Water Potability,2025.1.0,v0,10,Aggregation,0.13861,0.021308422088623
Dask,Water Potability,2025.1.0,v0,10,Aggregation,0.110718,0.0133752822875976
Dask,Water Potability,2025.1.0,v0,10,Aggregation,0.129822,0.0156247615814208
Dask,Water Potability,2025.1.0,v0,10,Aggregation,0.118164,0.0193982124328613
Dask,Water Potability,2025.1.0,v0,10,Aggregation,0.114502,0.0135331153869628
Dask,Water Potability,2025.1.0,v0,10,Row/Column,0.213012,0.0290706157684326
Dask,Water Potability,2025.1.0,v0,10,I/O,0.046509,0.0051033496856689
Dask,Water Potability,2025.1.0,v0,10,I/O,0.220825,0.0218234062194824
Dask,Water Potability,2025.1.0,v0,10,I/O,0.383849,0.0492711067199707
Dask,Water Potability,2025.1.0,v0,10,I/O,0.144287,0.0172603130340576
Dask,Water Potability,2025.1.0,v0,10,Missing,0.0083,0.0010147094726562
Dask,Water Potability,2025.1.0,v0,10,Missing,0.009889,0.0013773441314697
Dask,Water Potability,2025.1.0,v0,10,Missing,0.003478,0.0007650852203369
Dask,Water Potability,2025.1.0,v0,10,Missing,0.005676,0.0009334087371826
Dask,Water Potability,2025.1.0,v0,10,Row/Column,0.007935,0.0013456344604492
Dask,Water Potability,2025.1.0,v0,10,Aggregation,0.0,0.0006537437438964
Dask,Water Potability,2025.1.0,v0,10,Row/Column,0.041626,0.0052618980407714
Dask,Water Potability,2025.1.0,v0,10,Row/Column,0.001648,0.0007386207580566
Dask,Water Potability,2025.1.0,v0,10,Row/Column,0.059265,0.0074589252471923
Dask,Water Potability,2025.1.0,v0,10,Aggregation,0.121032,0.0145957469940185
Dask,Water Potability,2025.1.0,v0,10,Aggregation,0.112,0.0130674839019775
Dask,Water Potability,2025.1.0,v0,10,Aggregation,0.13031,0.0156755447387695
Dask,Water Potability,2025.1.0,v0,10,Aggregation,0.105226,0.0127911567687988
Dask,Water Potability,2025.1.0,v0,10,Aggregation,0.103088,0.0127356052398681
Dask,Water Potability,2025.1.0,v0,10,Row/Column,0.183716,0.0218288898468017
Dask,Water Potability,2025.1.0,v0,10,I/O,0.049499,0.0056896209716796
Dask,Water Potability,2025.1.0,v0,10,I/O,0.220398,0.0212025642395019
Dask,Water Potability,2025.1.0,v0,10,I/O,0.386412,0.0496609210968017
Dask,Water Potability,2025.1.0,v0,10,I/O,0.15033,0.0170562267303466
Dask,Water Potability,2025.1.0,v0,10,Missing,0.003479,0.0010035037994384
Dask,Water Potability,2025.1.0,v0,10,Missing,0.007386,0.0013701915740966
Dask,Water Potability,2025.1.0,v0,10,Missing,0.0,0.000840425491333
Dask,Water Potability,2025.1.0,v0,10,Missing,0.003602,0.0009455680847167
Dask,Water Potability,2025.1.0,v0,10,Row/Column,0.007996,0.0013294219970703
Dask,Water Potability,2025.1.0,v0,10,Aggregation,0.001709,0.0008022785186767
Dask,Water Potability,2025.1.0,v0,10,Row/Column,0.041443,0.0051445960998535
Dask,Water Potability,2025.1.0,v0,10,Row/Column,0.001464,0.0007288455963134
Dask,Water Potability,2025.1.0,v0,10,Row/Column,0.058533,0.0075604915618896
Dask,Water Potability,2025.1.0,v0,10,Aggregation,0.11261,0.0144224166870117
Dask,Water Potability,2025.1.0,v0,10,Aggregation,0.104127,0.0134236812591552
Dask,Water Potability,2025.1.0,v0,10,Aggregation,0.129455,0.0151789188385009
Dask,Water Potability,2025.1.0,v0,10,Aggregation,0.105773,0.0131611824035644
Dask,Water Potability,2025.1.0,v0,10,Aggregation,0.101257,0.0126795768737792
Dask,Water Potability,2025.1.0,v0,10,Row/Column,0.184937,0.0218803882598876
Dask,Water Potability,2025.1.0,v0,10,I/O,0.043152,0.0054967403411865
Dask,Water Potability,2025.1.0,v0,10,I/O,0.210448,0.0197706222534179
Dask,Water Potability,2025.1.0,v0,10,I/O,0.386962,0.0502872467041015
Dask,Water Potability,2025.1.0,v0,10,I/O,0.147766,0.0170753002166748
Dask,Water Potability,2025.1.0,v0,10,Missing,0.00177,0.0009005069732666
Dask,Water Potability,2025.1.0,v0,10,Missing,0.007446,0.0013668537139892
Dask,Water Potability,2025.1.0,v0,10,Missing,0.001587,0.0008490085601806
Dask,Water Potability,2025.1.0,v0,10,Missing,0.001587,0.0009317398071289
Dask,Water Potability,2025.1.0,v0,10,Row/Column,0.003479,0.001349925994873
Dask,Water Potability,2025.1.0,v0,10,Aggregation,0.003662,0.0008068084716796
Dask,Water Potability,2025.1.0,v0,10,Row/Column,0.042359,0.0052664279937744
Dask,Water Potability,2025.1.0,v0,10,Row/Column,0.0,0.0007474422454833
Dask,Water Potability,2025.1.0,v0,10,Row/Column,0.061767,0.0074794292449951
Dask,Water Potability,2025.1.0,v0,10,Aggregation,0.123047,0.0144727230072021
Dask,Water Potability,2025.1.0,v0,10,Aggregation,0.10797,0.0133025646209716
Dask,Water Potability,2025.1.0,v0,10,Aggregation,0.126709,0.0152423381805419
Dask,Water Potability,2025.1.0,v0,10,Aggregation,0.100098,0.0122394561767578
Dask,Water Potability,2025.1.0,v0,10,Aggregation,0.109497,0.0130059719085693
Dask,Water Potability,2025.1.0,v0,10,Row/Column,0.175232,0.0214743614196777
Dask,Water Potability,2025.1.0,v0,10,I/O,0.050536,0.005495548248291
Dask,Water Potability,2025.1.0,v0,10,I/O,0.204222,0.0197536945343017
Dask,Water Potability,2025.1.0,v0,10,I/O,0.370544,0.0493130683898925
Dask,Water Potability,2025.1.0,v0,10,I/O,0.148498,0.0175089836120605
Dask,Water Potability,2025.1.0,v0,10,Missing,0.007141,0.0010039806365966
Dask,Water Potability,2025.1.0,v0,10,Missing,0.008484,0.0013706684112548
Dask,Water Potability,2025.1.0,v0,10,Missing,0.001648,0.0008530616760253
Dask,Water Potability,2025.1.0,v0,10,Missing,0.001709,0.000950813293457
Dask,Water Potability,2025.1.0,v0,10,Row/Column,0.006042,0.0013291835784912
Dask,Water Potability,2025.1.0,v0,10,Aggregation,0.006896,0.0008051395416259
Dask,Water Potability,2025.1.0,v0,10,Row/Column,0.042908,0.0052351951599121
Dask,Water Potability,2025.1.0,v0,10,Row/Column,0.0,0.0007452964782714
Dask,Water Potability,2025.1.0,v0,10,Row/Column,0.057678,0.0073680877685546
Dask,Water Potability,2025.1.0,v0,10,Aggregation,0.118042,0.0145559310913085
Dask,Water Potability,2025.1.0,v0,10,Aggregation,0.103089,0.0126771926879882
Dask,Water Potability,2025.1.0,v0,10,Aggregation,0.128113,0.0150740146636962
Dask,Water Potability,2025.1.0,v0,10,Aggregation,0.10144,0.0126850605010986
Dask,Water Potability,2025.1.0,v0,10,Aggregation,0.100769,0.012366771697998
Dask,Water Potability,2025.1.0,v0,10,Row/Column,0.175719,0.0214536190032959
Dask,Water Potability,2025.1.0,v0,10,I/O,0.068603,0.0056781768798828
Dask,Water Potability,2025.1.0,v0,10,I/O,0.195495,0.0191357135772705
Dask,Water Potability,2025.1.0,v0,10,I/O,0.376159,0.0500018596649169
Dask,Water Potability,2025.1.0,v0,10,I/O,0.145385,0.0169954299926757
Dask,Water Potability,2025.1.0,v0,10,Missing,0.00653,0.0009896755218505
Dask,Water Potability,2025.1.0,v0,10,Missing,0.007996,0.0011928081512451
Dask,Water Potability,2025.1.0,v0,10,Missing,0.0,0.0008361339569091
Dask,Water Potability,2025.1.0,v0,10,Missing,0.0,0.0008754730224609
Dask,Water Potability,2025.1.0,v0,10,Row/Column,0.005005,0.0013539791107177
Dask,Water Potability,2025.1.0,v0,10,Aggregation,0.0,0.0007927417755126
Dask,Water Potability,2025.1.0,v0,10,Row/Column,0.040528,0.0052380561828613
Dask,Water Potability,2025.1.0,v0,10,Row/Column,0.0,0.0007555484771728
Dask,Water Potability,2025.1.0,v0,10,Row/Column,0.054443,0.0074315071105957
Dask,Water Potability,2025.1.0,v0,10,Aggregation,0.118408,0.0144922733306884
Dask,Water Potability,2025.1.0,v0,10,Aggregation,0.110901,0.0134544372558593
Dask,Water Potability,2025.1.0,v0,10,Aggregation,0.129944,0.0155475139617919
Dask,Water Potability,2025.1.0,v0,10,Aggregation,0.105896,0.0125713348388671
Dask,Water Potability,2025.1.0,v0,10,Aggregation,0.109985,0.0128984451293945
Dask,Water Potability,2025.1.0,v0,10,Row/Column,0.175232,0.0215373039245605
Dask,Water Potability,2025.1.0,v0,10,I/O,0.054199,0.0057330131530761
Dask,Water Potability,2025.1.0,v0,10,I/O,0.221801,0.0201935768127441
Dask,Water Potability,2025.1.0,v0,10,I/O,0.375182,0.0497956275939941
Dask,Water Potability,2025.1.0,v0,10,I/O,0.146117,0.0174036026000976
Dask,Water Potability,2025.1.0,v0,10,Missing,0.0,0.0008080005645751
Dask,Water Potability,2025.1.0,v0,10,Missing,0.004211,0.001378059387207
Dask,Water Potability,2025.1.0,v0,10,Missing,0.005615,0.000845193862915
Dask,Water Potability,2025.1.0,v0,10,Missing,0.001954,0.0009615421295166
Dask,Water Potability,2025.1.0,v0,10,Row/Column,0.007934,0.0013692378997802
Dask,Water Potability,2025.1.0,v0,10,Aggregation,0.000977,0.0008060932159423
Dask,Water Potability,2025.1.0,v0,10,Row/Column,0.043091,0.0052666664123535
Dask,Water Potability,2025.1.0,v0,10,Row/Column,0.001831,0.0007514953613281
Dask,Water Potability,2025.1.0,v0,10,Row/Column,0.059204,0.0074822902679443
Dask,Water Potability,2025.1.0,v0,10,Aggregation,0.116943,0.0145106315612792
Dask,Water Potability,2025.1.0,v0,10,Aggregation,0.113708,0.0129170417785644
Dask,Water Potability,2025.1.0,v0,10,Aggregation,0.128295,0.0153069496154785
Dask,Water Potability,2025.1.0,v0,10,Aggregation,0.107788,0.0131418704986572
Dask,Water Potability,2025.1.0,v0,10,Aggregation,0.105956,0.0126831531524658
Dask,Water Potability,2025.1.0,v0,10,Row/Column,0.180663,0.0217335224151611
Dask,Water Potability,2025.1.0,v0,10,I/O,0.045715,0.0059399604797363
Dask,Water Potability,2025.1.0,v0,10,I/O,0.216796,0.0200028419494628
Dask,Water Potability,2025.1.0,v0,10,I/O,0.379027,0.0493919849395751
Dask,Water Potability,2025.1.0,v0,10,I/O,0.146729,0.0174014568328857
Dask,Water Potability,2025.1.0,v0,10,Missing,0.006408,0.0006561279296875
Dask,Water Potability,2025.1.0,v0,10,Missing,0.007263,0.0010139942169189
Dask,Water Potability,2025.1.0,v0,10,Missing,0.0,0.0004618167877197
Dask,Water Potability,2025.1.0,v0,10,Missing,0.006348,0.0005762577056884
Dask,Water Potability,2025.1.0,v0,10,Row/Column,0.007202,0.0009608268737792
Dask,Water Potability,2025.1.0,v0,10,Aggregation,0.0,0.0004260540008544
Dask,Water Potability,2025.1.0,v0,10,Row/Column,0.033874,0.0048997402191162
Dask,Water Potability,2025.1.0,v0,10,Row/Column,0.0,0.0003809928894042
Dask,Water Potability,2025.1.0,v0,10,Row/Column,0.05841,0.0070874691009521
Dask,Water Potability,2025.1.0,v0,10,Aggregation,0.1203,0.0140798091888427
Dask,Water Potability,2025.1.0,v0,10,Aggregation,0.108215,0.0127050876617431
Dask,Water Potability,2025.1.0,v0,10,Aggregation,0.129639,0.0149149894714355
Dask,Water Potability,2025.1.0,v0,10,Aggregation,0.101074,0.0123822689056396
Dask,Water Potability,2025.1.0,v0,10,Aggregation,0.100586,0.0123071670532226
Dask,Water Potability,2025.1.0,v0,10,Row/Column,0.178528,0.0208754539489746
Dask,Water Potability,2025.1.0,v0,10,I/O,0.05902,0.0058174133300781
Dask,Water Potability,2025.1.0,v0,10,I/O,0.195007,0.0194084644317626
Dask,Water Potability,2025.1.0,v0,10,I/O,0.390319,0.0495579242706298
Dask,Water Potability,2025.1.0,v0,10,I/O,0.142823,0.0169816017150878
Dask,Water Potability,2025.1.0,v0,10,Missing,0.006103,0.0010054111480712
Dask,Water Potability,2025.1.0,v0,10,Missing,0.00946,0.0010352134704589
Dask,Water Potability,2025.1.0,v0,10,Missing,0.0,0.0008575916290283
Dask,Water Potability,2025.1.0,v0,10,Missing,0.008422,0.0009722709655761
Dask,Water Potability,2025.1.0,v0,10,Row/Column,0.008484,0.0013430118560791
Dask,Water Potability,2025.1.0,v0,10,Aggregation,0.002625,0.000732421875
Dask,Water Potability,2025.1.0,v0,10,Row/Column,0.042296,0.0052244663238525
Dask,Water Potability,2025.1.0,v0,10,Row/Column,0.002869,0.0007398128509521
Dask,Water Potability,2025.1.0,v0,10,Row/Column,0.05603,0.0074398517608642
Dask,Water Potability,2025.1.0,v0,10,Aggregation,0.117799,0.0141708850860595
Dask,Water Potability,2025.1.0,v0,10,Aggregation,0.10608,0.0124480724334716
Dask,Water Potability,2025.1.0,v0,10,Aggregation,0.139344,0.0161328315734863
Dask,Water Potability,2025.1.0,v0,10,Aggregation,0.096619,0.0122947692871093
Dask,Water Potability,2025.1.0,v0,10,Aggregation,0.101501,0.0121982097625732
Dask,Water Potability,2025.1.0,v0,10,Row/Column,0.181884,0.0210435390472412
Dask,Water Potability,2025.1.0,v0,10,I/O,0.058899,0.0059676170349121
Dask,Water Potability,2025.1.0,v0,10,I/O,0.197936,0.0194895267486572
Dask,Water Potability,2025.1.0,v0,10,I/O,0.390929,0.049166202545166
Dask,Water Potability,2025.1.0,v0,10,I/O,0.14032,0.0170733928680419
Dask,Water Potability,2025.1.0,v0,10,Missing,0.001526,0.0009210109710693
Dask,Water Potability,2025.1.0,v0,10,Missing,0.009705,0.0012900829315185
Dask,Water Potability,2025.1.0,v0,10,Missing,0.0,0.000779390335083
Dask,Water Potability,2025.1.0,v0,10,Missing,0.006408,0.0009365081787109
Dask,Water Potability,2025.1.0,v0,10,Row/Column,0.005004,0.0013363361358642
Dask,Water Potability,2025.1.0,v0,10,Aggregation,0.001586,0.0007839202880859
Dask,Water Potability,2025.1.0,v0,10,Row/Column,0.041992,0.0051949024200439
Dask,Water Potability,2025.1.0,v0,10,Row/Column,0.0,0.000361680984497
Dask,Water Potability,2025.1.0,v0,10,Row/Column,0.059631,0.0071122646331787
Dask,Water Potability,2025.1.0,v0,10,Aggregation,0.109802,0.0141084194183349
Dask,Water Potability,2025.1.0,v0,10,Aggregation,0.10443,0.012557029724121
Dask,Water Potability,2025.1.0,v0,10,Aggregation,0.115356,0.0147285461425781
Dask,Water Potability,2025.1.0,v0,10,Aggregation,0.100585,0.0123183727264404
Dask,Water Potability,2025.1.0,v0,10,Aggregation,0.100525,0.0125477313995361
Dask,Water Potability,2025.1.0,v0,10,Row/Column,0.182128,0.0211524963378906
Pandas,Adult,1.0.0,v1,10,I/O,0.483947,0.0508058071136474
Pandas,Adult,1.0.0,v1,10,I/O,3.984059,0.4312293529510498
Pandas,Adult,1.0.0,v1,10,I/O,2.210138,0.2444221973419189
Pandas,Adult,1.0.0,v1,10,I/O,0.76135,0.0818414688110351
Pandas,Adult,1.0.0,v1,10,Missing,0.018066,0.0023627281188964
Pandas,Adult,1.0.0,v1,10,Missing,0.168152,0.018712043762207
Pandas,Adult,1.0.0,v1,10,Missing,0.130126,0.0158092975616455
Pandas,Adult,1.0.0,v1,10,Missing,0.008362,0.0016736984252929
Pandas,Adult,1.0.0,v1,10,Row/Column,0.02417,0.003474473953247
Pandas,Adult,1.0.0,v1,10,Aggregation,0.007691,0.0012328624725341
Pandas,Adult,1.0.0,v1,10,Row/Column,0.098449,0.0112957954406738
Pandas,Adult,1.0.0,v1,10,Row/Column,0.04309,0.005789041519165
Pandas,Adult,1.0.0,v1,10,Row/Column,0.452087,0.0556738376617431
Pandas,Adult,1.0.0,v1,10,Aggregation,0.127562,0.0155689716339111
Pandas,Adult,1.0.0,v1,10,Aggregation,0.001281,0.0008876323699951
Pandas,Adult,1.0.0,v1,10,Aggregation,0.0,0.0006847381591796
Pandas,Adult,1.0.0,v1,10,Aggregation,0.001281,0.0006871223449707
Pandas,Adult,1.0.0,v1,10,Aggregation,0.0,0.0006854534149169
Pandas,Adult,1.0.0,v1,10,Row/Column,0.0,0.0006935596466064
Pandas,Adult,1.0.0,v1,10,I/O,0.444518,0.0459234714508056
Pandas,Adult,1.0.0,v1,10,I/O,4.029714,0.4514248371124267
Pandas,Adult,1.0.0,v1,10,I/O,2.170893,0.2424674034118652
Pandas,Adult,1.0.0,v1,10,I/O,0.74597,0.0810668468475341
Pandas,Adult,1.0.0,v1,10,Missing,0.017883,0.002375841140747
Pandas,Adult,1.0.0,v1,10,Missing,0.174194,0.0189957618713378
Pandas,Adult,1.0.0,v1,10,Missing,0.132934,0.0155689716339111
Pandas,Adult,1.0.0,v1,10,Missing,0.008911,0.0016794204711914
Pandas,Adult,1.0.0,v1,10,Row/Column,0.034485,0.0038855075836181
Pandas,Adult,1.0.0,v1,10,Aggregation,0.006225,0.001204490661621
Pandas,Adult,1.0.0,v1,10,Row/Column,0.098328,0.0112810134887695
Pandas,Adult,1.0.0,v1,10,Row/Column,0.043152,0.0058345794677734
Pandas,Adult,1.0.0,v1,10,Row/Column,0.433592,0.0473036766052246
Pandas,Adult,1.0.0,v1,10,Aggregation,0.129089,0.0156497955322265
Pandas,Adult,1.0.0,v1,10,Aggregation,0.001404,0.0009016990661621
Pandas,Adult,1.0.0,v1,10,Aggregation,0.0,0.0007209777832031
Pandas,Adult,1.0.0,v1,10,Aggregation,0.006347,0.000687837600708
Pandas,Adult,1.0.0,v1,10,Aggregation,0.006226,0.0006568431854248
Pandas,Adult,1.0.0,v1,10,Row/Column,0.0,0.0007271766662597
Pandas,Adult,1.0.0,v1,10,I/O,0.472289,0.0471622943878173
Pandas,Adult,1.0.0,v1,10,I/O,3.861319,0.436892032623291
Pandas,Adult,1.0.0,v1,10,I/O,2.180048,0.2434320449829101
Pandas,Adult,1.0.0,v1,10,I/O,0.761534,0.0818789005279541
Pandas,Adult,1.0.0,v1,10,Missing,0.018311,0.0027880668640136
Pandas,Adult,1.0.0,v1,10,Missing,0.167542,0.019545555114746
Pandas,Adult,1.0.0,v1,10,Missing,0.137328,0.0160107612609863
Pandas,Adult,1.0.0,v1,10,Missing,0.01709,0.0019996166229248
Pandas,Adult,1.0.0,v1,10,Row/Column,0.02533,0.0035769939422607
Pandas,Adult,1.0.0,v1,10,Aggregation,0.007202,0.0011301040649414
Pandas,Adult,1.0.0,v1,10,Row/Column,0.095275,0.0111501216888427
Pandas,Adult,1.0.0,v1,10,Row/Column,0.043395,0.0057995319366455
Pandas,Adult,1.0.0,v1,10,Row/Column,0.428832,0.0477023124694824
Pandas,Adult,1.0.0,v1,10,Aggregation,0.132446,0.0157334804534912
Pandas,Adult,1.0.0,v1,10,Aggregation,0.007447,0.00130295753479
Pandas,Adult,1.0.0,v1,10,Aggregation,0.00824,0.0011255741119384
Pandas,Adult,1.0.0,v1,10,Aggregation,0.007324,0.0010867118835449
Pandas,Adult,1.0.0,v1,10,Aggregation,0.008423,0.0010621547698974
Pandas,Adult,1.0.0,v1,10,Row/Column,0.007506,0.0011231899261474
Pandas,Adult,1.0.0,v1,10,I/O,0.448912,0.0462787151336669
Pandas,Adult,1.0.0,v1,10,I/O,3.809501,0.4327273368835449
Pandas,Adult,1.0.0,v1,10,I/O,2.135676,0.241957426071167
Pandas,Adult,1.0.0,v1,10,I/O,0.750242,0.0821123123168945
Pandas,Adult,1.0.0,v1,10,Missing,0.017273,0.0027406215667724
Pandas,Adult,1.0.0,v1,10,Missing,0.16693,0.0189688205718994
Pandas,Adult,1.0.0,v1,10,Missing,0.139343,0.0159299373626709
Pandas,Adult,1.0.0,v1,10,Missing,0.017212,0.0020637512207031
Pandas,Adult,1.0.0,v1,10,Row/Column,0.02771,0.0038239955902099
Pandas,Adult,1.0.0,v1,10,Aggregation,0.007995,0.0011255741119384
Pandas,Adult,1.0.0,v1,10,Row/Column,0.093689,0.0111782550811767
Pandas,Adult,1.0.0,v1,10,Row/Column,0.043212,0.0057494640350341
Pandas,Adult,1.0.0,v1,10,Row/Column,0.429076,0.0476000308990478
Pandas,Adult,1.0.0,v1,10,Aggregation,0.132506,0.0158450603485107
Pandas,Adult,1.0.0,v1,10,Aggregation,0.008728,0.0012633800506591
Pandas,Adult,1.0.0,v1,10,Aggregation,0.007324,0.0011143684387207
Pandas,Adult,1.0.0,v1,10,Aggregation,0.001587,0.000972032546997
Pandas,Adult,1.0.0,v1,10,Aggregation,0.008301,0.001061201095581
Pandas,Adult,1.0.0,v1,10,Row/Column,0.006348,0.0011534690856933
Pandas,Adult,1.0.0,v1,10,I/O,0.45233,0.0462801456451416
Pandas,Adult,1.0.0,v1,10,I/O,3.901174,0.4293625354766845
Pandas,Adult,1.0.0,v1,10,I/O,2.180597,0.2421069145202636
Pandas,Adult,1.0.0,v1,10,I/O,0.742186,0.081022024154663
Pandas,Adult,1.0.0,v1,10,Missing,0.017639,0.0027360916137695
Pandas,Adult,1.0.0,v1,10,Missing,0.165406,0.019240379333496
Pandas,Adult,1.0.0,v1,10,Missing,0.14215,0.0158987045288085
Pandas,Adult,1.0.0,v1,10,Missing,0.01764,0.0020678043365478
Pandas,Adult,1.0.0,v1,10,Row/Column,0.033448,0.0040309429168701
Pandas,Adult,1.0.0,v1,10,Aggregation,0.005616,0.0012273788452148
Pandas,Adult,1.0.0,v1,10,Row/Column,0.092163,0.0109868049621582
Pandas,Adult,1.0.0,v1,10,Row/Column,0.049682,0.0059649944305419
Pandas,Adult,1.0.0,v1,10,Row/Column,0.433409,0.0479280948638916
Pandas,Adult,1.0.0,v1,10,Aggregation,0.136291,0.0160620212554931
Pandas,Adult,1.0.0,v1,10,Aggregation,0.008422,0.0012967586517333
Pandas,Adult,1.0.0,v1,10,Aggregation,0.006042,0.0011227130889892
Pandas,Adult,1.0.0,v1,10,Aggregation,0.005554,0.0010759830474853
Pandas,Adult,1.0.0,v1,10,Aggregation,0.007324,0.0011012554168701
Pandas,Adult,1.0.0,v1,10,Row/Column,0.006897,0.0010924339294433
Pandas,Adult,1.0.0,v1,10,I/O,0.460814,0.0465548038482666
Pandas,Adult,1.0.0,v1,10,I/O,3.832022,0.4279313087463379
Pandas,Adult,1.0.0,v1,10,I/O,2.145442,0.2418863773345947
Pandas,Adult,1.0.0,v1,10,I/O,0.757811,0.0820682048797607
Pandas,Adult,1.0.0,v1,10,Missing,0.018006,0.0027406215667724
Pandas,Adult,1.0.0,v1,10,Missing,0.157532,0.0188934803009033
Pandas,Adult,1.0.0,v1,10,Missing,0.126587,0.0159392356872558
Pandas,Adult,1.0.0,v1,10,Missing,0.015076,0.0020427703857421
Pandas,Adult,1.0.0,v1,10,Row/Column,0.024781,0.0034718513488769
Pandas,Adult,1.0.0,v1,10,Aggregation,0.007995,0.0012273788452148
Pandas,Adult,1.0.0,v1,10,Row/Column,0.099487,0.0113327503204345
Pandas,Adult,1.0.0,v1,10,Row/Column,0.04187,0.0056588649749755
Pandas,Adult,1.0.0,v1,10,Row/Column,0.426269,0.0460669994354248
Pandas,Adult,1.0.0,v1,10,Aggregation,0.135498,0.0158677101135253
Pandas,Adult,1.0.0,v1,10,Aggregation,0.007569,0.0012640953063964
Pandas,Adult,1.0.0,v1,10,Aggregation,0.006714,0.0011117458343505
Pandas,Adult,1.0.0,v1,10,Aggregation,0.005127,0.0010836124420166
Pandas,Adult,1.0.0,v1,10,Aggregation,0.00238,0.0010738372802734
Pandas,Adult,1.0.0,v1,10,Row/Column,0.007447,0.0011160373687744
Pandas,Adult,1.0.0,v1,10,I/O,0.436522,0.0458738803863525
Pandas,Adult,1.0.0,v1,10,I/O,3.867911,0.4309935569763183
Pandas,Adult,1.0.0,v1,10,I/O,2.143916,0.2434699535369873
Pandas,Adult,1.0.0,v1,10,I/O,0.747069,0.0823166370391845
Pandas,Adult,1.0.0,v1,10,Missing,0.018371,0.0027618408203125
Pandas,Adult,1.0.0,v1,10,Missing,0.163696,0.0189516544342041
Pandas,Adult,1.0.0,v1,10,Missing,0.130554,0.0159039497375488
Pandas,Adult,1.0.0,v1,10,Missing,0.013855,0.0020577907562255
Pandas,Adult,1.0.0,v1,10,Row/Column,0.033263,0.0039806365966796
Pandas,Adult,1.0.0,v1,10,Aggregation,0.00293,0.001211404800415
Pandas,Adult,1.0.0,v1,10,Row/Column,0.089416,0.0109355449676513
Pandas,Adult,1.0.0,v1,10,Row/Column,0.041504,0.0056068897247314
Pandas,Adult,1.0.0,v1,10,Row/Column,0.425536,0.0474157333374023
Pandas,Adult,1.0.0,v1,10,Aggregation,0.131043,0.0156829357147216
Pandas,Adult,1.0.0,v1,10,Aggregation,0.007569,0.0011210441589355
Pandas,Adult,1.0.0,v1,10,Aggregation,0.007873,0.0011286735534667
Pandas,Adult,1.0.0,v1,10,Aggregation,0.006958,0.0010857582092285
Pandas,Adult,1.0.0,v1,10,Aggregation,0.008728,0.0010926723480224
Pandas,Adult,1.0.0,v1,10,Row/Column,0.003297,0.0011336803436279
Pandas,Adult,1.0.0,v1,10,I/O,0.475098,0.0484695434570312
Pandas,Adult,1.0.0,v1,10,I/O,3.917592,0.4336633682250976
Pandas,Adult,1.0.0,v1,10,I/O,2.171197,0.2427258491516113
Pandas,Adult,1.0.0,v1,10,I/O,0.744445,0.0812451839447021
Pandas,Adult,1.0.0,v1,10,Missing,0.018005,0.0027554035186767
Pandas,Adult,1.0.0,v1,10,Missing,0.160644,0.0187861919403076
Pandas,Adult,1.0.0,v1,10,Missing,0.128478,0.0159807205200195
Pandas,Adult,1.0.0,v1,10,Missing,0.017151,0.0020835399627685
Pandas,Adult,1.0.0,v1,10,Row/Column,0.026001,0.0034797191619873
Pandas,Adult,1.0.0,v1,10,Aggregation,0.007386,0.0012075901031494
Pandas,Adult,1.0.0,v1,10,Row/Column,0.096191,0.01123046875
Pandas,Adult,1.0.0,v1,10,Row/Column,0.045532,0.0056269168853759
Pandas,Adult,1.0.0,v1,10,Row/Column,0.419921,0.0472183227539062
Pandas,Adult,1.0.0,v1,10,Aggregation,0.128356,0.0156526565551757
Pandas,Adult,1.0.0,v1,10,Aggregation,0.007568,0.0012276172637939
Pandas,Adult,1.0.0,v1,10,Aggregation,0.005432,0.0009260177612304
Pandas,Adult,1.0.0,v1,10,Aggregation,0.002625,0.0010759830474853
Pandas,Adult,1.0.0,v1,10,Aggregation,0.007813,0.0009009838104248
Pandas,Adult,1.0.0,v1,10,Row/Column,0.00708,0.0011343955993652
Pandas,Adult,1.0.0,v1,10,I/O,0.439024,0.0461061000823974
Pandas,Adult,1.0.0,v1,10,I/O,3.8767,0.4350965023040771
Pandas,Adult,1.0.0,v1,10,I/O,2.130122,0.2429854869842529
Pandas,Adult,1.0.0,v1,10,I/O,0.73834,0.0813446044921875
Pandas,Adult,1.0.0,v1,10,Missing,0.019592,0.0027732849121093
Pandas,Adult,1.0.0,v1,10,Missing,0.158874,0.0188822746276855
Pandas,Adult,1.0.0,v1,10,Missing,0.139893,0.0160233974456787
Pandas,Adult,1.0.0,v1,10,Missing,0.017761,0.0020751953125
Pandas,Adult,1.0.0,v1,10,Row/Column,0.025818,0.0038743019104003
Pandas,Adult,1.0.0,v1,10,Aggregation,0.007508,0.0012025833129882
Pandas,Adult,1.0.0,v1,10,Row/Column,0.088622,0.0108280181884765
Pandas,Adult,1.0.0,v1,10,Row/Column,0.040709,0.0055274963378906
Pandas,Adult,1.0.0,v1,10,Row/Column,0.421447,0.0470263957977294
Pandas,Adult,1.0.0,v1,10,Aggregation,0.130004,0.0157337188720703
Pandas,Adult,1.0.0,v1,10,Aggregation,0.006958,0.0012812614440917
Pandas,Adult,1.0.0,v1,10,Aggregation,0.009644,0.0011003017425537
Pandas,Adult,1.0.0,v1,10,Aggregation,0.003539,0.0010879039764404
Pandas,Adult,1.0.0,v1,10,Aggregation,0.00708,0.0010714530944824
Pandas,Adult,1.0.0,v1,10,Row/Column,0.009277,0.0011126995086669
Pandas,Adult,1.0.0,v1,10,I/O,0.456968,0.0468766689300537
Pandas,Adult,1.0.0,v1,10,I/O,3.816458,0.4291467666625976
Pandas,Adult,1.0.0,v1,10,I/O,2.151728,0.2434215545654297
Pandas,Adult,1.0.0,v1,10,I/O,0.75604,0.0818152427673339
Pandas,Adult,1.0.0,v1,10,Missing,0.015443,0.0027909278869628
Pandas,Adult,1.0.0,v1,10,Missing,0.163513,0.019127607345581
Pandas,Adult,1.0.0,v1,10,Missing,0.139647,0.0160527229309082
Pandas,Adult,1.0.0,v1,10,Missing,0.012635,0.002082347869873
Pandas,Adult,1.0.0,v1,10,Row/Column,0.025329,0.0033977031707763
Pandas,Adult,1.0.0,v1,10,Aggregation,0.007019,0.0012047290802001
Pandas,Adult,1.0.0,v1,10,Row/Column,0.096863,0.0108978748321533
Pandas,Adult,1.0.0,v1,10,Row/Column,0.047668,0.0056405067443847
Pandas,Adult,1.0.0,v1,10,Row/Column,0.436217,0.0468873977661132
Pandas,Adult,1.0.0,v1,10,Aggregation,0.131775,0.0158350467681884
Pandas,Adult,1.0.0,v1,10,Aggregation,0.00763,0.0012130737304687
Pandas,Adult,1.0.0,v1,10,Aggregation,0.002319,0.0010468959808349
Pandas,Adult,1.0.0,v1,10,Aggregation,0.001831,0.0009794235229492
Pandas,Adult,1.0.0,v1,10,Aggregation,0.002746,0.001086950302124
Pandas,Adult,1.0.0,v1,10,Row/Column,0.001587,0.0009844303131103
Pandas,Adult,2.0.0,v2,10,I/O,0.479002,0.0500497817993164
Pandas,Adult,2.0.0,v2,10,I/O,2.359552,0.2659718990325928
Pandas,Adult,2.0.0,v2,10,I/O,1.010496,0.1222248077392578
Pandas,Adult,2.0.0,v2,10,I/O,0.45587,0.0568985939025878
Pandas,Adult,2.0.0,v2,10,Missing,0.007508,0.0016801357269287
Pandas,Adult,2.0.0,v2,10,Missing,0.078796,0.0096893310546875
Pandas,Adult,2.0.0,v2,10,Missing,0.09552,0.0117759704589843
Pandas,Adult,2.0.0,v2,10,Missing,0.017212,0.0022463798522949
Pandas,Adult,2.0.0,v2,10,Row/Column,0.01709,0.0023198127746582
Pandas,Adult,2.0.0,v2,10,Aggregation,0.0,0.0007741451263427
Pandas,Adult,2.0.0,v2,10,Row/Column,0.020019,0.0019683837890625
Pandas,Adult,2.0.0,v2,10,Row/Column,0.034057,0.0046508312225341
Pandas,Adult,2.0.0,v2,10,Row/Column,0.308411,0.0391595363616943
Pandas,Adult,2.0.0,v2,10,Aggregation,0.070984,0.0089991092681884
Pandas,Adult,2.0.0,v2,10,Aggregation,0.004516,0.0004220008850097
Pandas,Adult,2.0.0,v2,10,Aggregation,0.021729,0.0067381858825683
Pandas,Adult,2.0.0,v2,10,Aggregation,0.0,0.0003149509429931
Pandas,Adult,2.0.0,v2,10,Aggregation,0.0,0.0003156661987304
Pandas,Adult,2.0.0,v2,10,Row/Column,0.002197,0.0004751682281494
Pandas,Adult,2.0.0,v2,10,I/O,0.398375,0.0390262603759765
Pandas,Adult,2.0.0,v2,10,I/O,2.412774,0.2635455131530761
Pandas,Adult,2.0.0,v2,10,I/O,0.998655,0.1212298870086669
Pandas,Adult,2.0.0,v2,10,I/O,0.503539,0.0612149238586425
Pandas,Adult,2.0.0,v2,10,Missing,0.007569,0.0016651153564453
Pandas,Adult,2.0.0,v2,10,Missing,0.078552,0.009678840637207
Pandas,Adult,2.0.0,v2,10,Missing,0.095703,0.0117886066436767
Pandas,Adult,2.0.0,v2,10,Missing,0.014464,0.002230167388916
Pandas,Adult,2.0.0,v2,10,Row/Column,0.017334,0.0022635459899902
Pandas,Adult,2.0.0,v2,10,Aggregation,0.0,0.0006191730499267
Pandas,Adult,2.0.0,v2,10,Row/Column,0.019592,0.0021958351135253
Pandas,Adult,2.0.0,v2,10,Row/Column,0.032471,0.0046131610870361
Pandas,Adult,2.0.0,v2,10,Row/Column,0.265868,0.0307159423828125
Pandas,Adult,2.0.0,v2,10,Aggregation,0.076295,0.0092952251434326
Pandas,Adult,2.0.0,v2,10,Aggregation,0.006164,0.0007996559143066
Pandas,Adult,2.0.0,v2,10,Aggregation,0.004944,0.0006921291351318
Pandas,Adult,2.0.0,v2,10,Aggregation,0.002441,0.0006301403045654
Pandas,Adult,2.0.0,v2,10,Aggregation,0.004517,0.0006985664367675
Pandas,Adult,2.0.0,v2,10,Row/Column,0.002137,0.0008137226104736
Pandas,Adult,2.0.0,v2,10,I/O,0.407897,0.0375306606292724
Pandas,Adult,2.0.0,v2,10,I/O,2.195796,0.2417824268341064
Pandas,Adult,2.0.0,v2,10,I/O,0.989683,0.1204838752746582
Pandas,Adult,2.0.0,v2,10,I/O,0.485107,0.0587213039398193
Pandas,Adult,2.0.0,v2,10,Missing,0.009277,0.001655101776123
Pandas,Adult,2.0.0,v2,10,Missing,0.080811,0.0096776485443115
Pandas,Adult,2.0.0,v2,10,Missing,0.09674,0.0118467807769775
Pandas,Adult,2.0.0,v2,10,Missing,0.017029,0.0022304058074951
Pandas,Adult,2.0.0,v2,10,Row/Column,0.017272,0.0023179054260253
Pandas,Adult,2.0.0,v2,10,Aggregation,0.0,0.000767707824707
Pandas,Adult,2.0.0,v2,10,Row/Column,0.017944,0.0021860599517822
Pandas,Adult,2.0.0,v2,10,Row/Column,0.03357,0.0046126842498779
Pandas,Adult,2.0.0,v2,10,Row/Column,0.265868,0.0306472778320312
Pandas,Adult,2.0.0,v2,10,Aggregation,0.077759,0.0093398094177246
Pandas,Adult,2.0.0,v2,10,Aggregation,0.0,0.0006377696990966
Pandas,Adult,2.0.0,v2,10,Aggregation,0.0,0.0006966590881347
Pandas,Adult,2.0.0,v2,10,Aggregation,0.001708,0.0006897449493408
Pandas,Adult,2.0.0,v2,10,Aggregation,0.002869,0.0006189346313476
Pandas,Adult,2.0.0,v2,10,Row/Column,0.002991,0.0008461475372314
Pandas,Adult,2.0.0,v2,10,I/O,0.389036,0.0383245944976806
Pandas,Adult,2.0.0,v2,10,I/O,2.249934,0.2491447925567627
Pandas,Adult,2.0.0,v2,10,I/O,0.975096,0.1157717704772949
Pandas,Adult,2.0.0,v2,10,I/O,0.453368,0.0491168498992919
Pandas,Adult,2.0.0,v2,10,Missing,0.006348,0.0016632080078125
Pandas,Adult,2.0.0,v2,10,Missing,0.075683,0.009589672088623
Pandas,Adult,2.0.0,v2,10,Missing,0.097168,0.011580467224121
Pandas,Adult,2.0.0,v2,10,Missing,0.016602,0.002223253250122
Pandas,Adult,2.0.0,v2,10,Row/Column,0.015136,0.0023236274719238
Pandas,Adult,2.0.0,v2,10,Aggregation,0.0,0.0007798671722412
Pandas,Adult,2.0.0,v2,10,Row/Column,0.018372,0.0021870136260986
Pandas,Adult,2.0.0,v2,10,Row/Column,0.033692,0.004580020904541
Pandas,Adult,2.0.0,v2,10,Row/Column,0.273193,0.030574083328247
Pandas,Adult,2.0.0,v2,10,Aggregation,0.07843,0.00933837890625
Pandas,Adult,2.0.0,v2,10,Aggregation,0.0,0.0008034706115722
Pandas,Adult,2.0.0,v2,10,Aggregation,0.0,0.0007085800170898
Pandas,Adult,2.0.0,v2,10,Aggregation,0.0,0.0006849765777587
Pandas,Adult,2.0.0,v2,10,Aggregation,0.0,0.0006706714630126
Pandas,Adult,2.0.0,v2,10,Row/Column,0.0,0.0008280277252197
Pandas,Adult,2.0.0,v2,10,I/O,0.388122,0.03818941116333
Pandas,Adult,2.0.0,v2,10,I/O,2.27575,0.2504394054412842
Pandas,Adult,2.0.0,v2,10,I/O,0.990903,0.1155650615692138
Pandas,Adult,2.0.0,v2,10,I/O,0.453368,0.0494935512542724
Pandas,Adult,2.0.0,v2,10,Missing,0.00708,0.0016014575958251
Pandas,Adult,2.0.0,v2,10,Missing,0.074524,0.0093834400177001
Pandas,Adult,2.0.0,v2,10,Missing,0.099121,0.0117535591125488
Pandas,Adult,2.0.0,v2,10,Missing,0.017089,0.0022172927856445
Pandas,Adult,2.0.0,v2,10,Row/Column,0.017456,0.002324104309082
Pandas,Adult,2.0.0,v2,10,Aggregation,0.0,0.0006966590881347
Pandas,Adult,2.0.0,v2,10,Row/Column,0.017884,0.0021789073944091
Pandas,Adult,2.0.0,v2,10,Row/Column,0.034485,0.0046157836914062
Pandas,Adult,2.0.0,v2,10,Row/Column,0.270446,0.0304939746856689
Pandas,Adult,2.0.0,v2,10,Aggregation,0.077697,0.0094115734100341
Pandas,Adult,2.0.0,v2,10,Aggregation,0.0,0.0007765293121337
Pandas,Adult,2.0.0,v2,10,Aggregation,0.001465,0.0007095336914062
Pandas,Adult,2.0.0,v2,10,Aggregation,0.0,0.000701904296875
Pandas,Adult,2.0.0,v2,10,Aggregation,0.003906,0.0006847381591796
Pandas,Adult,2.0.0,v2,10,Row/Column,0.003175,0.0008347034454345
Pandas,Adult,2.0.0,v2,10,I/O,0.404724,0.0376193523406982
Pandas,Adult,2.0.0,v2,10,I/O,2.251825,0.2498085498809814
Pandas,Adult,2.0.0,v2,10,I/O,1.013608,0.1155741214752197
Pandas,Adult,2.0.0,v2,10,I/O,0.441771,0.0495915412902832
Pandas,Adult,2.0.0,v2,10,Missing,0.015198,0.0016634464263916
Pandas,Adult,2.0.0,v2,10,Missing,0.083558,0.0096738338470458
Pandas,Adult,2.0.0,v2,10,Missing,0.100647,0.0117857456207275
Pandas,Adult,2.0.0,v2,10,Missing,0.013488,0.0022165775299072
Pandas,Adult,2.0.0,v2,10,Row/Column,0.016662,0.0020709037780761
Pandas,Adult,2.0.0,v2,10,Aggregation,0.006531,0.0004520416259765
Pandas,Adult,2.0.0,v2,10,Row/Column,0.014832,0.0018880367279052
Pandas,Adult,2.0.0,v2,10,Row/Column,0.032288,0.0042955875396728
Pandas,Adult,2.0.0,v2,10,Row/Column,0.261047,0.0294008255004882
Pandas,Adult,2.0.0,v2,10,Aggregation,0.076233,0.0089650154113769
Pandas,Adult,2.0.0,v2,10,Aggregation,0.002441,0.0005173683166503
Pandas,Adult,2.0.0,v2,10,Aggregation,0.0,0.0003902912139892
Pandas,Adult,2.0.0,v2,10,Aggregation,0.0,0.0003395080566406
Pandas,Adult,2.0.0,v2,10,Aggregation,0.0,0.0003192424774169
Pandas,Adult,2.0.0,v2,10,Row/Column,0.0,0.0004560947418212
Pandas,Adult,2.0.0,v2,10,I/O,0.383544,0.0378897190093994
Pandas,Adult,2.0.0,v2,10,I/O,2.196527,0.2460503578186035
Pandas,Adult,2.0.0,v2,10,I/O,0.960752,0.1146705150604248
Pandas,Adult,2.0.0,v2,10,I/O,0.439758,0.0493004322052001
Pandas,Adult,2.0.0,v2,10,Missing,0.007996,0.0013012886047363
Pandas,Adult,2.0.0,v2,10,Missing,0.078064,0.0094115734100341
Pandas,Adult,2.0.0,v2,10,Missing,0.09552,0.0114686489105224
Pandas,Adult,2.0.0,v2,10,Missing,0.009522,0.0018789768218994
Pandas,Adult,2.0.0,v2,10,Row/Column,0.016906,0.0021893978118896
Pandas,Adult,2.0.0,v2,10,Aggregation,0.0,0.0007643699645996
Pandas,Adult,2.0.0,v2,10,Row/Column,0.010621,0.0021684169769287
Pandas,Adult,2.0.0,v2,10,Row/Column,0.031372,0.004603624343872
Pandas,Adult,2.0.0,v2,10,Row/Column,0.254151,0.0295898914337158
Pandas,Adult,2.0.0,v2,10,Aggregation,0.078736,0.0093369483947753
Pandas,Adult,2.0.0,v2,10,Aggregation,0.003479,0.0006320476531982
Pandas,Adult,2.0.0,v2,10,Aggregation,0.0,0.0007140636444091
Pandas,Adult,2.0.0,v2,10,Aggregation,0.0,0.0006752014160156
Pandas,Adult,2.0.0,v2,10,Aggregation,0.0,0.0006957054138183
Pandas,Adult,2.0.0,v2,10,Row/Column,0.0,0.0006804466247558
Pandas,Adult,2.0.0,v2,10,I/O,0.395018,0.0377488136291503
Pandas,Adult,2.0.0,v2,10,I/O,2.202692,0.2497367858886718
Pandas,Adult,2.0.0,v2,10,I/O,0.946591,0.1147663593292236
Pandas,Adult,2.0.0,v2,10,I/O,0.437926,0.0491833686828613
Pandas,Adult,2.0.0,v2,10,Missing,0.008728,0.0016818046569824
Pandas,Adult,2.0.0,v2,10,Missing,0.082091,0.0096714496612548
Pandas,Adult,2.0.0,v2,10,Missing,0.09198,0.0117979049682617
Pandas,Adult,2.0.0,v2,10,Missing,0.016295,0.0022182464599609
Pandas,Adult,2.0.0,v2,10,Row/Column,0.016906,0.0022981166839599
Pandas,Adult,2.0.0,v2,10,Aggregation,0.0,0.0007693767547607
Pandas,Adult,2.0.0,v2,10,Row/Column,0.014221,0.002185583114624
Pandas,Adult,2.0.0,v2,10,Row/Column,0.033264,0.0046112537384033
Pandas,Adult,2.0.0,v2,10,Row/Column,0.25885,0.0306141376495361
Pandas,Adult,2.0.0,v2,10,Aggregation,0.07544,0.0093493461608886
Pandas,Adult,2.0.0,v2,10,Aggregation,0.0,0.0007927417755126
Pandas,Adult,2.0.0,v2,10,Aggregation,0.0,0.0007016658782958
Pandas,Adult,2.0.0,v2,10,Aggregation,0.0,0.0006384849548339
Pandas,Adult,2.0.0,v2,10,Aggregation,0.0,0.0005230903625488
Pandas,Adult,2.0.0,v2,10,Row/Column,0.001587,0.0008220672607421
Pandas,Adult,2.0.0,v2,10,I/O,0.391051,0.0376374721527099
Pandas,Adult,2.0.0,v2,10,I/O,2.216668,0.251021146774292
Pandas,Adult,2.0.0,v2,10,I/O,0.964231,0.1162264347076416
Pandas,Adult,2.0.0,v2,10,I/O,0.431945,0.0491590499877929
Pandas,Adult,2.0.0,v2,10,Missing,0.007019,0.0016586780548095
Pandas,Adult,2.0.0,v2,10,Missing,0.082825,0.0097105503082275
Pandas,Adult,2.0.0,v2,10,Missing,0.096313,0.0117442607879638
Pandas,Adult,2.0.0,v2,10,Missing,0.01538,0.0022189617156982
Pandas,Adult,2.0.0,v2,10,Row/Column,0.01477,0.0022919178009033
Pandas,Adult,2.0.0,v2,10,Aggregation,0.0,0.0007469654083251
Pandas,Adult,2.0.0,v2,10,Row/Column,0.017823,0.0022134780883789
Pandas,Adult,2.0.0,v2,10,Row/Column,0.034486,0.0046114921569824
Pandas,Adult,2.0.0,v2,10,Row/Column,0.262144,0.0306494235992431
Pandas,Adult,2.0.0,v2,10,Aggregation,0.083496,0.0092782974243164
Pandas,Adult,2.0.0,v2,10,Aggregation,0.0,0.0007176399230957
Pandas,Adult,2.0.0,v2,10,Aggregation,0.0,0.0006320476531982
Pandas,Adult,2.0.0,v2,10,Aggregation,0.0,0.0005702972412109
Pandas,Adult,2.0.0,v2,10,Aggregation,0.0,0.0006752014160156
Pandas,Adult,2.0.0,v2,10,Row/Column,0.0,0.0007624626159667
Pandas,Adult,2.0.0,v2,10,I/O,0.389647,0.0382723808288574
Pandas,Adult,2.0.0,v2,10,I/O,2.247003,0.2511835098266601
Pandas,Adult,2.0.0,v2,10,I/O,0.970578,0.1151237487792968
Pandas,Adult,2.0.0,v2,10,I/O,0.442566,0.0490999221801757
Pandas,Adult,2.0.0,v2,10,Missing,0.010559,0.0016665458679199
Pandas,Adult,2.0.0,v2,10,Missing,0.078492,0.009681224822998
Pandas,Adult,2.0.0,v2,10,Missing,0.100219,0.0117659568786621
Pandas,Adult,2.0.0,v2,10,Missing,0.016296,0.0022220611572265
Pandas,Adult,2.0.0,v2,10,Row/Column,0.016541,0.0022718906402587
Pandas,Adult,2.0.0,v2,10,Aggregation,0.0,0.0007534027099609
Pandas,Adult,2.0.0,v2,10,Row/Column,0.017822,0.0020239353179931
Pandas,Adult,2.0.0,v2,10,Row/Column,0.033203,0.0043039321899414
Pandas,Adult,2.0.0,v2,10,Row/Column,0.266113,0.0304386615753173
Pandas,Adult,2.0.0,v2,10,Aggregation,0.07605,0.0089972019195556
Pandas,Adult,2.0.0,v2,10,Aggregation,0.0,0.0004403591156005
Pandas,Adult,2.0.0,v2,10,Aggregation,0.0,0.000352144241333
Pandas,Adult,2.0.0,v2,10,Aggregation,0.001404,0.0003187656402587
Pandas,Adult,2.0.0,v2,10,Aggregation,0.0,0.0003197193145751
Pandas,Adult,2.0.0,v2,10,Row/Column,0.000733,0.0004582405090332
Pandas,Adult,2.2.0,v0,10,I/O,0.439879,0.0470201969146728
Pandas,Adult,2.2.0,v0,10,I/O,2.033321,0.2365615367889404
Pandas,Adult,2.2.0,v0,10,I/O,1.31622,0.1190462112426757
Pandas,Adult,2.2.0,v0,10,I/O,0.444762,0.0529184341430664
Pandas,Adult,2.2.0,v0,10,Missing,0.00769,0.0013580322265625
Pandas,Adult,2.2.0,v0,10,Missing,0.086426,0.0106887817382812
Pandas,Adult,2.2.0,v0,10,Missing,0.096496,0.0128207206726074
Pandas,Adult,2.2.0,v0,10,Missing,0.008361,0.0019299983978271
Pandas,Adult,2.2.0,v0,10,Row/Column,0.012512,0.0020239353179931
Pandas,Adult,2.2.0,v0,10,Aggregation,0.0,0.0004096031188964
Pandas,Adult,2.2.0,v0,10,Row/Column,0.0141,0.0018846988677978
Pandas,Adult,2.2.0,v0,10,Row/Column,0.047242,0.0108885765075683
Pandas,Adult,2.2.0,v0,10,Row/Column,0.276427,0.0379705429077148
Pandas,Adult,2.2.0,v0,10,Aggregation,0.076476,0.0102369785308837
Pandas,Adult,2.2.0,v0,10,Aggregation,0.001892,0.0004384517669677
Pandas,Adult,2.2.0,v0,10,Aggregation,0.0,0.0003643035888671
Pandas,Adult,2.2.0,v0,10,Aggregation,0.004212,0.0003294944763183
Pandas,Adult,2.2.0,v0,10,Aggregation,0.000977,0.0003113746643066
Pandas,Adult,2.2.0,v0,10,Row/Column,0.0,0.0004637241363525
Pandas,Adult,2.2.0,v0,10,I/O,0.349181,0.0339863300323486
Pandas,Adult,2.2.0,v0,10,I/O,1.874812,0.2143573760986328
Pandas,Adult,2.2.0,v0,10,I/O,0.915708,0.1111598014831543
Pandas,Adult,2.2.0,v0,10,I/O,0.646422,0.0462913513183593
Pandas,Adult,2.2.0,v0,10,Missing,0.013244,0.0017213821411132
Pandas,Adult,2.2.0,v0,10,Missing,0.086914,0.0110528469085693
Pandas,Adult,2.2.0,v0,10,Missing,0.106873,0.0131876468658447
Pandas,Adult,2.2.0,v0,10,Missing,0.021666,0.0022904872894287
Pandas,Adult,2.2.0,v0,10,Row/Column,0.014038,0.0023262500762939
Pandas,Adult,2.2.0,v0,10,Aggregation,0.004272,0.0005629062652587
Pandas,Adult,2.2.0,v0,10,Row/Column,0.014771,0.0022516250610351
Pandas,Adult,2.2.0,v0,10,Row/Column,0.031921,0.0046989917755126
Pandas,Adult,2.2.0,v0,10,Row/Column,0.252807,0.0306458473205566
Pandas,Adult,2.2.0,v0,10,Aggregation,0.081299,0.0106029510498046
Pandas,Adult,2.2.0,v0,10,Aggregation,0.001831,0.0007925033569335
Pandas,Adult,2.2.0,v0,10,Aggregation,0.003051,0.0005455017089843
Pandas,Adult,2.2.0,v0,10,Aggregation,0.0,0.000335693359375
Pandas,Adult,2.2.0,v0,10,Aggregation,0.0,0.0005862712860107
Pandas,Adult,2.2.0,v0,10,Row/Column,0.007141,0.0008306503295898
Pandas,Adult,2.2.0,v0,10,I/O,0.36322,0.0350878238677978
Pandas,Adult,2.2.0,v0,10,I/O,1.882869,0.2174019813537597
Pandas,Adult,2.2.0,v0,10,I/O,0.942991,0.1115796566009521
Pandas,Adult,2.2.0,v0,10,I/O,0.42401,0.0473208427429199
Pandas,Adult,2.2.0,v0,10,Missing,0.006165,0.001753807067871
Pandas,Adult,2.2.0,v0,10,Missing,0.089599,0.0110394954681396
Pandas,Adult,2.2.0,v0,10,Missing,0.105469,0.0131196975708007
Pandas,Adult,2.2.0,v0,10,Missing,0.015075,0.0022921562194824
Pandas,Adult,2.2.0,v0,10,Row/Column,0.013916,0.0023155212402343
Pandas,Adult,2.2.0,v0,10,Aggregation,0.003296,0.0007481575012207
Pandas,Adult,2.2.0,v0,10,Row/Column,0.015319,0.0022103786468505
Pandas,Adult,2.2.0,v0,10,Row/Column,0.031249,0.0046679973602294
Pandas,Adult,2.2.0,v0,10,Row/Column,0.256591,0.0306439399719238
Pandas,Adult,2.2.0,v0,10,Aggregation,0.080566,0.0106580257415771
Pandas,Adult,2.2.0,v0,10,Aggregation,0.007508,0.0008065700531005
Pandas,Adult,2.2.0,v0,10,Aggregation,0.0,0.0007047653198242
Pandas,Adult,2.2.0,v0,10,Aggregation,0.0,0.0006790161132812
Pandas,Adult,2.2.0,v0,10,Aggregation,0.0,0.0006930828094482
Pandas,Adult,2.2.0,v0,10,Row/Column,0.001282,0.0008220672607421
Pandas,Adult,2.2.0,v0,10,I/O,0.349914,0.0366485118865966
Pandas,Adult,2.2.0,v0,10,I/O,1.850948,0.2166090011596679
Pandas,Adult,2.2.0,v0,10,I/O,0.938597,0.1116528511047363
Pandas,Adult,2.2.0,v0,10,I/O,0.429809,0.0489096641540527
Pandas,Adult,2.2.0,v0,10,Missing,0.007079,0.0013606548309326
Pandas,Adult,2.2.0,v0,10,Missing,0.08191,0.0107102394104003
Pandas,Adult,2.2.0,v0,10,Missing,0.209289,0.0130610466003417
Pandas,Adult,2.2.0,v0,10,Missing,0.014099,0.0021460056304931
Pandas,Adult,2.2.0,v0,10,Row/Column,0.013366,0.0021901130676269
Pandas,Adult,2.2.0,v0,10,Aggregation,0.0,0.0005416870117187
Pandas,Adult,2.2.0,v0,10,Row/Column,0.011719,0.002155065536499
Pandas,Adult,2.2.0,v0,10,Row/Column,0.032653,0.0045497417449951
Pandas,Adult,2.2.0,v0,10,Row/Column,0.259521,0.0306506156921386
Pandas,Adult,2.2.0,v0,10,Aggregation,0.083007,0.0106072425842285
Pandas,Adult,2.2.0,v0,10,Aggregation,0.006042,0.000791311264038
Pandas,Adult,2.2.0,v0,10,Aggregation,0.004212,0.0006434917449951
Pandas,Adult,2.2.0,v0,10,Aggregation,0.0,0.0006854534149169
Pandas,Adult,2.2.0,v0,10,Aggregation,0.007201,0.0006492137908935
Pandas,Adult,2.2.0,v0,10,Row/Column,0.001282,0.0008234977722167
Pandas,Adult,2.2.0,v0,10,I/O,0.369751,0.0375676155090332
Pandas,Adult,2.2.0,v0,10,I/O,1.813411,0.206017255783081
Pandas,Adult,2.2.0,v0,10,I/O,0.9447,0.1121406555175781
Pandas,Adult,2.2.0,v0,10,I/O,0.429687,0.0483756065368652
Pandas,Adult,2.2.0,v0,10,Missing,0.007935,0.001357078552246
Pandas,Adult,2.2.0,v0,10,Missing,0.081665,0.010674238204956
Pandas,Adult,2.2.0,v0,10,Missing,0.106567,0.0127933025360107
Pandas,Adult,2.2.0,v0,10,Missing,0.006897,0.0019373893737792
Pandas,Adult,2.2.0,v0,10,Row/Column,0.009094,0.002026081085205
Pandas,Adult,2.2.0,v0,10,Aggregation,0.0,0.0004069805145263
Pandas,Adult,2.2.0,v0,10,Row/Column,0.01062,0.0018889904022216
Pandas,Adult,2.2.0,v0,10,Row/Column,0.03241,0.0043027400970458
Pandas,Adult,2.2.0,v0,10,Row/Column,0.258483,0.0302021503448486
Pandas,Adult,2.2.0,v0,10,Aggregation,0.078613,0.0103273391723632
Pandas,Adult,2.2.0,v0,10,Aggregation,0.00415,0.0004186630249023
Pandas,Adult,2.2.0,v0,10,Aggregation,0.0,0.0003283023834228
Pandas,Adult,2.2.0,v0,10,Aggregation,0.0,0.0003366470336914
Pandas,Adult,2.2.0,v0,10,Aggregation,0.0,0.0003080368041992
Pandas,Adult,2.2.0,v0,10,Row/Column,0.0,0.0004549026489257
Pandas,Adult,2.2.0,v0,10,I/O,0.338135,0.0344741344451904
Pandas,Adult,2.2.0,v0,10,I/O,1.817806,0.2107093334197998
Pandas,Adult,2.2.0,v0,10,I/O,0.947141,0.1110987663269043
Pandas,Adult,2.2.0,v0,10,I/O,0.458556,0.0467355251312255
Pandas,Adult,2.2.0,v0,10,Missing,0.006531,0.0013611316680908
Pandas,Adult,2.2.0,v0,10,Missing,0.089294,0.0109467506408691
Pandas,Adult,2.2.0,v0,10,Missing,0.108215,0.0130858421325683
Pandas,Adult,2.2.0,v0,10,Missing,0.01416,0.002284288406372
Pandas,Adult,2.2.0,v0,10,Row/Column,0.017699,0.0023369789123535
Pandas,Adult,2.2.0,v0,10,Aggregation,0.0,0.000746726989746
Pandas,Adult,2.2.0,v0,10,Row/Column,0.030275,0.0019037723541259
Pandas,Adult,2.2.0,v0,10,Row/Column,0.031128,0.0046465396881103
Pandas,Adult,2.2.0,v0,10,Row/Column,0.2583,0.0302264690399169
Pandas,Adult,2.2.0,v0,10,Aggregation,0.086791,0.0106844902038574
Pandas,Adult,2.2.0,v0,10,Aggregation,0.001525,0.0007770061492919
Pandas,Adult,2.2.0,v0,10,Aggregation,0.000976,0.0006854534149169
Pandas,Adult,2.2.0,v0,10,Aggregation,0.006531,0.000690221786499
Pandas,Adult,2.2.0,v0,10,Aggregation,0.003052,0.000619888305664
Pandas,Adult,2.2.0,v0,10,Row/Column,0.001281,0.0008563995361328
Pandas,Adult,2.2.0,v0,10,I/O,0.354675,0.0349934101104736
Pandas,Adult,2.2.0,v0,10,I/O,1.837763,0.2105317115783691
Pandas,Adult,2.2.0,v0,10,I/O,0.954588,0.1111643314361572
Pandas,Adult,2.2.0,v0,10,I/O,0.471252,0.0521051883697509
Pandas,Adult,2.2.0,v0,10,Missing,0.008972,0.0017132759094238
Pandas,Adult,2.2.0,v0,10,Missing,0.083435,0.010892629623413
Pandas,Adult,2.2.0,v0,10,Missing,0.108765,0.0132067203521728
Pandas,Adult,2.2.0,v0,10,Missing,0.010376,0.0022828578948974
Pandas,Adult,2.2.0,v0,10,Row/Column,0.012635,0.0022938251495361
Pandas,Adult,2.2.0,v0,10,Aggregation,0.001892,0.0007600784301757
Pandas,Adult,2.2.0,v0,10,Row/Column,0.015808,0.0022315979003906
Pandas,Adult,2.2.0,v0,10,Row/Column,0.03247,0.0046360492706298
Pandas,Adult,2.2.0,v0,10,Row/Column,0.258056,0.0303764343261718
Pandas,Adult,2.2.0,v0,10,Aggregation,0.084228,0.010669469833374
Pandas,Adult,2.2.0,v0,10,Aggregation,0.002136,0.0007941722869873
Pandas,Adult,2.2.0,v0,10,Aggregation,0.002807,0.000683307647705
Pandas,Adult,2.2.0,v0,10,Aggregation,0.003539,0.0006704330444335
Pandas,Adult,2.2.0,v0,10,Aggregation,0.005005,0.0006849765777587
Pandas,Adult,2.2.0,v0,10,Row/Column,0.002991,0.0004818439483642
Pandas,Adult,2.2.0,v0,10,I/O,0.335022,0.0347499847412109
Pandas,Adult,2.2.0,v0,10,I/O,1.805171,0.2045040130615234
Pandas,Adult,2.2.0,v0,10,I/O,0.945921,0.1110272407531738
Pandas,Adult,2.2.0,v0,10,I/O,0.413451,0.0466532707214355
Pandas,Adult,2.2.0,v0,10,Missing,0.003358,0.0013673305511474
Pandas,Adult,2.2.0,v0,10,Missing,0.079223,0.0106809139251708
Pandas,Adult,2.2.0,v0,10,Missing,0.110596,0.0129501819610595
Pandas,Adult,2.2.0,v0,10,Missing,0.015319,0.0022768974304199
Pandas,Adult,2.2.0,v0,10,Row/Column,0.016418,0.0023267269134521
Pandas,Adult,2.2.0,v0,10,Aggregation,0.005859,0.000765323638916
Pandas,Adult,2.2.0,v0,10,Row/Column,0.014344,0.0020525455474853
Pandas,Adult,2.2.0,v0,10,Row/Column,0.031922,0.0044476985931396
Pandas,Adult,2.2.0,v0,10,Row/Column,0.260741,0.0304596424102783
Pandas,Adult,2.2.0,v0,10,Aggregation,0.080384,0.0106756687164306
Pandas,Adult,2.2.0,v0,10,Aggregation,0.0,0.0007798671722412
Pandas,Adult,2.2.0,v0,10,Aggregation,0.0,0.0006942749023437
Pandas,Adult,2.2.0,v0,10,Aggregation,0.002747,0.0006773471832275
Pandas,Adult,2.2.0,v0,10,Aggregation,0.0047,0.0005116462707519
Pandas,Adult,2.2.0,v0,10,Row/Column,0.001831,0.0006697177886962
Pandas,Adult,2.2.0,v0,10,I/O,0.331176,0.0350539684295654
Pandas,Adult,2.2.0,v0,10,I/O,1.84466,0.2161953449249267
Pandas,Adult,2.2.0,v0,10,I/O,0.944761,0.1117403507232666
Pandas,Adult,2.2.0,v0,10,I/O,0.421753,0.046973705291748
Pandas,Adult,2.2.0,v0,10,Missing,0.009155,0.0015554428100585
Pandas,Adult,2.2.0,v0,10,Missing,0.087036,0.0110328197479248
Pandas,Adult,2.2.0,v0,10,Missing,0.097411,0.0132343769073486
Pandas,Adult,2.2.0,v0,10,Missing,0.015564,0.0022733211517333
Pandas,Adult,2.2.0,v0,10,Row/Column,0.019348,0.0022690296173095
Pandas,Adult,2.2.0,v0,10,Aggregation,0.002197,0.0007543563842773
Pandas,Adult,2.2.0,v0,10,Row/Column,0.013977,0.0021963119506835
Pandas,Adult,2.2.0,v0,10,Row/Column,0.032532,0.004596471786499
Pandas,Adult,2.2.0,v0,10,Row/Column,0.255004,0.0303142070770263
Pandas,Adult,2.2.0,v0,10,Aggregation,0.079528,0.0106573104858398
Pandas,Adult,2.2.0,v0,10,Aggregation,0.0,0.0007953643798828
Pandas,Adult,2.2.0,v0,10,Aggregation,0.0,0.0007038116455078
Pandas,Adult,2.2.0,v0,10,Aggregation,0.0,0.0006704330444335
Pandas,Adult,2.2.0,v0,10,Aggregation,0.0,0.0007071495056152
Pandas,Adult,2.2.0,v0,10,Row/Column,0.005676,0.0007786750793457
Pandas,Adult,2.2.0,v0,10,I/O,0.356688,0.0352776050567626
Pandas,Adult,2.2.0,v0,10,I/O,1.84344,0.2080843448638916
Pandas,Adult,2.2.0,v0,10,I/O,0.954465,0.1112139225006103
Pandas,Adult,2.2.0,v0,10,I/O,0.424925,0.0468537807464599
Pandas,Adult,2.2.0,v0,10,Missing,0.011536,0.0017178058624267
Pandas,Adult,2.2.0,v0,10,Missing,0.089416,0.0110557079315185
Pandas,Adult,2.2.0,v0,10,Missing,0.108947,0.0132293701171875
Pandas,Adult,2.2.0,v0,10,Missing,0.016297,0.0020399093627929
Pandas,Adult,2.2.0,v0,10,Row/Column,0.016053,0.0023012161254882
Pandas,Adult,2.2.0,v0,10,Aggregation,0.004943,0.0007581710815429
Pandas,Adult,2.2.0,v0,10,Row/Column,0.01532,0.0019130706787109
Pandas,Adult,2.2.0,v0,10,Row/Column,0.030701,0.0043277740478515
Pandas,Adult,2.2.0,v0,10,Row/Column,0.261108,0.0303475856781005
Pandas,Adult,2.2.0,v0,10,Aggregation,0.080871,0.010343313217163
Pandas,Adult,2.2.0,v0,10,Aggregation,0.0,0.0004229545593261
Pandas,Adult,2.2.0,v0,10,Aggregation,0.0,0.0003235340118408
Pandas,Adult,2.2.0,v0,10,Aggregation,0.0,0.0006031990051269
Pandas,Adult,2.2.0,v0,10,Aggregation,0.004701,0.000537633895874
Pandas,Adult,2.2.0,v0,10,Row/Column,0.005189,0.0008113384246826
Pandas,Bank Marketing,1.0.0,v1,10,I/O,0.456785,0.0481636524200439
Pandas,Bank Marketing,1.0.0,v1,10,I/O,3.688651,0.4100503921508789
Pandas,Bank Marketing,1.0.0,v1,10,I/O,0.729368,0.0884885787963867
Pandas,Bank Marketing,1.0.0,v1,10,I/O,0.263061,0.0330290794372558
Pandas,Bank Marketing,1.0.0,v1,10,Missing,0.017699,0.001983642578125
Pandas,Bank Marketing,1.0.0,v1,10,Missing,0.122802,0.0143187046051025
Pandas,Bank Marketing,1.0.0,v1,10,Missing,0.14923,0.0179319381713867
Pandas,Bank Marketing,1.0.0,v1,10,Missing,0.021302,0.0028886795043945
Pandas,Bank Marketing,1.0.0,v1,10,Row/Column,0.053345,0.0114471912384033
Pandas,Bank Marketing,1.0.0,v1,10,Aggregation,0.0,0.0007886886596679
Pandas,Bank Marketing,1.0.0,v1,10,Row/Column,0.037232,0.0035252571105957
Pandas,Bank Marketing,1.0.0,v1,10,Row/Column,0.080321,0.0130233764648437
Pandas,Bank Marketing,1.0.0,v1,10,Row/Column,0.547301,0.0644412040710449
Pandas,Bank Marketing,1.0.0,v1,10,Aggregation,0.113403,0.0136172771453857
Pandas,Bank Marketing,1.0.0,v1,10,Aggregation,0.0,0.0008168220520019
Pandas,Bank Marketing,1.0.0,v1,10,Aggregation,0.027283,0.0070376396179199
Pandas,Bank Marketing,1.0.0,v1,10,Aggregation,0.003724,0.0006935596466064
Pandas,Bank Marketing,1.0.0,v1,10,Aggregation,0.002137,0.0007057189941406
Pandas,Bank Marketing,1.0.0,v1,10,Row/Column,0.031432,0.0088827610015869
Pandas,Bank Marketing,1.0.0,v1,10,I/O,0.413207,0.0410394668579101
Pandas,Bank Marketing,1.0.0,v1,10,I/O,3.511527,0.4029333591461181
Pandas,Bank Marketing,1.0.0,v1,10,I/O,0.712949,0.0860893726348877
Pandas,Bank Marketing,1.0.0,v1,10,I/O,0.23474,0.0265593528747558
Pandas,Bank Marketing,1.0.0,v1,10,Missing,0.010497,0.0019066333770751
Pandas,Bank Marketing,1.0.0,v1,10,Missing,0.120849,0.0143878459930419
Pandas,Bank Marketing,1.0.0,v1,10,Missing,0.150817,0.017967939376831
Pandas,Bank Marketing,1.0.0,v1,10,Missing,0.018616,0.0028941631317138
Pandas,Bank Marketing,1.0.0,v1,10,Row/Column,0.025756,0.0029394626617431
Pandas,Bank Marketing,1.0.0,v1,10,Aggregation,0.0,0.0007636547088623
Pandas,Bank Marketing,1.0.0,v1,10,Row/Column,0.02832,0.0033984184265136
Pandas,Bank Marketing,1.0.0,v1,10,Row/Column,0.05133,0.0064563751220703
Pandas,Bank Marketing,1.0.0,v1,10,Row/Column,0.497985,0.0558779239654541
Pandas,Bank Marketing,1.0.0,v1,10,Aggregation,0.111449,0.0136027336120605
Pandas,Bank Marketing,1.0.0,v1,10,Aggregation,0.001221,0.0007264614105224
Pandas,Bank Marketing,1.0.0,v1,10,Aggregation,0.00177,0.0007259845733642
Pandas,Bank Marketing,1.0.0,v1,10,Aggregation,0.0,0.0006890296936035
Pandas,Bank Marketing,1.0.0,v1,10,Aggregation,0.0,0.0006873607635498
Pandas,Bank Marketing,1.0.0,v1,10,Row/Column,0.015014,0.0023481845855712
Pandas,Bank Marketing,1.0.0,v1,10,I/O,0.411559,0.0411505699157714
Pandas,Bank Marketing,1.0.0,v1,10,I/O,3.289725,0.3718297481536865
Pandas,Bank Marketing,1.0.0,v1,10,I/O,0.70294,0.0857017040252685
Pandas,Bank Marketing,1.0.0,v1,10,I/O,0.239256,0.0265893936157226
Pandas,Bank Marketing,1.0.0,v1,10,Missing,0.012939,0.0019848346710205
Pandas,Bank Marketing,1.0.0,v1,10,Missing,0.119141,0.014383316040039
Pandas,Bank Marketing,1.0.0,v1,10,Missing,0.151,0.0177955627441406
Pandas,Bank Marketing,1.0.0,v1,10,Missing,0.017579,0.0028967857360839
Pandas,Bank Marketing,1.0.0,v1,10,Row/Column,0.024048,0.0028104782104492
Pandas,Bank Marketing,1.0.0,v1,10,Aggregation,0.001526,0.0007565021514892
Pandas,Bank Marketing,1.0.0,v1,10,Row/Column,0.026673,0.0033948421478271
Pandas,Bank Marketing,1.0.0,v1,10,Row/Column,0.052063,0.0064632892608642
Pandas,Bank Marketing,1.0.0,v1,10,Row/Column,0.496886,0.0558221340179443
Pandas,Bank Marketing,1.0.0,v1,10,Aggregation,0.111266,0.0132336616516113
Pandas,Bank Marketing,1.0.0,v1,10,Aggregation,0.003296,0.0007920265197753
Pandas,Bank Marketing,1.0.0,v1,10,Aggregation,0.001831,0.0006954669952392
Pandas,Bank Marketing,1.0.0,v1,10,Aggregation,0.0,0.0006840229034423
Pandas,Bank Marketing,1.0.0,v1,10,Aggregation,0.001587,0.0007016658782958
Pandas,Bank Marketing,1.0.0,v1,10,Row/Column,0.01538,0.0023248195648193
Pandas,Bank Marketing,1.0.0,v1,10,I/O,0.426086,0.0411345958709716
Pandas,Bank Marketing,1.0.0,v1,10,I/O,3.412283,0.3880066871643066
Pandas,Bank Marketing,1.0.0,v1,10,I/O,0.713682,0.0857622623443603
Pandas,Bank Marketing,1.0.0,v1,10,I/O,0.239867,0.0268514156341552
Pandas,Bank Marketing,1.0.0,v1,10,Missing,0.012757,0.0019929409027099
Pandas,Bank Marketing,1.0.0,v1,10,Missing,0.11737,0.0144267082214355
Pandas,Bank Marketing,1.0.0,v1,10,Missing,0.158387,0.0180475711822509
Pandas,Bank Marketing,1.0.0,v1,10,Missing,0.02246,0.0029225349426269
Pandas,Bank Marketing,1.0.0,v1,10,Row/Column,0.025941,0.0029323101043701
Pandas,Bank Marketing,1.0.0,v1,10,Aggregation,0.0,0.0005934238433837
Pandas,Bank Marketing,1.0.0,v1,10,Row/Column,0.028504,0.003415822982788
Pandas,Bank Marketing,1.0.0,v1,10,Row/Column,0.051514,0.0065102577209472
Pandas,Bank Marketing,1.0.0,v1,10,Row/Column,0.508177,0.056692361831665
Pandas,Bank Marketing,1.0.0,v1,10,Aggregation,0.120788,0.0135705471038818
Pandas,Bank Marketing,1.0.0,v1,10,Aggregation,0.001709,0.0008149147033691
Pandas,Bank Marketing,1.0.0,v1,10,Aggregation,0.004089,0.000725507736206
Pandas,Bank Marketing,1.0.0,v1,10,Aggregation,0.0,0.0006873607635498
Pandas,Bank Marketing,1.0.0,v1,10,Aggregation,0.004456,0.0006914138793945
Pandas,Bank Marketing,1.0.0,v1,10,Row/Column,0.016968,0.0023825168609619
Pandas,Bank Marketing,1.0.0,v1,10,I/O,0.420714,0.0409772396087646
Pandas,Bank Marketing,1.0.0,v1,10,I/O,3.379507,0.3785052299499511
Pandas,Bank Marketing,1.0.0,v1,10,I/O,0.710264,0.086146593093872
Pandas,Bank Marketing,1.0.0,v1,10,I/O,0.233643,0.0268065929412841
Pandas,Bank Marketing,1.0.0,v1,10,Missing,0.017089,0.0019786357879638
Pandas,Bank Marketing,1.0.0,v1,10,Missing,0.123168,0.0143940448760986
Pandas,Bank Marketing,1.0.0,v1,10,Missing,0.157654,0.017989158630371
Pandas,Bank Marketing,1.0.0,v1,10,Missing,0.019043,0.0028872489929199
Pandas,Bank Marketing,1.0.0,v1,10,Row/Column,0.021058,0.0029854774475097
Pandas,Bank Marketing,1.0.0,v1,10,Aggregation,0.0,0.0007698535919189
Pandas,Bank Marketing,1.0.0,v1,10,Row/Column,0.02954,0.0034019947052001
Pandas,Bank Marketing,1.0.0,v1,10,Row/Column,0.048705,0.0065062046051025
Pandas,Bank Marketing,1.0.0,v1,10,Row/Column,0.507263,0.0559320449829101
Pandas,Bank Marketing,1.0.0,v1,10,Aggregation,0.11383,0.0131070613861083
Pandas,Bank Marketing,1.0.0,v1,10,Aggregation,0.002258,0.0005004405975341
Pandas,Bank Marketing,1.0.0,v1,10,Aggregation,0.0,0.0004127025604248
Pandas,Bank Marketing,1.0.0,v1,10,Aggregation,0.00238,0.0003881454467773
Pandas,Bank Marketing,1.0.0,v1,10,Aggregation,0.0,0.0003736019134521
Pandas,Bank Marketing,1.0.0,v1,10,Row/Column,0.01123,0.0020265579223632
Pandas,Bank Marketing,1.0.0,v1,10,I/O,0.397644,0.0406200885772705
Pandas,Bank Marketing,1.0.0,v1,10,I/O,3.362662,0.3751602172851562
Pandas,Bank Marketing,1.0.0,v1,10,I/O,0.709714,0.0863451957702636
Pandas,Bank Marketing,1.0.0,v1,10,I/O,0.236633,0.0263838768005371
Pandas,Bank Marketing,1.0.0,v1,10,Missing,0.017334,0.0019962787628173
Pandas,Bank Marketing,1.0.0,v1,10,Missing,0.121826,0.0144023895263671
Pandas,Bank Marketing,1.0.0,v1,10,Missing,0.151245,0.0178649425506591
Pandas,Bank Marketing,1.0.0,v1,10,Missing,0.018066,0.0029056072235107
Pandas,Bank Marketing,1.0.0,v1,10,Row/Column,0.023987,0.002955675125122
Pandas,Bank Marketing,1.0.0,v1,10,Aggregation,0.001892,0.000751256942749
Pandas,Bank Marketing,1.0.0,v1,10,Row/Column,0.028809,0.0033802986145019
Pandas,Bank Marketing,1.0.0,v1,10,Row/Column,0.052064,0.0061943531036376
Pandas,Bank Marketing,1.0.0,v1,10,Row/Column,0.514892,0.0559711456298828
Pandas,Bank Marketing,1.0.0,v1,10,Aggregation,0.114868,0.01326584815979
Pandas,Bank Marketing,1.0.0,v1,10,Aggregation,0.001953,0.0007941722869873
Pandas,Bank Marketing,1.0.0,v1,10,Aggregation,0.0,0.000342845916748
Pandas,Bank Marketing,1.0.0,v1,10,Aggregation,0.0,0.0003204345703125
Pandas,Bank Marketing,1.0.0,v1,10,Aggregation,0.002136,0.0003244876861572
Pandas,Bank Marketing,1.0.0,v1,10,Row/Column,0.014099,0.0019924640655517
Pandas,Bank Marketing,1.0.0,v1,10,I/O,0.409911,0.0407092571258544
Pandas,Bank Marketing,1.0.0,v1,10,I/O,3.387809,0.3819656372070312
Pandas,Bank Marketing,1.0.0,v1,10,I/O,0.707639,0.0860097408294677
Pandas,Bank Marketing,1.0.0,v1,10,I/O,0.229979,0.0262210369110107
Pandas,Bank Marketing,1.0.0,v1,10,Missing,0.008423,0.001645803451538
Pandas,Bank Marketing,1.0.0,v1,10,Missing,0.122925,0.0141222476959228
Pandas,Bank Marketing,1.0.0,v1,10,Missing,0.145813,0.0176713466644287
Pandas,Bank Marketing,1.0.0,v1,10,Missing,0.018189,0.0025303363800048
Pandas,Bank Marketing,1.0.0,v1,10,Row/Column,0.020141,0.0029296875
Pandas,Bank Marketing,1.0.0,v1,10,Aggregation,0.003479,0.0007762908935546
Pandas,Bank Marketing,1.0.0,v1,10,Row/Column,0.027772,0.0034029483795166
Pandas,Bank Marketing,1.0.0,v1,10,Row/Column,0.051392,0.0064427852630615
Pandas,Bank Marketing,1.0.0,v1,10,Row/Column,0.509093,0.056586742401123
Pandas,Bank Marketing,1.0.0,v1,10,Aggregation,0.114562,0.0132474899291992
Pandas,Bank Marketing,1.0.0,v1,10,Aggregation,0.0,0.0008132457733154
Pandas,Bank Marketing,1.0.0,v1,10,Aggregation,0.0,0.0004198551177978
Pandas,Bank Marketing,1.0.0,v1,10,Aggregation,0.000427,0.0003402233123779
Pandas,Bank Marketing,1.0.0,v1,10,Aggregation,0.001831,0.00032639503479
Pandas,Bank Marketing,1.0.0,v1,10,Row/Column,0.015565,0.001990795135498
Pandas,Bank Marketing,1.0.0,v1,10,I/O,0.399108,0.0406117439270019
Pandas,Bank Marketing,1.0.0,v1,10,I/O,3.314811,0.3767328262329101
Pandas,Bank Marketing,1.0.0,v1,10,I/O,0.709287,0.0860514640808105
Pandas,Bank Marketing,1.0.0,v1,10,I/O,0.241211,0.0265479087829589
Pandas,Bank Marketing,1.0.0,v1,10,Missing,0.007995,0.0016136169433593
Pandas,Bank Marketing,1.0.0,v1,10,Missing,0.121764,0.0140800476074218
Pandas,Bank Marketing,1.0.0,v1,10,Missing,0.1463,0.0177874565124511
Pandas,Bank Marketing,1.0.0,v1,10,Missing,0.020203,0.0025327205657958
Pandas,Bank Marketing,1.0.0,v1,10,Row/Column,0.021118,0.0029323101043701
Pandas,Bank Marketing,1.0.0,v1,10,Aggregation,0.0,0.000751256942749
Pandas,Bank Marketing,1.0.0,v1,10,Row/Column,0.025451,0.003401756286621
Pandas,Bank Marketing,1.0.0,v1,10,Row/Column,0.052184,0.006427526473999
Pandas,Bank Marketing,1.0.0,v1,10,Row/Column,0.512144,0.0566077232360839
Pandas,Bank Marketing,1.0.0,v1,10,Aggregation,0.120971,0.0131230354309082
Pandas,Bank Marketing,1.0.0,v1,10,Aggregation,0.0,0.0004494190216064
Pandas,Bank Marketing,1.0.0,v1,10,Aggregation,0.0,0.0003664493560791
Pandas,Bank Marketing,1.0.0,v1,10,Aggregation,0.00116,0.0003378391265869
Pandas,Bank Marketing,1.0.0,v1,10,Aggregation,0.0,0.0003209114074707
Pandas,Bank Marketing,1.0.0,v1,10,Row/Column,0.014831,0.0019793510437011
Pandas,Bank Marketing,1.0.0,v1,10,I/O,0.416382,0.0415399074554443
Pandas,Bank Marketing,1.0.0,v1,10,I/O,3.353202,0.3699991703033447
Pandas,Bank Marketing,1.0.0,v1,10,I/O,0.714964,0.0860555171966552
Pandas,Bank Marketing,1.0.0,v1,10,I/O,0.232482,0.0266115665435791
Pandas,Bank Marketing,1.0.0,v1,10,Missing,0.006226,0.0016281604766845
Pandas,Bank Marketing,1.0.0,v1,10,Missing,0.120666,0.0140900611877441
Pandas,Bank Marketing,1.0.0,v1,10,Missing,0.147521,0.01763916015625
Pandas,Bank Marketing,1.0.0,v1,10,Missing,0.015564,0.0025367736816406
Pandas,Bank Marketing,1.0.0,v1,10,Row/Column,0.025513,0.0029311180114746
Pandas,Bank Marketing,1.0.0,v1,10,Aggregation,0.00348,0.0007679462432861
Pandas,Bank Marketing,1.0.0,v1,10,Row/Column,0.032165,0.0031208992004394
Pandas,Bank Marketing,1.0.0,v1,10,Row/Column,0.045532,0.0062296390533447
Pandas,Bank Marketing,1.0.0,v1,10,Row/Column,0.49945,0.0564949512481689
Pandas,Bank Marketing,1.0.0,v1,10,Aggregation,0.12091,0.0135622024536132
Pandas,Bank Marketing,1.0.0,v1,10,Aggregation,0.0,0.000795841217041
Pandas,Bank Marketing,1.0.0,v1,10,Aggregation,0.007019,0.0007145404815673
Pandas,Bank Marketing,1.0.0,v1,10,Aggregation,0.0,0.0006906986236572
Pandas,Bank Marketing,1.0.0,v1,10,Aggregation,0.0,0.0003442764282226
Pandas,Bank Marketing,1.0.0,v1,10,Row/Column,0.015441,0.0019659996032714
Pandas,Bank Marketing,1.0.0,v1,10,I/O,0.398131,0.0411243438720703
Pandas,Bank Marketing,1.0.0,v1,10,I/O,3.302908,0.3750362396240234
Pandas,Bank Marketing,1.0.0,v1,10,I/O,0.710691,0.0862574577331543
Pandas,Bank Marketing,1.0.0,v1,10,I/O,0.231811,0.026822805404663
Pandas,Bank Marketing,1.0.0,v1,10,Missing,0.007262,0.0016210079193115
Pandas,Bank Marketing,1.0.0,v1,10,Missing,0.117676,0.0140407085418701
Pandas,Bank Marketing,1.0.0,v1,10,Missing,0.143677,0.0177876949310302
Pandas,Bank Marketing,1.0.0,v1,10,Missing,0.024171,0.0025286674499511
Pandas,Bank Marketing,1.0.0,v1,10,Row/Column,0.017578,0.0026376247406005
Pandas,Bank Marketing,1.0.0,v1,10,Aggregation,0.0,0.0003900527954101
Pandas,Bank Marketing,1.0.0,v1,10,Row/Column,0.027831,0.0031714439392089
Pandas,Bank Marketing,1.0.0,v1,10,Row/Column,0.052673,0.0063111782073974
Pandas,Bank Marketing,1.0.0,v1,10,Row/Column,0.501219,0.0566058158874511
Pandas,Bank Marketing,1.0.0,v1,10,Aggregation,0.108094,0.0135977268218994
Pandas,Bank Marketing,1.0.0,v1,10,Aggregation,0.0,0.0006375312805175
Pandas,Bank Marketing,1.0.0,v1,10,Aggregation,0.0,0.0007195472717285
Pandas,Bank Marketing,1.0.0,v1,10,Aggregation,0.0,0.0005908012390136
Pandas,Bank Marketing,1.0.0,v1,10,Aggregation,0.0,0.0006995201110839
Pandas,Bank Marketing,1.0.0,v1,10,Row/Column,0.017213,0.002256155014038
Pandas,Bank Marketing,2.0.0,v2,10,I/O,0.448729,0.0476694107055664
Pandas,Bank Marketing,2.0.0,v2,10,I/O,3.578665,0.4051265716552734
Pandas,Bank Marketing,2.0.0,v2,10,I/O,0.741454,0.0885589122772216
Pandas,Bank Marketing,2.0.0,v2,10,I/O,0.245544,0.0331130027770996
Pandas,Bank Marketing,2.0.0,v2,10,Missing,0.014222,0.0019762516021728
Pandas,Bank Marketing,2.0.0,v2,10,Missing,0.11853,0.0144438743591308
Pandas,Bank Marketing,2.0.0,v2,10,Missing,0.154235,0.0180225372314453
Pandas,Bank Marketing,2.0.0,v2,10,Missing,0.022278,0.002927541732788
Pandas,Bank Marketing,2.0.0,v2,10,Row/Column,0.052429,0.0109307765960693
Pandas,Bank Marketing,2.0.0,v2,10,Aggregation,0.001343,0.0007753372192382
Pandas,Bank Marketing,2.0.0,v2,10,Row/Column,0.033875,0.0035188198089599
Pandas,Bank Marketing,2.0.0,v2,10,Row/Column,0.072997,0.0133540630340576
Pandas,Bank Marketing,2.0.0,v2,10,Row/Column,0.545409,0.064389944076538
Pandas,Bank Marketing,2.0.0,v2,10,Aggregation,0.117919,0.0135643482208251
Pandas,Bank Marketing,2.0.0,v2,10,Aggregation,0.005736,0.000812292098999
Pandas,Bank Marketing,2.0.0,v2,10,Aggregation,0.027831,0.0068292617797851
Pandas,Bank Marketing,2.0.0,v2,10,Aggregation,0.0,0.0006859302520751
Pandas,Bank Marketing,2.0.0,v2,10,Aggregation,0.0,0.000678539276123
Pandas,Bank Marketing,2.0.0,v2,10,Row/Column,0.03479,0.0089130401611328
Pandas,Bank Marketing,2.0.0,v2,10,I/O,0.44879,0.0414745807647705
Pandas,Bank Marketing,2.0.0,v2,10,I/O,3.565969,0.4047908782958984
Pandas,Bank Marketing,2.0.0,v2,10,I/O,0.694823,0.0859284400939941
Pandas,Bank Marketing,2.0.0,v2,10,I/O,0.229736,0.0265681743621826
Pandas,Bank Marketing,2.0.0,v2,10,Missing,0.008544,0.0019242763519287
Pandas,Bank Marketing,2.0.0,v2,10,Missing,0.120483,0.0142056941986083
Pandas,Bank Marketing,2.0.0,v2,10,Missing,0.154968,0.0180377960205078
Pandas,Bank Marketing,2.0.0,v2,10,Missing,0.015626,0.0028960704803466
Pandas,Bank Marketing,2.0.0,v2,10,Row/Column,0.021302,0.0026347637176513
Pandas,Bank Marketing,2.0.0,v2,10,Aggregation,0.0,0.0003862380981445
Pandas,Bank Marketing,2.0.0,v2,10,Row/Column,0.024353,0.0031447410583496
Pandas,Bank Marketing,2.0.0,v2,10,Row/Column,0.051758,0.0062196254730224
Pandas,Bank Marketing,2.0.0,v2,10,Row/Column,0.503539,0.0564956665039062
Pandas,Bank Marketing,2.0.0,v2,10,Aggregation,0.112549,0.0132427215576171
Pandas,Bank Marketing,2.0.0,v2,10,Aggregation,0.002929,0.0004231929779052
Pandas,Bank Marketing,2.0.0,v2,10,Aggregation,0.0,0.0003354549407958
Pandas,Bank Marketing,2.0.0,v2,10,Aggregation,0.0,0.0003299713134765
Pandas,Bank Marketing,2.0.0,v2,10,Aggregation,0.0,0.0003340244293212
Pandas,Bank Marketing,2.0.0,v2,10,Row/Column,0.016419,0.0019550323486328
Pandas,Bank Marketing,2.0.0,v2,10,I/O,0.415525,0.0412971973419189
Pandas,Bank Marketing,2.0.0,v2,10,I/O,3.435782,0.3857002258300781
Pandas,Bank Marketing,2.0.0,v2,10,I/O,0.709715,0.0857748985290527
Pandas,Bank Marketing,2.0.0,v2,10,I/O,0.234801,0.026273488998413
Pandas,Bank Marketing,2.0.0,v2,10,Missing,0.013733,0.0019731521606445
Pandas,Bank Marketing,2.0.0,v2,10,Missing,0.12085,0.0144629478454589
Pandas,Bank Marketing,2.0.0,v2,10,Missing,0.153382,0.018136978149414
Pandas,Bank Marketing,2.0.0,v2,10,Missing,0.024047,0.0028703212738037
Pandas,Bank Marketing,2.0.0,v2,10,Row/Column,0.026001,0.0029785633087158
Pandas,Bank Marketing,2.0.0,v2,10,Aggregation,0.0,0.000770092010498
Pandas,Bank Marketing,2.0.0,v2,10,Row/Column,0.029725,0.0034680366516113
Pandas,Bank Marketing,2.0.0,v2,10,Row/Column,0.0578,0.0066227912902832
Pandas,Bank Marketing,2.0.0,v2,10,Row/Column,0.517272,0.0569360256195068
Pandas,Bank Marketing,2.0.0,v2,10,Aggregation,0.109314,0.0132856369018554
Pandas,Bank Marketing,2.0.0,v2,10,Aggregation,0.0,0.0007965564727783
Pandas,Bank Marketing,2.0.0,v2,10,Aggregation,0.001648,0.0007147789001464
Pandas,Bank Marketing,2.0.0,v2,10,Aggregation,0.0,0.0006835460662841
Pandas,Bank Marketing,2.0.0,v2,10,Aggregation,0.0,0.000528335571289
Pandas,Bank Marketing,2.0.0,v2,10,Row/Column,0.013306,0.002345323562622
Pandas,Bank Marketing,2.0.0,v2,10,I/O,0.409911,0.0411880016326904
Pandas,Bank Marketing,2.0.0,v2,10,I/O,3.291373,0.3718945980072021
Pandas,Bank Marketing,2.0.0,v2,10,I/O,0.716307,0.0860912799835205
Pandas,Bank Marketing,2.0.0,v2,10,I/O,0.233703,0.0266249179840087
Pandas,Bank Marketing,2.0.0,v2,10,Missing,0.015992,0.0019958019256591
Pandas,Bank Marketing,2.0.0,v2,10,Missing,0.122497,0.0143985748291015
Pandas,Bank Marketing,2.0.0,v2,10,Missing,0.148193,0.0179157257080078
Pandas,Bank Marketing,2.0.0,v2,10,Missing,0.01654,0.0028178691864013
Pandas,Bank Marketing,2.0.0,v2,10,Row/Column,0.01886,0.0028290748596191
Pandas,Bank Marketing,2.0.0,v2,10,Aggregation,0.0,0.0007622241973876
Pandas,Bank Marketing,2.0.0,v2,10,Row/Column,0.027526,0.0032799243927001
Pandas,Bank Marketing,2.0.0,v2,10,Row/Column,0.051758,0.0065903663635253
Pandas,Bank Marketing,2.0.0,v2,10,Row/Column,0.500913,0.0569641590118408
Pandas,Bank Marketing,2.0.0,v2,10,Aggregation,0.114685,0.0134899616241455
Pandas,Bank Marketing,2.0.0,v2,10,Aggregation,0.000611,0.0008139610290527
Pandas,Bank Marketing,2.0.0,v2,10,Aggregation,0.001404,0.000732421875
Pandas,Bank Marketing,2.0.0,v2,10,Aggregation,0.004394,0.0007159709930419
Pandas,Bank Marketing,2.0.0,v2,10,Aggregation,0.007996,0.0006921291351318
Pandas,Bank Marketing,2.0.0,v2,10,Row/Column,0.016663,0.0021674633026123
Pandas,Bank Marketing,2.0.0,v2,10,I/O,0.398559,0.041003942489624
Pandas,Bank Marketing,2.0.0,v2,10,I/O,3.437796,0.3878562450408935
Pandas,Bank Marketing,2.0.0,v2,10,I/O,0.720213,0.0859484672546386
Pandas,Bank Marketing,2.0.0,v2,10,I/O,0.244384,0.0267417430877685
Pandas,Bank Marketing,2.0.0,v2,10,Missing,0.016113,0.0019958019256591
Pandas,Bank Marketing,2.0.0,v2,10,Missing,0.122863,0.014402151107788
Pandas,Bank Marketing,2.0.0,v2,10,Missing,0.151428,0.0181806087493896
Pandas,Bank Marketing,2.0.0,v2,10,Missing,0.016907,0.002817153930664
Pandas,Bank Marketing,2.0.0,v2,10,Row/Column,0.018616,0.0029292106628417
Pandas,Bank Marketing,2.0.0,v2,10,Aggregation,0.004151,0.0007586479187011
Pandas,Bank Marketing,2.0.0,v2,10,Row/Column,0.035096,0.0034034252166748
Pandas,Bank Marketing,2.0.0,v2,10,Row/Column,0.052369,0.0064234733581542
Pandas,Bank Marketing,2.0.0,v2,10,Row/Column,0.503294,0.0565698146820068
Pandas,Bank Marketing,2.0.0,v2,10,Aggregation,0.122803,0.0136497020721435
Pandas,Bank Marketing,2.0.0,v2,10,Aggregation,0.001832,0.0007863044738769
Pandas,Bank Marketing,2.0.0,v2,10,Aggregation,0.0,0.0007007122039794
Pandas,Bank Marketing,2.0.0,v2,10,Aggregation,0.005248,0.000678539276123
Pandas,Bank Marketing,2.0.0,v2,10,Aggregation,0.006043,0.0006489753723144
Pandas,Bank Marketing,2.0.0,v2,10,Row/Column,0.017151,0.0023317337036132
Pandas,Bank Marketing,2.0.0,v2,10,I/O,0.414976,0.0412752628326416
Pandas,Bank Marketing,2.0.0,v2,10,I/O,3.36547,0.3765816688537597
Pandas,Bank Marketing,2.0.0,v2,10,I/O,0.713865,0.0862832069396972
Pandas,Bank Marketing,2.0.0,v2,10,I/O,0.242553,0.0263752937316894
Pandas,Bank Marketing,2.0.0,v2,10,Missing,0.014037,0.00189208984375
Pandas,Bank Marketing,2.0.0,v2,10,Missing,0.125915,0.0144083499908447
Pandas,Bank Marketing,2.0.0,v2,10,Missing,0.158202,0.0179405212402343
Pandas,Bank Marketing,2.0.0,v2,10,Missing,0.025451,0.0029172897338867
Pandas,Bank Marketing,2.0.0,v2,10,Row/Column,0.017761,0.0028192996978759
Pandas,Bank Marketing,2.0.0,v2,10,Aggregation,0.0,0.0007627010345458
Pandas,Bank Marketing,2.0.0,v2,10,Row/Column,0.02893,0.003286600112915
Pandas,Bank Marketing,2.0.0,v2,10,Row/Column,0.050415,0.0065162181854248
Pandas,Bank Marketing,2.0.0,v2,10,Row/Column,0.511535,0.0565345287322998
Pandas,Bank Marketing,2.0.0,v2,10,Aggregation,0.118957,0.0132362842559814
Pandas,Bank Marketing,2.0.0,v2,10,Aggregation,0.005127,0.0007970333099365
Pandas,Bank Marketing,2.0.0,v2,10,Aggregation,0.003906,0.0007157325744628
Pandas,Bank Marketing,2.0.0,v2,10,Aggregation,0.00647,0.0006806850433349
Pandas,Bank Marketing,2.0.0,v2,10,Aggregation,0.0,0.0006866455078125
Pandas,Bank Marketing,2.0.0,v2,10,Row/Column,0.017029,0.0023210048675537
Pandas,Bank Marketing,2.0.0,v2,10,I/O,0.394896,0.0404651165008544
Pandas,Bank Marketing,2.0.0,v2,10,I/O,3.431265,0.3734393119812011
Pandas,Bank Marketing,2.0.0,v2,10,I/O,0.714964,0.0860278606414794
Pandas,Bank Marketing,2.0.0,v2,10,I/O,0.234435,0.0266270637512207
Pandas,Bank Marketing,2.0.0,v2,10,Missing,0.017272,0.0019638538360595
Pandas,Bank Marketing,2.0.0,v2,10,Missing,0.12439,0.0143921375274658
Pandas,Bank Marketing,2.0.0,v2,10,Missing,0.157654,0.0180652141571044
Pandas,Bank Marketing,2.0.0,v2,10,Missing,0.016724,0.0028226375579833
Pandas,Bank Marketing,2.0.0,v2,10,Row/Column,0.026001,0.0029690265655517
Pandas,Bank Marketing,2.0.0,v2,10,Aggregation,0.001282,0.0005884170532226
Pandas,Bank Marketing,2.0.0,v2,10,Row/Column,0.024841,0.0034060478210449
Pandas,Bank Marketing,2.0.0,v2,10,Row/Column,0.051086,0.0065088272094726
Pandas,Bank Marketing,2.0.0,v2,10,Row/Column,0.510436,0.0565967559814453
Pandas,Bank Marketing,2.0.0,v2,10,Aggregation,0.116882,0.0135197639465332
Pandas,Bank Marketing,2.0.0,v2,10,Aggregation,0.004455,0.000805377960205
Pandas,Bank Marketing,2.0.0,v2,10,Aggregation,0.0,0.000340461730957
Pandas,Bank Marketing,2.0.0,v2,10,Aggregation,0.0,0.0003221035003662
Pandas,Bank Marketing,2.0.0,v2,10,Aggregation,0.0,0.000324010848999
Pandas,Bank Marketing,2.0.0,v2,10,Row/Column,0.016113,0.0019683837890625
Pandas,Bank Marketing,2.0.0,v2,10,I/O,0.400085,0.0405774116516113
Pandas,Bank Marketing,2.0.0,v2,10,I/O,3.527274,0.3843467235565185
Pandas,Bank Marketing,2.0.0,v2,10,I/O,0.710631,0.0858900547027587
Pandas,Bank Marketing,2.0.0,v2,10,I/O,0.23639,0.0265102386474609
Pandas,Bank Marketing,2.0.0,v2,10,Missing,0.009034,0.0019617080688476
Pandas,Bank Marketing,2.0.0,v2,10,Missing,0.121582,0.0143680572509765
Pandas,Bank Marketing,2.0.0,v2,10,Missing,0.157899,0.0181663036346435
Pandas,Bank Marketing,2.0.0,v2,10,Missing,0.020081,0.0028846263885498
Pandas,Bank Marketing,2.0.0,v2,10,Row/Column,0.02594,0.0028131008148193
Pandas,Bank Marketing,2.0.0,v2,10,Aggregation,0.0,0.0007545948028564
Pandas,Bank Marketing,2.0.0,v2,10,Row/Column,0.030273,0.0034213066101074
Pandas,Bank Marketing,2.0.0,v2,10,Row/Column,0.052185,0.0064389705657958
Pandas,Bank Marketing,2.0.0,v2,10,Row/Column,0.516905,0.0564522743225097
Pandas,Bank Marketing,2.0.0,v2,10,Aggregation,0.122618,0.0136346817016601
Pandas,Bank Marketing,2.0.0,v2,10,Aggregation,0.0,0.0008013248443603
Pandas,Bank Marketing,2.0.0,v2,10,Aggregation,0.001648,0.0007076263427734
Pandas,Bank Marketing,2.0.0,v2,10,Aggregation,0.0,0.000683307647705
Pandas,Bank Marketing,2.0.0,v2,10,Aggregation,0.00116,0.0006816387176513
Pandas,Bank Marketing,2.0.0,v2,10,Row/Column,0.017699,0.0023126602172851
Pandas,Bank Marketing,2.0.0,v2,10,I/O,0.401305,0.0415859222412109
Pandas,Bank Marketing,2.0.0,v2,10,I/O,3.39141,0.3852407932281494
Pandas,Bank Marketing,2.0.0,v2,10,I/O,0.696592,0.0858774185180664
Pandas,Bank Marketing,2.0.0,v2,10,I/O,0.246398,0.0262515544891357
Pandas,Bank Marketing,2.0.0,v2,10,Missing,0.007628,0.0016191005706787
Pandas,Bank Marketing,2.0.0,v2,10,Missing,0.121338,0.0141189098358154
Pandas,Bank Marketing,2.0.0,v2,10,Missing,0.150757,0.0176773071289062
Pandas,Bank Marketing,2.0.0,v2,10,Missing,0.016907,0.0025351047515869
Pandas,Bank Marketing,2.0.0,v2,10,Row/Column,0.023498,0.0029332637786865
Pandas,Bank Marketing,2.0.0,v2,10,Aggregation,0.0,0.0007703304290771
Pandas,Bank Marketing,2.0.0,v2,10,Row/Column,0.029541,0.0034010410308837
Pandas,Bank Marketing,2.0.0,v2,10,Row/Column,0.053345,0.0062372684478759
Pandas,Bank Marketing,2.0.0,v2,10,Row/Column,0.498779,0.0565981864929199
Pandas,Bank Marketing,2.0.0,v2,10,Aggregation,0.112183,0.0131299495697021
Pandas,Bank Marketing,2.0.0,v2,10,Aggregation,0.0,0.0004279613494873
Pandas,Bank Marketing,2.0.0,v2,10,Aggregation,0.0,0.0003590583801269
Pandas,Bank Marketing,2.0.0,v2,10,Aggregation,0.0,0.0003371238708496
Pandas,Bank Marketing,2.0.0,v2,10,Aggregation,0.001099,0.0003235340118408
Pandas,Bank Marketing,2.0.0,v2,10,Row/Column,0.010011,0.0019900798797607
Pandas,Bank Marketing,2.0.0,v2,10,I/O,0.411437,0.0412623882293701
Pandas,Bank Marketing,2.0.0,v2,10,I/O,3.393912,0.3834612369537353
Pandas,Bank Marketing,2.0.0,v2,10,I/O,0.707457,0.0857985019683837
Pandas,Bank Marketing,2.0.0,v2,10,I/O,0.236999,0.0266380310058593
Pandas,Bank Marketing,2.0.0,v2,10,Missing,0.010437,0.0016429424285888
Pandas,Bank Marketing,2.0.0,v2,10,Missing,0.117126,0.0140018463134765
Pandas,Bank Marketing,2.0.0,v2,10,Missing,0.149536,0.0178086757659912
Pandas,Bank Marketing,2.0.0,v2,10,Missing,0.016358,0.0025324821472167
Pandas,Bank Marketing,2.0.0,v2,10,Row/Column,0.020629,0.0026526451110839
Pandas,Bank Marketing,2.0.0,v2,10,Aggregation,0.0,0.0003881454467773
Pandas,Bank Marketing,2.0.0,v2,10,Row/Column,0.030457,0.0031824111938476
Pandas,Bank Marketing,2.0.0,v2,10,Row/Column,0.052551,0.0062301158905029
Pandas,Bank Marketing,2.0.0,v2,10,Row/Column,0.516051,0.0565075874328613
Pandas,Bank Marketing,2.0.0,v2,10,Aggregation,0.117004,0.0130910873413085
Pandas,Bank Marketing,2.0.0,v2,10,Aggregation,0.0,0.0004286766052246
Pandas,Bank Marketing,2.0.0,v2,10,Aggregation,0.0,0.0003447532653808
Pandas,Bank Marketing,2.0.0,v2,10,Aggregation,0.0,0.0003213882446289
Pandas,Bank Marketing,2.0.0,v2,10,Aggregation,0.000488,0.000340461730957
Pandas,Bank Marketing,2.0.0,v2,10,Row/Column,0.014893,0.0019915103912353
Pandas,Bank Marketing,2.2.0,v0,10,I/O,0.409849,0.0461041927337646
Pandas,Bank Marketing,2.2.0,v0,10,I/O,3.044852,0.3454036712646484
Pandas,Bank Marketing,2.2.0,v0,10,I/O,0.678769,0.0806481838226318
Pandas,Bank Marketing,2.2.0,v0,10,I/O,0.200378,0.023331880569458
Pandas,Bank Marketing,2.2.0,v0,10,Missing,0.005797,0.0017206668853759
Pandas,Bank Marketing,2.2.0,v0,10,Missing,0.128296,0.0162138938903808
Pandas,Bank Marketing,2.2.0,v0,10,Missing,0.162292,0.0199778079986572
Pandas,Bank Marketing,2.2.0,v0,10,Missing,0.015565,0.0026371479034423
Pandas,Bank Marketing,2.2.0,v0,10,Row/Column,0.017394,0.0028064250946044
Pandas,Bank Marketing,2.2.0,v0,10,Aggregation,0.0,0.0004177093505859
Pandas,Bank Marketing,2.2.0,v0,10,Row/Column,0.027282,0.0032184123992919
Pandas,Bank Marketing,2.2.0,v0,10,Row/Column,0.052429,0.0063433647155761
Pandas,Bank Marketing,2.2.0,v0,10,Row/Column,0.491514,0.0565631389617919
Pandas,Bank Marketing,2.2.0,v0,10,Aggregation,0.119079,0.0152604579925537
Pandas,Bank Marketing,2.2.0,v0,10,Aggregation,0.0,0.0004258155822753
Pandas,Bank Marketing,2.2.0,v0,10,Aggregation,0.0,0.0003740787506103
Pandas,Bank Marketing,2.2.0,v0,10,Aggregation,0.0,0.0006017684936523
Pandas,Bank Marketing,2.2.0,v0,10,Aggregation,0.0,0.0006992816925048
Pandas,Bank Marketing,2.2.0,v0,10,Row/Column,0.028747,0.0084214210510253
Pandas,Bank Marketing,2.2.0,v0,10,I/O,0.35559,0.0382442474365234
Pandas,Bank Marketing,2.2.0,v0,10,I/O,2.928825,0.3411939144134521
Pandas,Bank Marketing,2.2.0,v0,10,I/O,0.668699,0.0797958374023437
Pandas,Bank Marketing,2.2.0,v0,10,I/O,0.213012,0.0234572887420654
Pandas,Bank Marketing,2.2.0,v0,10,Missing,0.015563,0.0020592212677001
Pandas,Bank Marketing,2.2.0,v0,10,Missing,0.130677,0.0164713859558105
Pandas,Bank Marketing,2.2.0,v0,10,Missing,0.159057,0.0196549892425537
Pandas,Bank Marketing,2.2.0,v0,10,Missing,0.018371,0.0026195049285888
Pandas,Bank Marketing,2.2.0,v0,10,Row/Column,0.016357,0.0026745796203613
Pandas,Bank Marketing,2.2.0,v0,10,Aggregation,0.0,0.00038743019104
Pandas,Bank Marketing,2.2.0,v0,10,Row/Column,0.025452,0.0032625198364257
Pandas,Bank Marketing,2.2.0,v0,10,Row/Column,0.08905,0.0062439441680908
Pandas,Bank Marketing,2.2.0,v0,10,Row/Column,0.492125,0.056232213973999
Pandas,Bank Marketing,2.2.0,v0,10,Aggregation,0.133606,0.0156536102294921
Pandas,Bank Marketing,2.2.0,v0,10,Aggregation,0.003113,0.0007951259613037
Pandas,Bank Marketing,2.2.0,v0,10,Aggregation,0.0,0.0007071495056152
Pandas,Bank Marketing,2.2.0,v0,10,Aggregation,0.0,0.0006792545318603
Pandas,Bank Marketing,2.2.0,v0,10,Aggregation,0.0,0.0006971359252929
Pandas,Bank Marketing,2.2.0,v0,10,Row/Column,0.015686,0.0023202896118164
Pandas,Bank Marketing,2.2.0,v0,10,I/O,0.358642,0.0388159751892089
Pandas,Bank Marketing,2.2.0,v0,10,I/O,2.791559,0.3224854469299316
Pandas,Bank Marketing,2.2.0,v0,10,I/O,0.671629,0.0797686576843261
Pandas,Bank Marketing,2.2.0,v0,10,I/O,0.199768,0.0230729579925537
Pandas,Bank Marketing,2.2.0,v0,10,Missing,0.007874,0.0017039775848388
Pandas,Bank Marketing,2.2.0,v0,10,Missing,0.132995,0.0161209106445312
Pandas,Bank Marketing,2.2.0,v0,10,Missing,0.167053,0.0199956893920898
Pandas,Bank Marketing,2.2.0,v0,10,Missing,0.021728,0.0028061866760253
Pandas,Bank Marketing,2.2.0,v0,10,Row/Column,0.022522,0.0029132366180419
Pandas,Bank Marketing,2.2.0,v0,10,Aggregation,0.0,0.000370979309082
Pandas,Bank Marketing,2.2.0,v0,10,Row/Column,0.023436,0.0031442642211914
Pandas,Bank Marketing,2.2.0,v0,10,Row/Column,0.048095,0.0062155723571777
Pandas,Bank Marketing,2.2.0,v0,10,Row/Column,0.488218,0.0562422275543212
Pandas,Bank Marketing,2.2.0,v0,10,Aggregation,0.123901,0.0150825977325439
Pandas,Bank Marketing,2.2.0,v0,10,Aggregation,0.0,0.0004327297210693
Pandas,Bank Marketing,2.2.0,v0,10,Aggregation,0.0,0.0003426074981689
Pandas,Bank Marketing,2.2.0,v0,10,Aggregation,0.0,0.0003209114074707
Pandas,Bank Marketing,2.2.0,v0,10,Aggregation,0.000977,0.0003187656402587
Pandas,Bank Marketing,2.2.0,v0,10,Row/Column,0.015931,0.0019807815551757
Pandas,Bank Marketing,2.2.0,v0,10,I/O,0.342589,0.037677526473999
Pandas,Bank Marketing,2.2.0,v0,10,I/O,3.131767,0.3162355422973633
Pandas,Bank Marketing,2.2.0,v0,10,I/O,0.670408,0.0794997215270996
Pandas,Bank Marketing,2.2.0,v0,10,I/O,0.203796,0.0231130123138427
Pandas,Bank Marketing,2.2.0,v0,10,Missing,0.015625,0.0020587444305419
Pandas,Bank Marketing,2.2.0,v0,10,Missing,0.132568,0.0165190696716308
Pandas,Bank Marketing,2.2.0,v0,10,Missing,0.164734,0.0199546813964843
Pandas,Bank Marketing,2.2.0,v0,10,Missing,0.018738,0.0028986930847167
Pandas,Bank Marketing,2.2.0,v0,10,Row/Column,0.0224,0.0029098987579345
Pandas,Bank Marketing,2.2.0,v0,10,Aggregation,0.002319,0.0007522106170654
Pandas,Bank Marketing,2.2.0,v0,10,Row/Column,0.031494,0.0034072399139404
Pandas,Bank Marketing,2.2.0,v0,10,Row/Column,0.050415,0.0063130855560302
Pandas,Bank Marketing,2.2.0,v0,10,Row/Column,0.485228,0.0562376976013183
Pandas,Bank Marketing,2.2.0,v0,10,Aggregation,0.122558,0.0155768394470214
Pandas,Bank Marketing,2.2.0,v0,10,Aggregation,0.002258,0.0007944107055664
Pandas,Bank Marketing,2.2.0,v0,10,Aggregation,0.001098,0.0007104873657226
Pandas,Bank Marketing,2.2.0,v0,10,Aggregation,0.006226,0.0005722045898437
Pandas,Bank Marketing,2.2.0,v0,10,Aggregation,0.002502,0.0006031990051269
Pandas,Bank Marketing,2.2.0,v0,10,Row/Column,0.015258,0.0023937225341796
Pandas,Bank Marketing,2.2.0,v0,10,I/O,0.370116,0.0389800071716308
Pandas,Bank Marketing,2.2.0,v0,10,I/O,2.756585,0.3129916191101074
Pandas,Bank Marketing,2.2.0,v0,10,I/O,0.673033,0.0795464515686035
Pandas,Bank Marketing,2.2.0,v0,10,I/O,0.205749,0.0232210159301757
Pandas,Bank Marketing,2.2.0,v0,10,Missing,0.016845,0.0020613670349121
Pandas,Bank Marketing,2.2.0,v0,10,Missing,0.126708,0.0163211822509765
Pandas,Bank Marketing,2.2.0,v0,10,Missing,0.162476,0.0202138423919677
Pandas,Bank Marketing,2.2.0,v0,10,Missing,0.022156,0.0029854774475097
Pandas,Bank Marketing,2.2.0,v0,10,Row/Column,0.030335,0.0026524066925048
Pandas,Bank Marketing,2.2.0,v0,10,Aggregation,0.00177,0.0004146099090576
Pandas,Bank Marketing,2.2.0,v0,10,Row/Column,0.02832,0.0031919479370117
Pandas,Bank Marketing,2.2.0,v0,10,Row/Column,0.048279,0.0063092708587646
Pandas,Bank Marketing,2.2.0,v0,10,Row/Column,0.49829,0.0561079978942871
Pandas,Bank Marketing,2.2.0,v0,10,Aggregation,0.132446,0.0156376361846923
Pandas,Bank Marketing,2.2.0,v0,10,Aggregation,0.006287,0.0008149147033691
Pandas,Bank Marketing,2.2.0,v0,10,Aggregation,0.001343,0.0007174015045166
Pandas,Bank Marketing,2.2.0,v0,10,Aggregation,0.0,0.0006942749023437
Pandas,Bank Marketing,2.2.0,v0,10,Aggregation,0.0,0.0006053447723388
Pandas,Bank Marketing,2.2.0,v0,10,Row/Column,0.016357,0.0023643970489501
Pandas,Bank Marketing,2.2.0,v0,10,I/O,0.336669,0.0385253429412841
Pandas,Bank Marketing,2.2.0,v0,10,I/O,2.857231,0.3313102722167969
Pandas,Bank Marketing,2.2.0,v0,10,I/O,0.664366,0.079582929611206
Pandas,Bank Marketing,2.2.0,v0,10,I/O,0.217529,0.024958848953247
Pandas,Bank Marketing,2.2.0,v0,10,Missing,0.016479,0.0020685195922851
Pandas,Bank Marketing,2.2.0,v0,10,Missing,0.133973,0.0164971351623535
Pandas,Bank Marketing,2.2.0,v0,10,Missing,0.167541,0.0200958251953125
Pandas,Bank Marketing,2.2.0,v0,10,Missing,0.017883,0.002983808517456
Pandas,Bank Marketing,2.2.0,v0,10,Row/Column,0.025757,0.0029516220092773
Pandas,Bank Marketing,2.2.0,v0,10,Aggregation,0.0,0.0006053447723388
Pandas,Bank Marketing,2.2.0,v0,10,Row/Column,0.032104,0.0034143924713134
Pandas,Bank Marketing,2.2.0,v0,10,Row/Column,0.04718,0.0065283775329589
Pandas,Bank Marketing,2.2.0,v0,10,Row/Column,0.487059,0.0562012195587158
Pandas,Bank Marketing,2.2.0,v0,10,Aggregation,0.12146,0.0156643390655517
Pandas,Bank Marketing,2.2.0,v0,10,Aggregation,0.001709,0.0007407665252685
Pandas,Bank Marketing,2.2.0,v0,10,Aggregation,0.003662,0.0006561279296875
Pandas,Bank Marketing,2.2.0,v0,10,Aggregation,0.002746,0.000525951385498
Pandas,Bank Marketing,2.2.0,v0,10,Aggregation,0.0,0.0007014274597167
Pandas,Bank Marketing,2.2.0,v0,10,Row/Column,0.023926,0.0021700859069824
Pandas,Bank Marketing,2.2.0,v0,10,I/O,0.367308,0.0385310649871826
Pandas,Bank Marketing,2.2.0,v0,10,I/O,3.122977,0.3177566528320312
Pandas,Bank Marketing,2.2.0,v0,10,I/O,0.670713,0.0794589519500732
Pandas,Bank Marketing,2.2.0,v0,10,I/O,0.199585,0.0232195854187011
Pandas,Bank Marketing,2.2.0,v0,10,Missing,0.008301,0.001901626586914
Pandas,Bank Marketing,2.2.0,v0,10,Missing,0.128418,0.0164549350738525
Pandas,Bank Marketing,2.2.0,v0,10,Missing,0.167052,0.0200650691986084
Pandas,Bank Marketing,2.2.0,v0,10,Missing,0.017029,0.00299072265625
Pandas,Bank Marketing,2.2.0,v0,10,Row/Column,0.024841,0.0029504299163818
Pandas,Bank Marketing,2.2.0,v0,10,Aggregation,0.0,0.0007600784301757
Pandas,Bank Marketing,2.2.0,v0,10,Row/Column,0.02411,0.003260850906372
Pandas,Bank Marketing,2.2.0,v0,10,Row/Column,0.046142,0.0062677860260009
Pandas,Bank Marketing,2.2.0,v0,10,Row/Column,0.496459,0.0562386512756347
Pandas,Bank Marketing,2.2.0,v0,10,Aggregation,0.131531,0.0156569480895996
Pandas,Bank Marketing,2.2.0,v0,10,Aggregation,0.008118,0.0008046627044677
Pandas,Bank Marketing,2.2.0,v0,10,Aggregation,0.004334,0.0007045269012451
Pandas,Bank Marketing,2.2.0,v0,10,Aggregation,0.001526,0.0006854534149169
Pandas,Bank Marketing,2.2.0,v0,10,Aggregation,0.000427,0.0005207061767578
Pandas,Bank Marketing,2.2.0,v0,10,Row/Column,0.017394,0.0023174285888671
Pandas,Bank Marketing,2.2.0,v0,10,I/O,0.341002,0.0387678146362304
Pandas,Bank Marketing,2.2.0,v0,10,I/O,2.801079,0.3279831409454345
Pandas,Bank Marketing,2.2.0,v0,10,I/O,0.660277,0.0785114765167236
Pandas,Bank Marketing,2.2.0,v0,10,I/O,0.205078,0.0230219364166259
Pandas,Bank Marketing,2.2.0,v0,10,Missing,0.007813,0.0017061233520507
Pandas,Bank Marketing,2.2.0,v0,10,Missing,0.131165,0.0161375999450683
Pandas,Bank Marketing,2.2.0,v0,10,Missing,0.160339,0.0197787284851074
Pandas,Bank Marketing,2.2.0,v0,10,Missing,0.032775,0.0029695034027099
Pandas,Bank Marketing,2.2.0,v0,10,Row/Column,0.025329,0.0029244422912597
Pandas,Bank Marketing,2.2.0,v0,10,Aggregation,0.0,0.0007514953613281
Pandas,Bank Marketing,2.2.0,v0,10,Row/Column,0.02893,0.0033237934112548
Pandas,Bank Marketing,2.2.0,v0,10,Row/Column,0.051452,0.0063216686248779
Pandas,Bank Marketing,2.2.0,v0,10,Row/Column,0.501891,0.0563244819641113
Pandas,Bank Marketing,2.2.0,v0,10,Aggregation,0.129884,0.0156550407409667
Pandas,Bank Marketing,2.2.0,v0,10,Aggregation,0.001648,0.0006744861602783
Pandas,Bank Marketing,2.2.0,v0,10,Aggregation,0.0,0.0004222393035888
Pandas,Bank Marketing,2.2.0,v0,10,Aggregation,0.001343,0.0003514289855957
Pandas,Bank Marketing,2.2.0,v0,10,Aggregation,0.0,0.0003149509429931
Pandas,Bank Marketing,2.2.0,v0,10,Row/Column,0.014344,0.0020108222961425
Pandas,Bank Marketing,2.2.0,v0,10,I/O,0.373717,0.0392796993255615
Pandas,Bank Marketing,2.2.0,v0,10,I/O,2.712274,0.3115756511688232
Pandas,Bank Marketing,2.2.0,v0,10,I/O,0.66693,0.0789339542388916
Pandas,Bank Marketing,2.2.0,v0,10,I/O,0.206115,0.0232913494110107
Pandas,Bank Marketing,2.2.0,v0,10,Missing,0.015929,0.0020639896392822
Pandas,Bank Marketing,2.2.0,v0,10,Missing,0.130737,0.0164830684661865
Pandas,Bank Marketing,2.2.0,v0,10,Missing,0.162964,0.0200169086456298
Pandas,Bank Marketing,2.2.0,v0,10,Missing,0.026183,0.0029773712158203
Pandas,Bank Marketing,2.2.0,v0,10,Row/Column,0.018555,0.0029370784759521
Pandas,Bank Marketing,2.2.0,v0,10,Aggregation,0.003053,0.0007472038269042
Pandas,Bank Marketing,2.2.0,v0,10,Row/Column,0.028504,0.0033535957336425
Pandas,Bank Marketing,2.2.0,v0,10,Row/Column,0.046813,0.0064699649810791
Pandas,Bank Marketing,2.2.0,v0,10,Row/Column,0.499083,0.0564732551574707
Pandas,Bank Marketing,2.2.0,v0,10,Aggregation,0.130981,0.0156459808349609
Pandas,Bank Marketing,2.2.0,v0,10,Aggregation,0.0,0.0008049011230468
Pandas,Bank Marketing,2.2.0,v0,10,Aggregation,0.0,0.0006721019744873
Pandas,Bank Marketing,2.2.0,v0,10,Aggregation,0.0,0.0006844997406005
Pandas,Bank Marketing,2.2.0,v0,10,Aggregation,0.0,0.0007038116455078
Pandas,Bank Marketing,2.2.0,v0,10,Row/Column,0.01654,0.0022156238555908
Pandas,Bank Marketing,2.2.0,v0,10,I/O,0.352416,0.0387861728668212
Pandas,Bank Marketing,2.2.0,v0,10,I/O,3.069938,0.3149678707122803
Pandas,Bank Marketing,2.2.0,v0,10,I/O,0.678038,0.0803592205047607
Pandas,Bank Marketing,2.2.0,v0,10,I/O,0.213073,0.0245873928070068
Pandas,Bank Marketing,2.2.0,v0,10,Missing,0.016419,0.0020637512207031
Pandas,Bank Marketing,2.2.0,v0,10,Missing,0.133972,0.0164873600006103
Pandas,Bank Marketing,2.2.0,v0,10,Missing,0.324646,0.020078420639038
Pandas,Bank Marketing,2.2.0,v0,10,Missing,0.026672,0.0029850006103515
Pandas,Bank Marketing,2.2.0,v0,10,Row/Column,0.02002,0.0029263496398925
Pandas,Bank Marketing,2.2.0,v0,10,Aggregation,0.0,0.0007646083831787
Pandas,Bank Marketing,2.2.0,v0,10,Row/Column,0.026916,0.00339937210083
Pandas,Bank Marketing,2.2.0,v0,10,Row/Column,0.055908,0.0064892768859863
Pandas,Bank Marketing,2.2.0,v0,10,Row/Column,0.491515,0.0561511516571044
Pandas,Bank Marketing,2.2.0,v0,10,Aggregation,0.134277,0.0155589580535888
Pandas,Bank Marketing,2.2.0,v0,10,Aggregation,0.003417,0.0008032321929931
Pandas,Bank Marketing,2.2.0,v0,10,Aggregation,0.006226,0.0007133483886718
Pandas,Bank Marketing,2.2.0,v0,10,Aggregation,0.0,0.0006954669952392
Pandas,Bank Marketing,2.2.0,v0,10,Aggregation,0.001098,0.0006942749023437
Pandas,Bank Marketing,2.2.0,v0,10,Row/Column,0.013855,0.0023269653320312
Pandas,US Census 1990,1.0.0,v1,10,I/O,58.067235,5.885687828063965
Pandas,US Census 1990,1.0.0,v1,10,I/O,1344.00779,151.0243444442749
Pandas,US Census 1990,1.0.0,v1,10,I/O,447.604139,47.753501415252686
Pandas,US Census 1990,1.0.0,v1,10,I/O,218.865101,23.343195915222168
Pandas,US Census 1990,1.0.0,v1,10,Missing,0.005677,0.0010967254638671
Pandas,US Census 1990,1.0.0,v1,10,Missing,6.512618,0.6291162967681885
Pandas,US Census 1990,1.0.0,v1,10,Missing,1.199094,0.0961248874664306
Pandas,US Census 1990,1.0.0,v1,10,Missing,0.022278,0.002122163772583
Pandas,US Census 1990,1.0.0,v1,10,Row/Column,2.21496,0.237861156463623
Pandas,US Census 1990,1.0.0,v1,10,Aggregation,0.002198,0.001213788986206
Pandas,US Census 1990,1.0.0,v1,10,Row/Column,1.263241,0.1080715656280517
Pandas,US Census 1990,1.0.0,v1,10,Row/Column,8.856728,0.8667340278625488
Pandas,US Census 1990,1.0.0,v1,10,Row/Column,22.153934,2.1843931674957275
Pandas,US Census 1990,1.0.0,v1,10,Aggregation,1.755123,0.2135124206542968
Pandas,US Census 1990,1.0.0,v1,10,Aggregation,0.021058,0.0030410289764404
Pandas,US Census 1990,1.0.0,v1,10,Aggregation,0.030884,0.0033040046691894
Pandas,US Census 1990,1.0.0,v1,10,Aggregation,0.024292,0.0030791759490966
Pandas,US Census 1990,1.0.0,v1,10,Aggregation,0.021362,0.0030605792999267
Pandas,US Census 1990,1.0.0,v1,10,Row/Column,0.085448,0.0098943710327148
Pandas,US Census 1990,1.0.0,v1,10,I/O,50.221979,5.396158218383789
Pandas,US Census 1990,1.0.0,v1,10,I/O,1304.593157,150.33492279052734
Pandas,US Census 1990,1.0.0,v1,10,I/O,449.287059,47.52146077156067
Pandas,US Census 1990,1.0.0,v1,10,I/O,219.46294,23.24541449546814
Pandas,US Census 1990,1.0.0,v1,10,Missing,0.009766,0.0014669895172119
Pandas,US Census 1990,1.0.0,v1,10,Missing,6.168747,0.5854923725128174
Pandas,US Census 1990,1.0.0,v1,10,Missing,1.193661,0.0952186584472656
Pandas,US Census 1990,1.0.0,v1,10,Missing,0.020204,0.00248384475708
Pandas,US Census 1990,1.0.0,v1,10,Row/Column,2.117976,0.2211942672729492
Pandas,US Census 1990,1.0.0,v1,10,Aggregation,0.007752,0.0012204647064208
Pandas,US Census 1990,1.0.0,v1,10,Row/Column,1.273557,0.1079392433166503
Pandas,US Census 1990,1.0.0,v1,10,Row/Column,8.714516,0.8546233177185059
Pandas,US Census 1990,1.0.0,v1,10,Row/Column,21.173591,2.0484778881073
Pandas,US Census 1990,1.0.0,v1,10,Aggregation,1.799556,0.2241923809051513
Pandas,US Census 1990,1.0.0,v1,10,Aggregation,0.019409,0.0028634071350097
Pandas,US Census 1990,1.0.0,v1,10,Aggregation,0.028381,0.0033485889434814
Pandas,US Census 1990,1.0.0,v1,10,Aggregation,0.027161,0.0031099319458007
Pandas,US Census 1990,1.0.0,v1,10,Aggregation,0.020752,0.0028440952301025
Pandas,US Census 1990,1.0.0,v1,10,Row/Column,0.088562,0.010106086730957
Pandas,US Census 1990,1.0.0,v1,10,I/O,49.891352,5.263646125793457
Pandas,US Census 1990,1.0.0,v1,10,I/O,1326.203576,150.97610354423523
Pandas,US Census 1990,1.0.0,v1,10,I/O,449.636666,47.42083621025085
Pandas,US Census 1990,1.0.0,v1,10,I/O,220.364548,23.212581872940063
Pandas,US Census 1990,1.0.0,v1,10,Missing,0.014038,0.0014762878417968
Pandas,US Census 1990,1.0.0,v1,10,Missing,6.111069,0.5728719234466553
Pandas,US Census 1990,1.0.0,v1,10,Missing,1.190244,0.0948657989501953
Pandas,US Census 1990,1.0.0,v1,10,Missing,0.020324,0.0024867057800292
Pandas,US Census 1990,1.0.0,v1,10,Row/Column,2.281427,0.2337367534637451
Pandas,US Census 1990,1.0.0,v1,10,Aggregation,0.0,0.000821828842163
Pandas,US Census 1990,1.0.0,v1,10,Row/Column,1.286313,0.1091983318328857
Pandas,US Census 1990,1.0.0,v1,10,Row/Column,8.689431,0.853980302810669
Pandas,US Census 1990,1.0.0,v1,10,Row/Column,21.175178,2.0487325191497803
Pandas,US Census 1990,1.0.0,v1,10,Aggregation,1.698238,0.2076575756072998
Pandas,US Census 1990,1.0.0,v1,10,Aggregation,0.016906,0.0026891231536865
Pandas,US Census 1990,1.0.0,v1,10,Aggregation,0.028443,0.0030024051666259
Pandas,US Census 1990,1.0.0,v1,10,Aggregation,0.01709,0.0027084350585937
Pandas,US Census 1990,1.0.0,v1,10,Aggregation,0.017761,0.0027163028717041
Pandas,US Census 1990,1.0.0,v1,10,Row/Column,0.079528,0.0096669197082519
Pandas,US Census 1990,1.0.0,v1,10,I/O,48.720213,5.077854633331299
Pandas,US Census 1990,1.0.0,v1,10,I/O,1306.962413,151.08639788627625
Pandas,US Census 1990,1.0.0,v1,10,I/O,444.888509,47.47142696380615
Pandas,US Census 1990,1.0.0,v1,10,I/O,219.537646,23.263766050338745
Pandas,US Census 1990,1.0.0,v1,10,Missing,0.008056,0.0014674663543701
Pandas,US Census 1990,1.0.0,v1,10,Missing,6.328902,0.5772671699523926
Pandas,US Census 1990,1.0.0,v1,10,Missing,1.215084,0.094820499420166
Pandas,US Census 1990,1.0.0,v1,10,Missing,0.021789,0.0024604797363281
Pandas,US Census 1990,1.0.0,v1,10,Row/Column,2.208308,0.2208113670349121
Pandas,US Census 1990,1.0.0,v1,10,Aggregation,0.008178,0.0011353492736816
Pandas,US Census 1990,1.0.0,v1,10,Row/Column,1.294736,0.1072649955749511
Pandas,US Census 1990,1.0.0,v1,10,Row/Column,8.83384,0.8463635444641113
Pandas,US Census 1990,1.0.0,v1,10,Row/Column,21.324957,2.021840810775757
Pandas,US Census 1990,1.0.0,v1,10,Aggregation,1.800349,0.2142491340637207
Pandas,US Census 1990,1.0.0,v1,10,Aggregation,0.026856,0.0030465126037597
Pandas,US Census 1990,1.0.0,v1,10,Aggregation,0.028504,0.0032234191894531
Pandas,US Census 1990,1.0.0,v1,10,Aggregation,0.028626,0.0031123161315917
Pandas,US Census 1990,1.0.0,v1,10,Aggregation,0.027465,0.0030477046966552
Pandas,US Census 1990,1.0.0,v1,10,Row/Column,0.081116,0.0098574161529541
Pandas,US Census 1990,1.0.0,v1,10,I/O,50.86773,5.362472772598267
Pandas,US Census 1990,1.0.0,v1,10,I/O,1330.901927,151.5286509990692
Pandas,US Census 1990,1.0.0,v1,10,I/O,451.930667,47.51266694068909
Pandas,US Census 1990,1.0.0,v1,10,I/O,222.601359,23.6464581489563
Pandas,US Census 1990,1.0.0,v1,10,Missing,0.004639,0.00111985206604
Pandas,US Census 1990,1.0.0,v1,10,Missing,6.245468,0.5880651473999023
Pandas,US Census 1990,1.0.0,v1,10,Missing,1.204586,0.0969214439392089
Pandas,US Census 1990,1.0.0,v1,10,Missing,0.021607,0.0020914077758789
Pandas,US Census 1990,1.0.0,v1,10,Row/Column,2.236262,0.2332329750061035
Pandas,US Census 1990,1.0.0,v1,10,Aggregation,0.0,0.000788927078247
Pandas,US Census 1990,1.0.0,v1,10,Row/Column,1.294247,0.1101200580596923
Pandas,US Census 1990,1.0.0,v1,10,Row/Column,8.564248,0.8434410095214844
Pandas,US Census 1990,1.0.0,v1,10,Row/Column,21.333747,2.042937755584717
Pandas,US Census 1990,1.0.0,v1,10,Aggregation,1.520382,0.1779389381408691
Pandas,US Census 1990,1.0.0,v1,10,Aggregation,0.018432,0.0026924610137939
Pandas,US Census 1990,1.0.0,v1,10,Aggregation,0.019593,0.003044843673706
Pandas,US Census 1990,1.0.0,v1,10,Aggregation,0.020019,0.0027112960815429
Pandas,US Census 1990,1.0.0,v1,10,Aggregation,0.017152,0.0027194023132324
Pandas,US Census 1990,1.0.0,v1,10,Row/Column,0.082092,0.0095078945159912
Pandas,US Census 1990,1.0.0,v1,10,I/O,50.500908,5.404054880142212
Pandas,US Census 1990,1.0.0,v1,10,I/O,1323.221282,151.4313576221466
Pandas,US Census 1990,1.0.0,v1,10,I/O,453.065734,48.0875678062439
Pandas,US Census 1990,1.0.0,v1,10,I/O,218.819752,23.289689779281616
Pandas,US Census 1990,1.0.0,v1,10,Missing,0.008301,0.0012023448944091
Pandas,US Census 1990,1.0.0,v1,10,Missing,5.849656,0.5407953262329102
Pandas,US Census 1990,1.0.0,v1,10,Missing,1.194638,0.0968382358551025
Pandas,US Census 1990,1.0.0,v1,10,Missing,0.020875,0.0021092891693115
Pandas,US Census 1990,1.0.0,v1,10,Row/Column,2.164972,0.2251107692718505
Pandas,US Census 1990,1.0.0,v1,10,Aggregation,0.004272,0.0012102127075195
Pandas,US Census 1990,1.0.0,v1,10,Row/Column,1.276181,0.1089107990264892
Pandas,US Census 1990,1.0.0,v1,10,Row/Column,8.576027,0.8493297100067139
Pandas,US Census 1990,1.0.0,v1,10,Row/Column,21.089301,2.0406665802001958
Pandas,US Census 1990,1.0.0,v1,10,Aggregation,1.796992,0.2233028411865234
Pandas,US Census 1990,1.0.0,v1,10,Aggregation,0.0271,0.0029826164245605
Pandas,US Census 1990,1.0.0,v1,10,Aggregation,0.027465,0.0031805038452148
Pandas,US Census 1990,1.0.0,v1,10,Aggregation,0.027283,0.0031042098999023
Pandas,US Census 1990,1.0.0,v1,10,Aggregation,0.026612,0.0030460357666015
Pandas,US Census 1990,1.0.0,v1,10,Row/Column,0.088256,0.0099196434020996
Pandas,US Census 1990,1.0.0,v1,10,I/O,50.767143,5.348710536956787
Pandas,US Census 1990,1.0.0,v1,10,I/O,1311.711424,151.20304703712463
Pandas,US Census 1990,1.0.0,v1,10,I/O,454.048887,47.357752561569214
Pandas,US Census 1990,1.0.0,v1,10,I/O,219.951403,23.25283885002136
Pandas,US Census 1990,1.0.0,v1,10,Missing,0.007202,0.0011873245239257
Pandas,US Census 1990,1.0.0,v1,10,Missing,5.942369,0.5397932529449463
Pandas,US Census 1990,1.0.0,v1,10,Missing,1.221921,0.096757173538208
Pandas,US Census 1990,1.0.0,v1,10,Missing,0.020935,0.0021677017211914
Pandas,US Census 1990,1.0.0,v1,10,Row/Column,2.234553,0.2253429889678955
Pandas,US Census 1990,1.0.0,v1,10,Aggregation,0.001403,0.0008704662322998
Pandas,US Census 1990,1.0.0,v1,10,Row/Column,1.281979,0.1091973781585693
Pandas,US Census 1990,1.0.0,v1,10,Row/Column,8.60508,0.8344042301177979
Pandas,US Census 1990,1.0.0,v1,10,Row/Column,21.062506,1.991368293762207
Pandas,US Census 1990,1.0.0,v1,10,Aggregation,1.723079,0.2058112621307373
Pandas,US Census 1990,1.0.0,v1,10,Aggregation,0.0224,0.0030450820922851
Pandas,US Census 1990,1.0.0,v1,10,Aggregation,0.033935,0.0034077167510986
Pandas,US Census 1990,1.0.0,v1,10,Aggregation,0.024231,0.003115177154541
Pandas,US Census 1990,1.0.0,v1,10,Aggregation,0.023255,0.0030951499938964
Pandas,US Census 1990,1.0.0,v1,10,Row/Column,0.082275,0.0097162723541259
Pandas,US Census 1990,1.0.0,v1,10,I/O,49.182858,5.212280988693237
Pandas,US Census 1990,1.0.0,v1,10,I/O,1448.147904,166.29770016670227
Pandas,US Census 1990,1.0.0,v1,10,I/O,449.513559,47.9752082824707
Pandas,US Census 1990,1.0.0,v1,10,I/O,220.618027,23.39107370376587
Pandas,US Census 1990,1.0.0,v1,10,Missing,0.007263,0.0014801025390625
Pandas,US Census 1990,1.0.0,v1,10,Missing,6.171066,0.5928783416748047
Pandas,US Census 1990,1.0.0,v1,10,Missing,1.177182,0.0961499214172363
Pandas,US Census 1990,1.0.0,v1,10,Missing,0.021363,0.0022993087768554
Pandas,US Census 1990,1.0.0,v1,10,Row/Column,1.949397,0.200016975402832
Pandas,US Census 1990,1.0.0,v1,10,Aggregation,0.009033,0.001096487045288
Pandas,US Census 1990,1.0.0,v1,10,Row/Column,1.255918,0.1090319156646728
Pandas,US Census 1990,1.0.0,v1,10,Row/Column,8.503824,0.8442823886871338
Pandas,US Census 1990,1.0.0,v1,10,Row/Column,21.754888,2.168064832687378
Pandas,US Census 1990,1.0.0,v1,10,Aggregation,1.749629,0.2120962142944336
Pandas,US Census 1990,1.0.0,v1,10,Aggregation,0.028565,0.003054141998291
Pandas,US Census 1990,1.0.0,v1,10,Aggregation,0.027099,0.003425121307373
Pandas,US Census 1990,1.0.0,v1,10,Aggregation,0.027589,0.0030372142791748
Pandas,US Census 1990,1.0.0,v1,10,Aggregation,0.027405,0.003108263015747
Pandas,US Census 1990,1.0.0,v1,10,Row/Column,0.088074,0.0099203586578369
Pandas,US Census 1990,1.0.0,v1,10,I/O,47.879028,5.026291608810425
Pandas,US Census 1990,1.0.0,v1,10,I/O,1314.448599,150.03429174423218
Pandas,US Census 1990,1.0.0,v1,10,I/O,452.141053,47.45124530792236
Pandas,US Census 1990,1.0.0,v1,10,I/O,223.133096,23.347771167755127
Pandas,US Census 1990,1.0.0,v1,10,Missing,0.005493,0.0014624595642089
Pandas,US Census 1990,1.0.0,v1,10,Missing,6.034897,0.5588774681091309
Pandas,US Census 1990,1.0.0,v1,10,Missing,1.21655,0.0960745811462402
Pandas,US Census 1990,1.0.0,v1,10,Missing,0.024353,0.0024607181549072
Pandas,US Census 1990,1.0.0,v1,10,Row/Column,1.965753,0.2017691135406494
Pandas,US Census 1990,1.0.0,v1,10,Aggregation,0.007751,0.0012190341949462
Pandas,US Census 1990,1.0.0,v1,10,Row/Column,1.268674,0.1106936931610107
Pandas,US Census 1990,1.0.0,v1,10,Row/Column,8.671914,0.8602120876312256
Pandas,US Census 1990,1.0.0,v1,10,Row/Column,21.928777,2.129397392272949
Pandas,US Census 1990,1.0.0,v1,10,Aggregation,1.729731,0.2046222686767578
Pandas,US Census 1990,1.0.0,v1,10,Aggregation,0.020446,0.0031068325042724
Pandas,US Census 1990,1.0.0,v1,10,Aggregation,0.026183,0.0033378601074218
Pandas,US Census 1990,1.0.0,v1,10,Aggregation,0.026794,0.0031993389129638
Pandas,US Census 1990,1.0.0,v1,10,Aggregation,0.019104,0.003002643585205
Pandas,US Census 1990,1.0.0,v1,10,Row/Column,0.085694,0.0100045204162597
Pandas,US Census 1990,1.0.0,v1,10,I/O,48.049622,5.073009252548218
Pandas,US Census 1990,1.0.0,v1,10,I/O,1324.216031,151.13534307479858
Pandas,US Census 1990,1.0.0,v1,10,I/O,454.770992,47.80186581611633
Pandas,US Census 1990,1.0.0,v1,10,I/O,219.056323,23.20555710792541
Pandas,US Census 1990,1.0.0,v1,10,Missing,0.008484,0.0014817714691162
Pandas,US Census 1990,1.0.0,v1,10,Missing,6.191513,0.595879316329956
Pandas,US Census 1990,1.0.0,v1,10,Missing,1.182431,0.0953962802886962
Pandas,US Census 1990,1.0.0,v1,10,Missing,0.02008,0.0024755001068115
Pandas,US Census 1990,1.0.0,v1,10,Row/Column,1.97729,0.1998491287231445
Pandas,US Census 1990,1.0.0,v1,10,Aggregation,0.01062,0.0011255741119384
Pandas,US Census 1990,1.0.0,v1,10,Row/Column,1.283993,0.1087903976440429
Pandas,US Census 1990,1.0.0,v1,10,Row/Column,8.575112,0.8478269577026367
Pandas,US Census 1990,1.0.0,v1,10,Row/Column,21.413215,2.034067392349243
Pandas,US Census 1990,1.0.0,v1,10,Aggregation,1.781917,0.2120635509490966
Pandas,US Census 1990,1.0.0,v1,10,Aggregation,0.026123,0.0030567646026611
Pandas,US Census 1990,1.0.0,v1,10,Aggregation,0.033386,0.0033581256866455
Pandas,US Census 1990,1.0.0,v1,10,Aggregation,0.026185,0.0030844211578369
Pandas,US Census 1990,1.0.0,v1,10,Aggregation,0.025085,0.0031118392944335
Pandas,US Census 1990,1.0.0,v1,10,Row/Column,0.085082,0.0100586414337158
Pandas,US Census 1990,2.0.0,v2,10,I/O,50.503838,5.318209648132324
Pandas,US Census 1990,2.0.0,v2,10,I/O,641.982487,71.40687656402588
Pandas,US Census 1990,2.0.0,v2,10,I/O,164.296454,17.92074465751648
Pandas,US Census 1990,2.0.0,v2,10,I/O,139.553048,14.927154541015623
Pandas,US Census 1990,2.0.0,v2,10,Missing,0.022095,0.0073235034942626
Pandas,US Census 1990,2.0.0,v2,10,Missing,3.000603,0.2940433025360107
Pandas,US Census 1990,2.0.0,v2,10,Missing,2.507928,0.2505762577056885
Pandas,US Census 1990,2.0.0,v2,10,Missing,0.019104,0.0024197101593017
Pandas,US Census 1990,2.0.0,v2,10,Row/Column,2.405817,0.2458267211914062
Pandas,US Census 1990,2.0.0,v2,10,Aggregation,0.0,0.0005881786346435
Pandas,US Census 1990,2.0.0,v2,10,Row/Column,1.177304,0.0982556343078613
Pandas,US Census 1990,2.0.0,v2,10,Row/Column,8.518349,0.852759838104248
Pandas,US Census 1990,2.0.0,v2,10,Row/Column,22.841128,2.2576611042022705
Pandas,US Census 1990,2.0.0,v2,10,Aggregation,1.364559,0.1556639671325683
Pandas,US Census 1990,2.0.0,v2,10,Aggregation,0.01709,0.002009630203247
Pandas,US Census 1990,2.0.0,v2,10,Aggregation,0.047668,0.0093774795532226
Pandas,US Census 1990,2.0.0,v2,10,Aggregation,0.018127,0.0020580291748046
Pandas,US Census 1990,2.0.0,v2,10,Aggregation,0.010681,0.0018930435180664
Pandas,US Census 1990,2.0.0,v2,10,Row/Column,0.121521,0.0179438591003417
Pandas,US Census 1990,2.0.0,v2,10,I/O,44.445077,4.585614919662476
Pandas,US Census 1990,2.0.0,v2,10,I/O,639.054578,70.62036442756653
Pandas,US Census 1990,2.0.0,v2,10,I/O,158.410421,17.114856958389282
Pandas,US Census 1990,2.0.0,v2,10,I/O,134.962973,14.088661670684814
Pandas,US Census 1990,2.0.0,v2,10,Missing,0.00299,0.000622272491455
Pandas,US Census 1990,2.0.0,v2,10,Missing,3.124322,0.3059442043304443
Pandas,US Census 1990,2.0.0,v2,10,Missing,2.587885,0.2614810466766357
Pandas,US Census 1990,2.0.0,v2,10,Missing,0.017334,0.0021209716796875
Pandas,US Census 1990,2.0.0,v2,10,Row/Column,2.419732,0.2424123287200927
Pandas,US Census 1990,2.0.0,v2,10,Aggregation,0.000977,0.0004189014434814
Pandas,US Census 1990,2.0.0,v2,10,Row/Column,1.178891,0.0992050170898437
Pandas,US Census 1990,2.0.0,v2,10,Row/Column,8.274575,0.8309714794158936
Pandas,US Census 1990,2.0.0,v2,10,Row/Column,22.17127,2.208914995193481
Pandas,US Census 1990,2.0.0,v2,10,Aggregation,1.377438,0.1575937271118164
Pandas,US Census 1990,2.0.0,v2,10,Aggregation,0.012084,0.0019123554229736
Pandas,US Census 1990,2.0.0,v2,10,Aggregation,0.02826,0.0032734870910644
Pandas,US Census 1990,2.0.0,v2,10,Aggregation,0.019531,0.0020270347595214
Pandas,US Census 1990,2.0.0,v2,10,Aggregation,0.018067,0.0020530223846435
Pandas,US Census 1990,2.0.0,v2,10,Row/Column,0.092712,0.0116593837738037
Pandas,US Census 1990,2.0.0,v2,10,I/O,42.955273,4.431860685348511
Pandas,US Census 1990,2.0.0,v2,10,I/O,638.764539,70.99624562263489
Pandas,US Census 1990,2.0.0,v2,10,I/O,157.579735,17.312772274017334
Pandas,US Census 1990,2.0.0,v2,10,I/O,134.257774,14.117055654525757
Pandas,US Census 1990,2.0.0,v2,10,Missing,0.005371,0.0008108615875244
Pandas,US Census 1990,2.0.0,v2,10,Missing,3.006218,0.2925722599029541
Pandas,US Census 1990,2.0.0,v2,10,Missing,2.486077,0.2517564296722412
Pandas,US Census 1990,2.0.0,v2,10,Missing,0.02002,0.0024614334106445
Pandas,US Census 1990,2.0.0,v2,10,Row/Column,2.419549,0.2449967861175537
Pandas,US Census 1990,2.0.0,v2,10,Aggregation,0.0,0.0003769397735595
Pandas,US Census 1990,2.0.0,v2,10,Row/Column,1.153622,0.0990831851959228
Pandas,US Census 1990,2.0.0,v2,10,Row/Column,8.306436,0.829150915145874
Pandas,US Census 1990,2.0.0,v2,10,Row/Column,22.268925,2.2186245918273926
Pandas,US Census 1990,2.0.0,v2,10,Aggregation,1.370907,0.1580846309661865
Pandas,US Census 1990,2.0.0,v2,10,Aggregation,0.017455,0.0018618106842041
Pandas,US Census 1990,2.0.0,v2,10,Aggregation,0.022521,0.0030634403228759
Pandas,US Census 1990,2.0.0,v2,10,Aggregation,0.019043,0.0020473003387451
Pandas,US Census 1990,2.0.0,v2,10,Aggregation,0.011902,0.0018894672393798
Pandas,US Census 1990,2.0.0,v2,10,Row/Column,0.092835,0.0117945671081542
Pandas,US Census 1990,2.0.0,v2,10,I/O,42.922864,4.51332426071167
Pandas,US Census 1990,2.0.0,v2,10,I/O,634.77456,70.93695211410522
Pandas,US Census 1990,2.0.0,v2,10,I/O,155.542448,17.11259174346924
Pandas,US Census 1990,2.0.0,v2,10,I/O,134.199303,14.049938201904297
Pandas,US Census 1990,2.0.0,v2,10,Missing,0.004456,0.001002550125122
Pandas,US Census 1990,2.0.0,v2,10,Missing,3.020501,0.3009662628173828
Pandas,US Census 1990,2.0.0,v2,10,Missing,2.514092,0.2534797191619873
Pandas,US Census 1990,2.0.0,v2,10,Missing,0.020996,0.0024528503417968
Pandas,US Census 1990,2.0.0,v2,10,Row/Column,2.404961,0.2482960224151611
Pandas,US Census 1990,2.0.0,v2,10,Aggregation,0.003783,0.0007414817810058
Pandas,US Census 1990,2.0.0,v2,10,Row/Column,1.163205,0.0980010032653808
Pandas,US Census 1990,2.0.0,v2,10,Row/Column,8.342508,0.8192739486694336
Pandas,US Census 1990,2.0.0,v2,10,Row/Column,22.366275,2.21173357963562
Pandas,US Census 1990,2.0.0,v2,10,Aggregation,1.367916,0.1574146747589111
Pandas,US Census 1990,2.0.0,v2,10,Aggregation,0.012329,0.0016438961029052
Pandas,US Census 1990,2.0.0,v2,10,Aggregation,0.025086,0.0028967857360839
Pandas,US Census 1990,2.0.0,v2,10,Aggregation,0.013244,0.001666784286499
Pandas,US Census 1990,2.0.0,v2,10,Aggregation,0.017212,0.0016665458679199
Pandas,US Census 1990,2.0.0,v2,10,Row/Column,0.087402,0.0112917423248291
Pandas,US Census 1990,2.0.0,v2,10,I/O,42.632458,4.489827156066895
Pandas,US Census 1990,2.0.0,v2,10,I/O,630.057591,70.63371467590332
Pandas,US Census 1990,2.0.0,v2,10,I/O,155.290497,17.189270496368408
Pandas,US Census 1990,2.0.0,v2,10,I/O,133.874473,14.084804058074951
Pandas,US Census 1990,2.0.0,v2,10,Missing,0.00885,0.00093674659729
Pandas,US Census 1990,2.0.0,v2,10,Missing,3.068229,0.3006513118743896
Pandas,US Census 1990,2.0.0,v2,10,Missing,2.527033,0.2560429573059082
Pandas,US Census 1990,2.0.0,v2,10,Missing,0.020141,0.002455711364746
Pandas,US Census 1990,2.0.0,v2,10,Row/Column,2.442987,0.2482340335845947
Pandas,US Census 1990,2.0.0,v2,10,Aggregation,0.0,0.0007469654083251
Pandas,US Census 1990,2.0.0,v2,10,Row/Column,1.161069,0.0978443622589111
Pandas,US Census 1990,2.0.0,v2,10,Row/Column,8.227396,0.8242409229278564
Pandas,US Census 1990,2.0.0,v2,10,Row/Column,22.174382,2.160164356231689
Pandas,US Census 1990,2.0.0,v2,10,Aggregation,1.302547,0.1466162204742431
Pandas,US Census 1990,2.0.0,v2,10,Aggregation,0.010925,0.0020060539245605
Pandas,US Census 1990,2.0.0,v2,10,Aggregation,0.022034,0.0032525062561035
Pandas,US Census 1990,2.0.0,v2,10,Aggregation,0.018799,0.0020489692687988
Pandas,US Census 1990,2.0.0,v2,10,Aggregation,0.018921,0.0020465850830078
Pandas,US Census 1990,2.0.0,v2,10,Row/Column,0.093689,0.0116498470306396
Pandas,US Census 1990,2.0.0,v2,10,I/O,43.200574,4.492768049240112
Pandas,US Census 1990,2.0.0,v2,10,I/O,634.091394,70.47954964637756
Pandas,US Census 1990,2.0.0,v2,10,I/O,159.497395,17.578900814056396
Pandas,US Census 1990,2.0.0,v2,10,I/O,133.517907,14.034650325775146
Pandas,US Census 1990,2.0.0,v2,10,Missing,0.002258,0.0010077953338623
Pandas,US Census 1990,2.0.0,v2,10,Missing,3.064689,0.2985751628875732
Pandas,US Census 1990,2.0.0,v2,10,Missing,2.49273,0.248439073562622
Pandas,US Census 1990,2.0.0,v2,10,Missing,0.016478,0.0024857521057128
Pandas,US Census 1990,2.0.0,v2,10,Row/Column,2.439691,0.2440357208251953
Pandas,US Census 1990,2.0.0,v2,10,Aggregation,0.001586,0.0004606246948242
Pandas,US Census 1990,2.0.0,v2,10,Row/Column,1.155148,0.0986449718475341
Pandas,US Census 1990,2.0.0,v2,10,Row/Column,8.246927,0.8319618701934814
Pandas,US Census 1990,2.0.0,v2,10,Row/Column,22.97925,2.32319712638855
Pandas,US Census 1990,2.0.0,v2,10,Aggregation,1.323117,0.1526148319244384
Pandas,US Census 1990,2.0.0,v2,10,Aggregation,0.009156,0.0018370151519775
Pandas,US Census 1990,2.0.0,v2,10,Aggregation,0.028809,0.0029151439666748
Pandas,US Census 1990,2.0.0,v2,10,Aggregation,0.010254,0.0016214847564697
Pandas,US Census 1990,2.0.0,v2,10,Aggregation,0.008484,0.0016005039215087
Pandas,US Census 1990,2.0.0,v2,10,Row/Column,0.093262,0.0112524032592773
Pandas,US Census 1990,2.0.0,v2,10,I/O,43.148694,4.4754838943481445
Pandas,US Census 1990,2.0.0,v2,10,I/O,631.468049,70.36639904975891
Pandas,US Census 1990,2.0.0,v2,10,I/O,156.724086,17.176279067993164
Pandas,US Census 1990,2.0.0,v2,10,I/O,134.092979,14.00211787223816
Pandas,US Census 1990,2.0.0,v2,10,Missing,0.008056,0.0010013580322265
Pandas,US Census 1990,2.0.0,v2,10,Missing,3.009759,0.2978837490081787
Pandas,US Census 1990,2.0.0,v2,10,Missing,2.482294,0.2505812644958496
Pandas,US Census 1990,2.0.0,v2,10,Missing,0.020751,0.0023853778839111
Pandas,US Census 1990,2.0.0,v2,10,Row/Column,2.439692,0.2473540306091308
Pandas,US Census 1990,2.0.0,v2,10,Aggregation,0.002441,0.0007510185241699
Pandas,US Census 1990,2.0.0,v2,10,Row/Column,1.15411,0.0975513458251953
Pandas,US Census 1990,2.0.0,v2,10,Row/Column,8.342325,0.8289237022399902
Pandas,US Census 1990,2.0.0,v2,10,Row/Column,22.349125,2.2087676525115967
Pandas,US Census 1990,2.0.0,v2,10,Aggregation,1.086666,0.1113367080688476
Pandas,US Census 1990,2.0.0,v2,10,Aggregation,0.009765,0.0016522407531738
Pandas,US Census 1990,2.0.0,v2,10,Aggregation,0.020936,0.0028998851776123
Pandas,US Census 1990,2.0.0,v2,10,Aggregation,0.009521,0.0015933513641357
Pandas,US Census 1990,2.0.0,v2,10,Aggregation,0.009643,0.0015723705291748
Pandas,US Census 1990,2.0.0,v2,10,Row/Column,0.094544,0.0112180709838867
Pandas,US Census 1990,2.0.0,v2,10,I/O,43.386852,4.544264316558838
Pandas,US Census 1990,2.0.0,v2,10,I/O,633.373134,70.44320940971375
Pandas,US Census 1990,2.0.0,v2,10,I/O,156.786769,17.218684196472168
Pandas,US Census 1990,2.0.0,v2,10,I/O,134.210228,13.99118995666504
Pandas,US Census 1990,2.0.0,v2,10,Missing,0.002014,0.0009248256683349
Pandas,US Census 1990,2.0.0,v2,10,Missing,3.045036,0.304232120513916
Pandas,US Census 1990,2.0.0,v2,10,Missing,2.536736,0.2601954936981201
Pandas,US Census 1990,2.0.0,v2,10,Missing,0.018616,0.0024147033691406
Pandas,US Census 1990,2.0.0,v2,10,Row/Column,2.448358,0.2462408542633056
Pandas,US Census 1990,2.0.0,v2,10,Aggregation,0.0,0.000767707824707
Pandas,US Census 1990,2.0.0,v2,10,Row/Column,1.167355,0.098994493484497
Pandas,US Census 1990,2.0.0,v2,10,Row/Column,8.458048,0.8426826000213623
Pandas,US Census 1990,2.0.0,v2,10,Row/Column,23.221864,2.340867042541504
Pandas,US Census 1990,2.0.0,v2,10,Aggregation,1.068235,0.1113805770874023
Pandas,US Census 1990,2.0.0,v2,10,Aggregation,0.007935,0.0016467571258544
Pandas,US Census 1990,2.0.0,v2,10,Aggregation,0.02478,0.0028541088104248
Pandas,US Census 1990,2.0.0,v2,10,Aggregation,0.009217,0.0016267299652099
Pandas,US Census 1990,2.0.0,v2,10,Aggregation,0.018432,0.0018973350524902
Pandas,US Census 1990,2.0.0,v2,10,Row/Column,0.096253,0.0115680694580078
Pandas,US Census 1990,2.0.0,v2,10,I/O,44.236215,4.529931545257568
Pandas,US Census 1990,2.0.0,v2,10,I/O,638.645094,70.42163348197937
Pandas,US Census 1990,2.0.0,v2,10,I/O,158.974568,17.15790295600891
Pandas,US Census 1990,2.0.0,v2,10,I/O,133.807946,14.009637117385864
Pandas,US Census 1990,2.0.0,v2,10,Missing,0.001831,0.0009901523590087
Pandas,US Census 1990,2.0.0,v2,10,Missing,3.0512,0.296804666519165
Pandas,US Census 1990,2.0.0,v2,10,Missing,2.525201,0.2538442611694336
Pandas,US Census 1990,2.0.0,v2,10,Missing,0.022583,0.0023798942565917
Pandas,US Census 1990,2.0.0,v2,10,Row/Column,2.505365,0.2526826858520508
Pandas,US Census 1990,2.0.0,v2,10,Aggregation,0.0,0.0007615089416503
Pandas,US Census 1990,2.0.0,v2,10,Row/Column,1.172849,0.0991497039794921
Pandas,US Census 1990,2.0.0,v2,10,Row/Column,8.3715,0.8325595855712891
Pandas,US Census 1990,2.0.0,v2,10,Row/Column,22.389836,2.199154853820801
Pandas,US Census 1990,2.0.0,v2,10,Aggregation,1.35522,0.1557316780090332
Pandas,US Census 1990,2.0.0,v2,10,Aggregation,0.011231,0.0018811225891113
Pandas,US Census 1990,2.0.0,v2,10,Aggregation,0.028564,0.0032002925872802
Pandas,US Census 1990,2.0.0,v2,10,Aggregation,0.008666,0.0019886493682861
Pandas,US Census 1990,2.0.0,v2,10,Aggregation,0.012695,0.0018882751464843
Pandas,US Census 1990,2.0.0,v2,10,Row/Column,0.092407,0.0115966796875
Pandas,US Census 1990,2.0.0,v2,10,I/O,42.823622,4.448753833770752
Pandas,US Census 1990,2.0.0,v2,10,I/O,637.759048,70.84143400192261
Pandas,US Census 1990,2.0.0,v2,10,I/O,161.092544,17.46538019180298
Pandas,US Census 1990,2.0.0,v2,10,I/O,133.508875,14.009981393814089
Pandas,US Census 1990,2.0.0,v2,10,Missing,0.008911,0.0010344982147216
Pandas,US Census 1990,2.0.0,v2,10,Missing,3.019523,0.2915172576904297
Pandas,US Census 1990,2.0.0,v2,10,Missing,2.541803,0.2547607421875
Pandas,US Census 1990,2.0.0,v2,10,Missing,0.020996,0.0024037361145019
Pandas,US Census 1990,2.0.0,v2,10,Row/Column,2.474908,0.2511265277862549
Pandas,US Census 1990,2.0.0,v2,10,Aggregation,0.001281,0.0007543563842773
Pandas,US Census 1990,2.0.0,v2,10,Row/Column,1.167843,0.0991625785827636
Pandas,US Census 1990,2.0.0,v2,10,Row/Column,8.405068,0.844886064529419
Pandas,US Census 1990,2.0.0,v2,10,Row/Column,23.010134,2.2565598487854004
Pandas,US Census 1990,2.0.0,v2,10,Aggregation,1.105039,0.1165201663970947
Pandas,US Census 1990,2.0.0,v2,10,Aggregation,0.015626,0.0019586086273193
Pandas,US Census 1990,2.0.0,v2,10,Aggregation,0.029236,0.0031988620758056
Pandas,US Census 1990,2.0.0,v2,10,Aggregation,0.018189,0.0019729137420654
Pandas,US Census 1990,2.0.0,v2,10,Aggregation,0.015808,0.00187349319458
Pandas,US Census 1990,2.0.0,v2,10,Row/Column,0.094177,0.0116069316864013
Pandas,US Census 1990,2.2.0,v0,10,I/O,49.505488,5.348427057266235
Pandas,US Census 1990,2.2.0,v0,10,I/O,604.498453,67.69014286994934
Pandas,US Census 1990,2.2.0,v0,10,I/O,209.076064,23.026591300964355
Pandas,US Census 1990,2.2.0,v0,10,I/O,133.927025,14.636073350906372
Pandas,US Census 1990,2.2.0,v0,10,Missing,0.0,0.0008487701416015
Pandas,US Census 1990,2.2.0,v0,10,Missing,2.81817,0.2727224826812744
Pandas,US Census 1990,2.2.0,v0,10,Missing,2.36535,0.2389478683471679
Pandas,US Census 1990,2.2.0,v0,10,Missing,0.020813,0.0021910667419433
Pandas,US Census 1990,2.2.0,v0,10,Row/Column,2.417475,0.260631799697876
Pandas,US Census 1990,2.2.0,v0,10,Aggregation,0.0,0.0007569789886474
Pandas,US Census 1990,2.2.0,v0,10,Row/Column,1.169309,0.1005187034606933
Pandas,US Census 1990,2.2.0,v0,10,Row/Column,8.214334,0.8274021148681641
Pandas,US Census 1990,2.2.0,v0,10,Row/Column,22.287785,2.255119562149048
Pandas,US Census 1990,2.2.0,v0,10,Aggregation,1.262936,0.1439917087554931
Pandas,US Census 1990,2.2.0,v0,10,Aggregation,0.012024,0.0019748210906982
Pandas,US Census 1990,2.2.0,v0,10,Aggregation,0.048095,0.0094170570373535
Pandas,US Census 1990,2.2.0,v0,10,Aggregation,0.015625,0.0017895698547363
Pandas,US Census 1990,2.2.0,v0,10,Aggregation,0.018921,0.0019299983978271
Pandas,US Census 1990,2.2.0,v0,10,Row/Column,0.096496,0.011643648147583
Pandas,US Census 1990,2.2.0,v0,10,I/O,43.298717,4.632301092147827
Pandas,US Census 1990,2.2.0,v0,10,I/O,592.619454,67.03251910209656
Pandas,US Census 1990,2.2.0,v0,10,I/O,206.389365,23.00406503677368
Pandas,US Census 1990,2.2.0,v0,10,I/O,131.589019,14.223268270492554
Pandas,US Census 1990,2.2.0,v0,10,Missing,0.003356,0.0009634494781494
Pandas,US Census 1990,2.2.0,v0,10,Missing,2.888359,0.2843892574310303
Pandas,US Census 1990,2.2.0,v0,10,Missing,2.366754,0.240485668182373
Pandas,US Census 1990,2.2.0,v0,10,Missing,0.02063,0.0022177696228027
Pandas,US Census 1990,2.2.0,v0,10,Row/Column,2.365289,0.2430620193481445
Pandas,US Census 1990,2.2.0,v0,10,Aggregation,0.0,0.0007507801055908
Pandas,US Census 1990,2.2.0,v0,10,Row/Column,1.145627,0.0982048511505127
Pandas,US Census 1990,2.2.0,v0,10,Row/Column,8.124003,0.81675124168396
Pandas,US Census 1990,2.2.0,v0,10,Row/Column,21.695744,2.1639668941497803
Pandas,US Census 1990,2.2.0,v0,10,Aggregation,1.370236,0.1505920886993408
Pandas,US Census 1990,2.2.0,v0,10,Aggregation,0.009704,0.0016419887542724
Pandas,US Census 1990,2.2.0,v0,10,Aggregation,0.020202,0.002856969833374
Pandas,US Census 1990,2.2.0,v0,10,Aggregation,0.008911,0.001594066619873
Pandas,US Census 1990,2.2.0,v0,10,Aggregation,0.010009,0.001591682434082
Pandas,US Census 1990,2.2.0,v0,10,Row/Column,0.092347,0.0113866329193115
Pandas,US Census 1990,2.2.0,v0,10,I/O,43.480235,4.665726661682129
Pandas,US Census 1990,2.2.0,v0,10,I/O,594.626957,67.21500873565674
Pandas,US Census 1990,2.2.0,v0,10,I/O,207.190875,23.1281054019928
Pandas,US Census 1990,2.2.0,v0,10,I/O,130.758271,14.359431743621826
Pandas,US Census 1990,2.2.0,v0,10,Missing,0.001953,0.00099778175354
Pandas,US Census 1990,2.2.0,v0,10,Missing,2.906914,0.2842411994934082
Pandas,US Census 1990,2.2.0,v0,10,Missing,2.324822,0.2335779666900634
Pandas,US Census 1990,2.2.0,v0,10,Missing,0.015686,0.0022001266479492
Pandas,US Census 1990,2.2.0,v0,10,Row/Column,2.362483,0.2427797317504882
Pandas,US Census 1990,2.2.0,v0,10,Aggregation,0.0,0.000756025314331
Pandas,US Census 1990,2.2.0,v0,10,Row/Column,1.182371,0.0981969833374023
Pandas,US Census 1990,2.2.0,v0,10,Row/Column,8.22703,0.8233504295349121
Pandas,US Census 1990,2.2.0,v0,10,Row/Column,21.970098,2.202205181121826
Pandas,US Census 1990,2.2.0,v0,10,Aggregation,1.347164,0.1540682315826416
Pandas,US Census 1990,2.2.0,v0,10,Aggregation,0.020264,0.0019710063934326
Pandas,US Census 1990,2.2.0,v0,10,Aggregation,0.022156,0.0032062530517578
Pandas,US Census 1990,2.2.0,v0,10,Aggregation,0.01233,0.0019466876983642
Pandas,US Census 1990,2.2.0,v0,10,Aggregation,0.013123,0.0019445419311523
Pandas,US Census 1990,2.2.0,v0,10,Row/Column,0.093994,0.0115752220153808
Pandas,US Census 1990,2.2.0,v0,10,I/O,43.986521,4.676724910736084
Pandas,US Census 1990,2.2.0,v0,10,I/O,601.339464,67.0256142616272
Pandas,US Census 1990,2.2.0,v0,10,I/O,208.577836,23.040690422058105
Pandas,US Census 1990,2.2.0,v0,10,I/O,131.713591,14.33618187904358
Pandas,US Census 1990,2.2.0,v0,10,Missing,0.00299,0.0010111331939697
Pandas,US Census 1990,2.2.0,v0,10,Missing,2.841302,0.275522232055664
Pandas,US Census 1990,2.2.0,v0,10,Missing,2.386041,0.2439863681793213
Pandas,US Census 1990,2.2.0,v0,10,Missing,0.015136,0.0022244453430175
Pandas,US Census 1990,2.2.0,v0,10,Row/Column,2.36834,0.241624116897583
Pandas,US Census 1990,2.2.0,v0,10,Aggregation,0.0,0.0007565021514892
Pandas,US Census 1990,2.2.0,v0,10,Row/Column,1.157163,0.0995011329650878
Pandas,US Census 1990,2.2.0,v0,10,Row/Column,8.243692,0.8326354026794434
Pandas,US Census 1990,2.2.0,v0,10,Row/Column,22.464603,2.2366092205047607
Pandas,US Census 1990,2.2.0,v0,10,Aggregation,1.131649,0.1195199489593505
Pandas,US Census 1990,2.2.0,v0,10,Aggregation,0.019347,0.0019714832305908
Pandas,US Census 1990,2.2.0,v0,10,Aggregation,0.027831,0.0032060146331787
Pandas,US Census 1990,2.2.0,v0,10,Aggregation,0.012512,0.0019574165344238
Pandas,US Census 1990,2.2.0,v0,10,Aggregation,0.013183,0.0019447803497314
Pandas,US Census 1990,2.2.0,v0,10,Row/Column,0.098083,0.0119678974151611
Pandas,US Census 1990,2.2.0,v0,10,I/O,42.832349,4.566604137420654
Pandas,US Census 1990,2.2.0,v0,10,I/O,595.222964,66.90555596351624
Pandas,US Census 1990,2.2.0,v0,10,I/O,209.680738,22.96569895744324
Pandas,US Census 1990,2.2.0,v0,10,I/O,132.670376,14.230664014816284
Pandas,US Census 1990,2.2.0,v0,10,Missing,0.008423,0.0009958744049072
Pandas,US Census 1990,2.2.0,v0,10,Missing,2.965508,0.2943940162658691
Pandas,US Census 1990,2.2.0,v0,10,Missing,2.494195,0.250720739364624
Pandas,US Census 1990,2.2.0,v0,10,Missing,0.018127,0.0019037723541259
Pandas,US Census 1990,2.2.0,v0,10,Row/Column,2.403315,0.2491381168365478
Pandas,US Census 1990,2.2.0,v0,10,Aggregation,0.003356,0.0003988742828369
Pandas,US Census 1990,2.2.0,v0,10,Row/Column,1.196713,0.100379467010498
Pandas,US Census 1990,2.2.0,v0,10,Row/Column,8.268777,0.8207359313964844
Pandas,US Census 1990,2.2.0,v0,10,Row/Column,22.329472,2.215609073638916
Pandas,US Census 1990,2.2.0,v0,10,Aggregation,1.27789,0.1448299884796142
Pandas,US Census 1990,2.2.0,v0,10,Aggregation,0.02002,0.0019533634185791
Pandas,US Census 1990,2.2.0,v0,10,Aggregation,0.030334,0.0032565593719482
Pandas,US Census 1990,2.2.0,v0,10,Aggregation,0.017334,0.001918077468872
Pandas,US Census 1990,2.2.0,v0,10,Aggregation,0.013245,0.0019776821136474
Pandas,US Census 1990,2.2.0,v0,10,Row/Column,0.102721,0.0120255947113037
Pandas,US Census 1990,2.2.0,v0,10,I/O,43.899119,4.669852256774902
Pandas,US Census 1990,2.2.0,v0,10,I/O,603.039105,67.65388679504395
Pandas,US Census 1990,2.2.0,v0,10,I/O,207.318317,22.91665720939636
Pandas,US Census 1990,2.2.0,v0,10,I/O,136.467364,14.499755859375
Pandas,US Census 1990,2.2.0,v0,10,Missing,0.008117,0.0009844303131103
Pandas,US Census 1990,2.2.0,v0,10,Missing,2.887566,0.2739574909210205
Pandas,US Census 1990,2.2.0,v0,10,Missing,2.412651,0.2405314445495605
Pandas,US Census 1990,2.2.0,v0,10,Missing,0.021607,0.0020937919616699
Pandas,US Census 1990,2.2.0,v0,10,Row/Column,2.454584,0.2531325817108154
Pandas,US Census 1990,2.2.0,v0,10,Aggregation,0.003113,0.0003941059112548
Pandas,US Census 1990,2.2.0,v0,10,Row/Column,1.175534,0.1004469394683837
Pandas,US Census 1990,2.2.0,v0,10,Row/Column,8.155252,0.8156182765960693
Pandas,US Census 1990,2.2.0,v0,10,Row/Column,22.169377,2.2164578437805176
Pandas,US Census 1990,2.2.0,v0,10,Aggregation,1.106077,0.1185560226440429
Pandas,US Census 1990,2.2.0,v0,10,Aggregation,0.008789,0.0016331672668457
Pandas,US Census 1990,2.2.0,v0,10,Aggregation,0.028443,0.0028457641601562
Pandas,US Census 1990,2.2.0,v0,10,Aggregation,0.010925,0.0015909671783447
Pandas,US Census 1990,2.2.0,v0,10,Aggregation,0.009765,0.0016148090362548
Pandas,US Census 1990,2.2.0,v0,10,Row/Column,0.096863,0.0113565921783447
Pandas,US Census 1990,2.2.0,v0,10,I/O,43.35255,4.620179653167725
Pandas,US Census 1990,2.2.0,v0,10,I/O,598.496575,66.99401140213013
Pandas,US Census 1990,2.2.0,v0,10,I/O,203.948208,22.61513876914978
Pandas,US Census 1990,2.2.0,v0,10,I/O,130.644868,14.259710550308228
Pandas,US Census 1990,2.2.0,v0,10,Missing,0.007751,0.0009729862213134
Pandas,US Census 1990,2.2.0,v0,10,Missing,2.953178,0.2885215282440185
Pandas,US Census 1990,2.2.0,v0,10,Missing,2.43255,0.2407634258270263
Pandas,US Census 1990,2.2.0,v0,10,Missing,0.021851,0.0022163391113281
Pandas,US Census 1990,2.2.0,v0,10,Row/Column,2.369623,0.2433826923370361
Pandas,US Census 1990,2.2.0,v0,10,Aggregation,0.001832,0.0004074573516845
Pandas,US Census 1990,2.2.0,v0,10,Row/Column,1.185604,0.100358247756958
Pandas,US Census 1990,2.2.0,v0,10,Row/Column,8.201517,0.8206436634063721
Pandas,US Census 1990,2.2.0,v0,10,Row/Column,21.787725,2.199803352355957
Pandas,US Census 1990,2.2.0,v0,10,Aggregation,1.335628,0.1538379192352295
Pandas,US Census 1990,2.2.0,v0,10,Aggregation,0.009645,0.001633882522583
Pandas,US Census 1990,2.2.0,v0,10,Aggregation,0.023926,0.0027849674224853
Pandas,US Census 1990,2.2.0,v0,10,Aggregation,0.009217,0.0016024112701416
Pandas,US Census 1990,2.2.0,v0,10,Aggregation,0.009521,0.0016162395477294
Pandas,US Census 1990,2.2.0,v0,10,Row/Column,0.089843,0.0113325119018554
Pandas,US Census 1990,2.2.0,v0,10,I/O,43.683788,4.677872896194458
Pandas,US Census 1990,2.2.0,v0,10,I/O,595.820191,67.03360295295715
Pandas,US Census 1990,2.2.0,v0,10,I/O,204.876673,22.649065732955933
Pandas,US Census 1990,2.2.0,v0,10,I/O,132.850307,14.33178973197937
Pandas,US Census 1990,2.2.0,v0,10,Missing,0.006287,0.0006153583526611
Pandas,US Census 1990,2.2.0,v0,10,Missing,2.96441,0.2945165634155273
Pandas,US Census 1990,2.2.0,v0,10,Missing,2.402521,0.2427468299865722
Pandas,US Census 1990,2.2.0,v0,10,Missing,0.009217,0.0018966197967529
Pandas,US Census 1990,2.2.0,v0,10,Row/Column,2.433769,0.2519266605377197
Pandas,US Census 1990,2.2.0,v0,10,Aggregation,0.001099,0.0003840923309326
Pandas,US Census 1990,2.2.0,v0,10,Row/Column,1.204586,0.1010632514953613
Pandas,US Census 1990,2.2.0,v0,10,Row/Column,8.275492,0.8291275501251221
Pandas,US Census 1990,2.2.0,v0,10,Row/Column,22.571292,2.2467596530914307
Pandas,US Census 1990,2.2.0,v0,10,Aggregation,1.337886,0.1538970470428466
Pandas,US Census 1990,2.2.0,v0,10,Aggregation,0.009155,0.0016319751739501
Pandas,US Census 1990,2.2.0,v0,10,Aggregation,0.01886,0.0027821063995361
Pandas,US Census 1990,2.2.0,v0,10,Aggregation,0.015746,0.0018620491027832
Pandas,US Census 1990,2.2.0,v0,10,Aggregation,0.012513,0.0015602111816406
Pandas,US Census 1990,2.2.0,v0,10,Row/Column,0.093262,0.0113322734832763
Pandas,US Census 1990,2.2.0,v0,10,I/O,44.355477,4.672672986984253
Pandas,US Census 1990,2.2.0,v0,10,I/O,597.919551,67.13291120529175
Pandas,US Census 1990,2.2.0,v0,10,I/O,209.839673,22.99335289001465
Pandas,US Census 1990,2.2.0,v0,10,I/O,133.49209,14.24248480796814
Pandas,US Census 1990,2.2.0,v0,10,Missing,0.007752,0.0009958744049072
Pandas,US Census 1990,2.2.0,v0,10,Missing,2.992668,0.2939217090606689
Pandas,US Census 1990,2.2.0,v0,10,Missing,2.439325,0.2494781017303466
Pandas,US Census 1990,2.2.0,v0,10,Missing,0.016907,0.0022459030151367
Pandas,US Census 1990,2.2.0,v0,10,Row/Column,2.389093,0.2465300559997558
Pandas,US Census 1990,2.2.0,v0,10,Aggregation,0.003846,0.000758409500122
Pandas,US Census 1990,2.2.0,v0,10,Row/Column,1.164059,0.0991101264953613
Pandas,US Census 1990,2.2.0,v0,10,Row/Column,8.179483,0.8165934085845947
Pandas,US Census 1990,2.2.0,v0,10,Row/Column,22.804079,2.228551387786865
Pandas,US Census 1990,2.2.0,v0,10,Aggregation,1.35986,0.1541335582733154
Pandas,US Census 1990,2.2.0,v0,10,Aggregation,0.016297,0.0018219947814941
Pandas,US Census 1990,2.2.0,v0,10,Aggregation,0.027771,0.0031423568725585
Pandas,US Census 1990,2.2.0,v0,10,Aggregation,0.011902,0.0018432140350341
Pandas,US Census 1990,2.2.0,v0,10,Aggregation,0.009887,0.0019283294677734
Pandas,US Census 1990,2.2.0,v0,10,Row/Column,0.09552,0.0116827487945556
Pandas,US Census 1990,2.2.0,v0,10,I/O,44.4394,4.716689109802246
Pandas,US Census 1990,2.2.0,v0,10,I/O,597.656002,67.06230735778809
Pandas,US Census 1990,2.2.0,v0,10,I/O,206.32839,22.92695188522339
Pandas,US Census 1990,2.2.0,v0,10,I/O,129.297582,14.184296131134031
Pandas,US Census 1990,2.2.0,v0,10,Missing,0.003662,0.0006630420684814
Pandas,US Census 1990,2.2.0,v0,10,Missing,2.864738,0.2809855937957763
Pandas,US Census 1990,2.2.0,v0,10,Missing,2.369319,0.2392184734344482
Pandas,US Census 1990,2.2.0,v0,10,Missing,0.016053,0.0018720626831054
Pandas,US Census 1990,2.2.0,v0,10,Row/Column,2.361567,0.2412402629852295
Pandas,US Census 1990,2.2.0,v0,10,Aggregation,0.0,0.0005991458892822
Pandas,US Census 1990,2.2.0,v0,10,Row/Column,1.183285,0.0999360084533691
Pandas,US Census 1990,2.2.0,v0,10,Row/Column,8.176798,0.818819522857666
Pandas,US Census 1990,2.2.0,v0,10,Row/Column,22.279728,2.227449893951416
Pandas,US Census 1990,2.2.0,v0,10,Aggregation,1.06677,0.1123723983764648
Pandas,US Census 1990,2.2.0,v0,10,Aggregation,0.015992,0.0016148090362548
Pandas,US Census 1990,2.2.0,v0,10,Aggregation,0.020753,0.0028417110443115
Pandas,US Census 1990,2.2.0,v0,10,Aggregation,0.008911,0.0015397071838378
Pandas,US Census 1990,2.2.0,v0,10,Aggregation,0.004394,0.0015180110931396
Pandas,US Census 1990,2.2.0,v0,10,Row/Column,0.088623,0.011315107345581
Pandas,Drug Review,1.0.0,v1,10,I/O,6.162704,0.7155787944793701
Pandas,Drug Review,1.0.0,v1,10,I/O,75.374624,8.680436849594116
Pandas,Drug Review,1.0.0,v1,10,I/O,10.516209,1.2210092544555664
Pandas,Drug Review,1.0.0,v1,10,I/O,3.122001,0.3497567176818847
Pandas,Drug Review,1.0.0,v1,10,Missing,0.093384,0.013826847076416
Pandas,Drug Review,1.0.0,v1,10,Missing,0.294128,0.0414299964904785
Pandas,Drug Review,1.0.0,v1,10,Missing,0.397521,0.0466666221618652
Pandas,Drug Review,1.0.0,v1,10,Missing,0.180908,0.0233683586120605
Pandas,Drug Review,1.0.0,v1,10,Row/Column,0.046448,0.0051405429840087
Pandas,Drug Review,1.0.0,v1,10,Aggregation,0.0,0.0007858276367187
Pandas,Drug Review,1.0.0,v1,10,Row/Column,0.102539,0.011340856552124
Pandas,Drug Review,1.0.0,v1,10,Row/Column,0.134949,0.0160083770751953
Pandas,Drug Review,1.0.0,v1,10,Row/Column,1.860775,0.2256784439086914
Pandas,Drug Review,1.0.0,v1,10,Aggregation,0.215332,0.0280814170837402
Pandas,Drug Review,1.0.0,v1,10,Aggregation,0.0,0.0005085468292236
Pandas,Drug Review,1.0.0,v1,10,Aggregation,0.019531,0.0068769454956054
Pandas,Drug Review,1.0.0,v1,10,Aggregation,0.002258,0.0003924369812011
Pandas,Drug Review,1.0.0,v1,10,Aggregation,0.00226,0.0004026889801025
Pandas,Drug Review,1.0.0,v1,10,Row/Column,0.01831,0.0029313564300537
Pandas,Drug Review,1.0.0,v1,10,I/O,5.464952,0.6433584690093994
Pandas,Drug Review,1.0.0,v1,10,I/O,74.03637,8.61548113822937
Pandas,Drug Review,1.0.0,v1,10,I/O,10.277927,1.23085355758667
Pandas,Drug Review,1.0.0,v1,10,I/O,3.068596,0.3438034057617187
Pandas,Drug Review,1.0.0,v1,10,Missing,0.093261,0.0138406753540039
Pandas,Drug Review,1.0.0,v1,10,Missing,0.270813,0.0341272354125976
Pandas,Drug Review,1.0.0,v1,10,Missing,0.398193,0.0465879440307617
Pandas,Drug Review,1.0.0,v1,10,Missing,0.175659,0.0233480930328369
Pandas,Drug Review,1.0.0,v1,10,Row/Column,0.042908,0.0047571659088134
Pandas,Drug Review,1.0.0,v1,10,Aggregation,0.0,0.0003962516784667
Pandas,Drug Review,1.0.0,v1,10,Row/Column,0.080077,0.0085880756378173
Pandas,Drug Review,1.0.0,v1,10,Row/Column,0.124633,0.0157043933868408
Pandas,Drug Review,1.0.0,v1,10,Row/Column,1.887141,0.2268879413604736
Pandas,Drug Review,1.0.0,v1,10,Aggregation,0.21759,0.028052806854248
Pandas,Drug Review,1.0.0,v1,10,Aggregation,0.001342,0.0005414485931396
Pandas,Drug Review,1.0.0,v1,10,Aggregation,0.0,0.0005292892456054
Pandas,Drug Review,1.0.0,v1,10,Aggregation,0.0,0.0004744529724121
Pandas,Drug Review,1.0.0,v1,10,Aggregation,0.000611,0.0004303455352783
Pandas,Drug Review,1.0.0,v1,10,Row/Column,0.027099,0.0029804706573486
Pandas,Drug Review,1.0.0,v1,10,I/O,5.484544,0.6386432647705078
Pandas,Drug Review,1.0.0,v1,10,I/O,71.216676,8.491299629211426
Pandas,Drug Review,1.0.0,v1,10,I/O,10.305088,1.224372148513794
Pandas,Drug Review,1.0.0,v1,10,I/O,3.111625,0.3435056209564209
Pandas,Drug Review,1.0.0,v1,10,Missing,0.105957,0.0140535831451416
Pandas,Drug Review,1.0.0,v1,10,Missing,0.284362,0.0346779823303222
Pandas,Drug Review,1.0.0,v1,10,Missing,0.401732,0.0471057891845703
Pandas,Drug Review,1.0.0,v1,10,Missing,0.182983,0.0236446857452392
Pandas,Drug Review,1.0.0,v1,10,Row/Column,0.045898,0.005251407623291
Pandas,Drug Review,1.0.0,v1,10,Aggregation,0.003662,0.0007667541503906
Pandas,Drug Review,1.0.0,v1,10,Row/Column,0.072571,0.0078926086425781
Pandas,Drug Review,1.0.0,v1,10,Row/Column,0.12683,0.0158329010009765
Pandas,Drug Review,1.0.0,v1,10,Row/Column,1.896174,0.2257263660430908
Pandas,Drug Review,1.0.0,v1,10,Aggregation,0.22827,0.0292093753814697
Pandas,Drug Review,1.0.0,v1,10,Aggregation,0.00177,0.000866413116455
Pandas,Drug Review,1.0.0,v1,10,Aggregation,0.0,0.0008323192596435
Pandas,Drug Review,1.0.0,v1,10,Aggregation,0.002747,0.0005109310150146
Pandas,Drug Review,1.0.0,v1,10,Aggregation,0.0,0.0007519721984863
Pandas,Drug Review,1.0.0,v1,10,Row/Column,0.026002,0.0033121109008789
Pandas,Drug Review,1.0.0,v1,10,I/O,5.525194,0.6413123607635498
Pandas,Drug Review,1.0.0,v1,10,I/O,73.643732,8.485153436660767
Pandas,Drug Review,1.0.0,v1,10,I/O,10.430393,1.228452444076538
Pandas,Drug Review,1.0.0,v1,10,I/O,3.13018,0.3478777408599853
Pandas,Drug Review,1.0.0,v1,10,Missing,0.09674,0.0142357349395751
Pandas,Drug Review,1.0.0,v1,10,Missing,0.275329,0.034513235092163
Pandas,Drug Review,1.0.0,v1,10,Missing,0.400329,0.0469512939453125
Pandas,Drug Review,1.0.0,v1,10,Missing,0.179016,0.0234346389770507
Pandas,Drug Review,1.0.0,v1,10,Row/Column,0.043458,0.0049402713775634
Pandas,Drug Review,1.0.0,v1,10,Aggregation,0.0,0.0003957748413085
Pandas,Drug Review,1.0.0,v1,10,Row/Column,0.082031,0.0076351165771484
Pandas,Drug Review,1.0.0,v1,10,Row/Column,0.137268,0.0157957077026367
Pandas,Drug Review,1.0.0,v1,10,Row/Column,1.874629,0.2186176776885986
Pandas,Drug Review,1.0.0,v1,10,Aggregation,0.220214,0.0289444923400878
Pandas,Drug Review,1.0.0,v1,10,Aggregation,0.0,0.00048828125
Pandas,Drug Review,1.0.0,v1,10,Aggregation,0.0,0.0004730224609375
Pandas,Drug Review,1.0.0,v1,10,Aggregation,0.0,0.0003867149353027
Pandas,Drug Review,1.0.0,v1,10,Aggregation,0.001647,0.0003862380981445
Pandas,Drug Review,1.0.0,v1,10,Row/Column,0.017944,0.003000259399414
Pandas,Drug Review,1.0.0,v1,10,I/O,5.530504,0.6511001586914062
Pandas,Drug Review,1.0.0,v1,10,I/O,73.422786,8.61343264579773
Pandas,Drug Review,1.0.0,v1,10,I/O,10.472141,1.223651647567749
Pandas,Drug Review,1.0.0,v1,10,I/O,3.129447,0.3478779792785644
Pandas,Drug Review,1.0.0,v1,10,Missing,0.098999,0.0140187740325927
Pandas,Drug Review,1.0.0,v1,10,Missing,0.285766,0.0346689224243164
Pandas,Drug Review,1.0.0,v1,10,Missing,0.386901,0.0464367866516113
Pandas,Drug Review,1.0.0,v1,10,Missing,0.184875,0.0232758522033691
Pandas,Drug Review,1.0.0,v1,10,Row/Column,0.046325,0.0050127506256103
Pandas,Drug Review,1.0.0,v1,10,Aggregation,0.0,0.0004231929779052
Pandas,Drug Review,1.0.0,v1,10,Row/Column,0.069214,0.0076310634613037
Pandas,Drug Review,1.0.0,v1,10,Row/Column,0.131409,0.0158345699310302
Pandas,Drug Review,1.0.0,v1,10,Row/Column,1.914363,0.2277922630310058
Pandas,Drug Review,1.0.0,v1,10,Aggregation,0.219483,0.0289974212646484
Pandas,Drug Review,1.0.0,v1,10,Aggregation,0.0,0.0005121231079101
Pandas,Drug Review,1.0.0,v1,10,Aggregation,0.0,0.0005109310150146
Pandas,Drug Review,1.0.0,v1,10,Aggregation,0.0,0.0004112720489501
Pandas,Drug Review,1.0.0,v1,10,Aggregation,0.002868,0.0003879070281982
Pandas,Drug Review,1.0.0,v1,10,Row/Column,0.022765,0.0030231475830078
Pandas,Drug Review,1.0.0,v1,10,I/O,5.482957,0.6419265270233154
Pandas,Drug Review,1.0.0,v1,10,I/O,72.899166,8.491674661636353
Pandas,Drug Review,1.0.0,v1,10,I/O,10.225072,1.2203314304351809
Pandas,Drug Review,1.0.0,v1,10,I/O,3.152458,0.3476245403289795
Pandas,Drug Review,1.0.0,v1,10,Missing,0.108458,0.0139627456665039
Pandas,Drug Review,1.0.0,v1,10,Missing,0.286804,0.0346865653991699
Pandas,Drug Review,1.0.0,v1,10,Missing,0.397154,0.046849250793457
Pandas,Drug Review,1.0.0,v1,10,Missing,0.194153,0.0233500003814697
Pandas,Drug Review,1.0.0,v1,10,Row/Column,0.04486,0.0052142143249511
Pandas,Drug Review,1.0.0,v1,10,Aggregation,0.004639,0.0007774829864501
Pandas,Drug Review,1.0.0,v1,10,Row/Column,0.080505,0.0080010890960693
Pandas,Drug Review,1.0.0,v1,10,Row/Column,0.135986,0.0158967971801757
Pandas,Drug Review,1.0.0,v1,10,Row/Column,1.905452,0.2279095649719238
Pandas,Drug Review,1.0.0,v1,10,Aggregation,0.227844,0.0290062427520751
Pandas,Drug Review,1.0.0,v1,10,Aggregation,0.001403,0.0004897117614746
Pandas,Drug Review,1.0.0,v1,10,Aggregation,0.002868,0.0004670619964599
Pandas,Drug Review,1.0.0,v1,10,Aggregation,0.0,0.000382661819458
Pandas,Drug Review,1.0.0,v1,10,Aggregation,0.0,0.0003807544708251
Pandas,Drug Review,1.0.0,v1,10,Row/Column,0.025696,0.0029945373535156
Pandas,Drug Review,1.0.0,v1,10,I/O,5.504807,0.639904260635376
Pandas,Drug Review,1.0.0,v1,10,I/O,75.013663,8.674155235290527
Pandas,Drug Review,1.0.0,v1,10,I/O,10.54819,1.2285363674163818
Pandas,Drug Review,1.0.0,v1,10,I/O,3.191764,0.3537061214447021
Pandas,Drug Review,1.0.0,v1,10,Missing,0.102294,0.0138461589813232
Pandas,Drug Review,1.0.0,v1,10,Missing,0.280394,0.0346460342407226
Pandas,Drug Review,1.0.0,v1,10,Missing,0.408324,0.0471806526184082
Pandas,Drug Review,1.0.0,v1,10,Missing,0.181641,0.0235531330108642
Pandas,Drug Review,1.0.0,v1,10,Row/Column,0.045899,0.005204439163208
Pandas,Drug Review,1.0.0,v1,10,Aggregation,0.005188,0.0007770061492919
Pandas,Drug Review,1.0.0,v1,10,Row/Column,0.081908,0.0075407028198242
Pandas,Drug Review,1.0.0,v1,10,Row/Column,0.126586,0.0150213241577148
Pandas,Drug Review,1.0.0,v1,10,Row/Column,1.897518,0.228147268295288
Pandas,Drug Review,1.0.0,v1,10,Aggregation,0.231139,0.0291454792022705
Pandas,Drug Review,1.0.0,v1,10,Aggregation,0.002014,0.000859260559082
Pandas,Drug Review,1.0.0,v1,10,Aggregation,0.0,0.0008599758148193
Pandas,Drug Review,1.0.0,v1,10,Aggregation,0.005615,0.0007615089416503
Pandas,Drug Review,1.0.0,v1,10,Aggregation,0.001465,0.0005214214324951
Pandas,Drug Review,1.0.0,v1,10,Row/Column,0.027649,0.003352403640747
Pandas,Drug Review,1.0.0,v1,10,I/O,5.508958,0.6436145305633545
Pandas,Drug Review,1.0.0,v1,10,I/O,74.12841,8.673106670379639
Pandas,Drug Review,1.0.0,v1,10,I/O,10.337743,1.2277824878692627
Pandas,Drug Review,1.0.0,v1,10,I/O,3.08245,0.346231460571289
Pandas,Drug Review,1.0.0,v1,10,Missing,0.104004,0.013885498046875
Pandas,Drug Review,1.0.0,v1,10,Missing,0.277954,0.0340352058410644
Pandas,Drug Review,1.0.0,v1,10,Missing,0.405028,0.046060562133789
Pandas,Drug Review,1.0.0,v1,10,Missing,0.195435,0.0233018398284912
Pandas,Drug Review,1.0.0,v1,10,Row/Column,0.038452,0.0047800540924072
Pandas,Drug Review,1.0.0,v1,10,Aggregation,0.001037,0.0004603862762451
Pandas,Drug Review,1.0.0,v1,10,Row/Column,0.080689,0.0074930191040039
Pandas,Drug Review,1.0.0,v1,10,Row/Column,0.128967,0.0148091316223144
Pandas,Drug Review,1.0.0,v1,10,Row/Column,1.880611,0.2161488533020019
Pandas,Drug Review,1.0.0,v1,10,Aggregation,0.226807,0.0284347534179687
Pandas,Drug Review,1.0.0,v1,10,Aggregation,0.00354,0.0005455017089843
Pandas,Drug Review,1.0.0,v1,10,Aggregation,0.001403,0.000554084777832
Pandas,Drug Review,1.0.0,v1,10,Aggregation,0.000489,0.0004382133483886
Pandas,Drug Review,1.0.0,v1,10,Aggregation,0.003296,0.0004382133483886
Pandas,Drug Review,1.0.0,v1,10,Row/Column,0.018982,0.0030140876770019
Pandas,Drug Review,1.0.0,v1,10,I/O,5.551378,0.640587568283081
Pandas,Drug Review,1.0.0,v1,10,I/O,74.935294,8.66670036315918
Pandas,Drug Review,1.0.0,v1,10,I/O,10.676121,1.2514114379882812
Pandas,Drug Review,1.0.0,v1,10,I/O,3.14312,0.3426566123962402
Pandas,Drug Review,1.0.0,v1,10,Missing,0.101074,0.0142405033111572
Pandas,Drug Review,1.0.0,v1,10,Missing,0.294555,0.0350255966186523
Pandas,Drug Review,1.0.0,v1,10,Missing,0.400145,0.0461766719818115
Pandas,Drug Review,1.0.0,v1,10,Missing,0.187499,0.023874282836914
Pandas,Drug Review,1.0.0,v1,10,Row/Column,0.044495,0.0048604011535644
Pandas,Drug Review,1.0.0,v1,10,Aggregation,0.001343,0.0004680156707763
Pandas,Drug Review,1.0.0,v1,10,Row/Column,0.072264,0.0073993206024169
Pandas,Drug Review,1.0.0,v1,10,Row/Column,0.122131,0.0146760940551757
Pandas,Drug Review,1.0.0,v1,10,Row/Column,1.844967,0.2163636684417724
Pandas,Drug Review,1.0.0,v1,10,Aggregation,0.228148,0.0293939113616943
Pandas,Drug Review,1.0.0,v1,10,Aggregation,0.002014,0.0004880428314208
Pandas,Drug Review,1.0.0,v1,10,Aggregation,0.001891,0.0004682540893554
Pandas,Drug Review,1.0.0,v1,10,Aggregation,0.000977,0.000385046005249
Pandas,Drug Review,1.0.0,v1,10,Aggregation,0.0,0.0004265308380126
Pandas,Drug Review,1.0.0,v1,10,Row/Column,0.026306,0.0031604766845703
Pandas,Drug Review,1.0.0,v1,10,I/O,5.467393,0.6412343978881836
Pandas,Drug Review,1.0.0,v1,10,I/O,75.214468,8.788698434829712
Pandas,Drug Review,1.0.0,v1,10,I/O,10.282689,1.2237591743469238
Pandas,Drug Review,1.0.0,v1,10,I/O,3.109123,0.3419253826141357
Pandas,Drug Review,1.0.0,v1,10,Missing,0.098754,0.0141386985778808
Pandas,Drug Review,1.0.0,v1,10,Missing,0.285339,0.0341677665710449
Pandas,Drug Review,1.0.0,v1,10,Missing,0.407835,0.0463299751281738
Pandas,Drug Review,1.0.0,v1,10,Missing,0.189086,0.0234489440917968
Pandas,Drug Review,1.0.0,v1,10,Row/Column,0.038025,0.0047910213470458
Pandas,Drug Review,1.0.0,v1,10,Aggregation,0.0,0.0004410743713378
Pandas,Drug Review,1.0.0,v1,10,Row/Column,0.071899,0.0074436664581298
Pandas,Drug Review,1.0.0,v1,10,Row/Column,0.12213,0.0146305561065673
Pandas,Drug Review,1.0.0,v1,10,Row/Column,1.86944,0.2162482738494873
Pandas,Drug Review,1.0.0,v1,10,Aggregation,0.227598,0.0288646221160888
Pandas,Drug Review,1.0.0,v1,10,Aggregation,0.00177,0.0008642673492431
Pandas,Drug Review,1.0.0,v1,10,Aggregation,0.004273,0.0008435249328613
Pandas,Drug Review,1.0.0,v1,10,Aggregation,0.0,0.0007565021514892
Pandas,Drug Review,1.0.0,v1,10,Aggregation,0.004456,0.0007495880126953
Pandas,Drug Review,1.0.0,v1,10,Row/Column,0.025147,0.003368854522705
Pandas,Drug Review,2.0.0,v2,10,I/O,6.225327,0.71708083152771
Pandas,Drug Review,2.0.0,v2,10,I/O,77.829758,8.83133053779602
Pandas,Drug Review,2.0.0,v2,10,I/O,10.742709,1.2281525135040283
Pandas,Drug Review,2.0.0,v2,10,I/O,3.273918,0.3608567714691162
Pandas,Drug Review,2.0.0,v2,10,Missing,0.103822,0.0139193534851074
Pandas,Drug Review,2.0.0,v2,10,Missing,0.303344,0.041229248046875
Pandas,Drug Review,2.0.0,v2,10,Missing,0.405822,0.046708345413208
Pandas,Drug Review,2.0.0,v2,10,Missing,0.189452,0.0232367515563964
Pandas,Drug Review,2.0.0,v2,10,Row/Column,0.047974,0.0051393508911132
Pandas,Drug Review,2.0.0,v2,10,Aggregation,0.003175,0.0007886886596679
Pandas,Drug Review,2.0.0,v2,10,Row/Column,0.104675,0.0115039348602294
Pandas,Drug Review,2.0.0,v2,10,Row/Column,0.134826,0.0158650875091552
Pandas,Drug Review,2.0.0,v2,10,Row/Column,1.949031,0.2297334671020507
Pandas,Drug Review,2.0.0,v2,10,Aggregation,0.219666,0.0276272296905517
Pandas,Drug Review,2.0.0,v2,10,Aggregation,0.006043,0.0004911422729492
Pandas,Drug Review,2.0.0,v2,10,Aggregation,0.023132,0.0068681240081787
Pandas,Drug Review,2.0.0,v2,10,Aggregation,0.0,0.000385046005249
Pandas,Drug Review,2.0.0,v2,10,Aggregation,0.0,0.0003845691680908
Pandas,Drug Review,2.0.0,v2,10,Row/Column,0.02478,0.0029501914978027
Pandas,Drug Review,2.0.0,v2,10,I/O,5.685289,0.6422123908996582
Pandas,Drug Review,2.0.0,v2,10,I/O,77.265426,8.757620811462402
Pandas,Drug Review,2.0.0,v2,10,I/O,10.736728,1.22418212890625
Pandas,Drug Review,2.0.0,v2,10,I/O,3.192374,0.3535521030426025
Pandas,Drug Review,2.0.0,v2,10,Missing,0.095642,0.0138635635375976
Pandas,Drug Review,2.0.0,v2,10,Missing,0.28479,0.0340640544891357
Pandas,Drug Review,2.0.0,v2,10,Missing,0.397216,0.0463392734527587
Pandas,Drug Review,2.0.0,v2,10,Missing,0.183897,0.0231604576110839
Pandas,Drug Review,2.0.0,v2,10,Row/Column,0.044556,0.0051805973052978
Pandas,Drug Review,2.0.0,v2,10,Aggregation,0.0,0.0007777214050292
Pandas,Drug Review,2.0.0,v2,10,Row/Column,0.082335,0.0084137916564941
Pandas,Drug Review,2.0.0,v2,10,Row/Column,0.138305,0.0161471366882324
Pandas,Drug Review,2.0.0,v2,10,Row/Column,1.941768,0.2288985252380371
Pandas,Drug Review,2.0.0,v2,10,Aggregation,0.227416,0.0289151668548584
Pandas,Drug Review,2.0.0,v2,10,Aggregation,0.00586,0.0008392333984375
Pandas,Drug Review,2.0.0,v2,10,Aggregation,0.003785,0.000823974609375
Pandas,Drug Review,2.0.0,v2,10,Aggregation,0.001465,0.0007526874542236
Pandas,Drug Review,2.0.0,v2,10,Aggregation,0.00763,0.0007386207580566
Pandas,Drug Review,2.0.0,v2,10,Row/Column,0.026123,0.0033490657806396
Pandas,Drug Review,2.0.0,v2,10,I/O,5.594347,0.6479425430297852
Pandas,Drug Review,2.0.0,v2,10,I/O,76.918993,8.749744415283203
Pandas,Drug Review,2.0.0,v2,10,I/O,10.676547,1.2303874492645264
Pandas,Drug Review,2.0.0,v2,10,I/O,3.184379,0.3498461246490478
Pandas,Drug Review,2.0.0,v2,10,Missing,0.097533,0.0136647224426269
Pandas,Drug Review,2.0.0,v2,10,Missing,0.288574,0.0349235534667968
Pandas,Drug Review,2.0.0,v2,10,Missing,0.409668,0.0474669933319091
Pandas,Drug Review,2.0.0,v2,10,Missing,0.18811,0.0242023468017578
Pandas,Drug Review,2.0.0,v2,10,Row/Column,0.037536,0.004683494567871
Pandas,Drug Review,2.0.0,v2,10,Aggregation,0.0,0.000432014465332
Pandas,Drug Review,2.0.0,v2,10,Row/Column,0.078308,0.0074377059936523
Pandas,Drug Review,2.0.0,v2,10,Row/Column,0.12976,0.0153806209564208
Pandas,Drug Review,2.0.0,v2,10,Row/Column,1.889889,0.214343786239624
Pandas,Drug Review,2.0.0,v2,10,Aggregation,0.236815,0.0290772914886474
Pandas,Drug Review,2.0.0,v2,10,Aggregation,0.00177,0.0008776187896728
Pandas,Drug Review,2.0.0,v2,10,Aggregation,0.007752,0.000849962234497
Pandas,Drug Review,2.0.0,v2,10,Aggregation,0.0,0.0007755756378173
Pandas,Drug Review,2.0.0,v2,10,Aggregation,0.0,0.000756025314331
Pandas,Drug Review,2.0.0,v2,10,Row/Column,0.026244,0.0033998489379882
Pandas,Drug Review,2.0.0,v2,10,I/O,5.553697,0.637540340423584
Pandas,Drug Review,2.0.0,v2,10,I/O,75.348439,8.532941579818726
Pandas,Drug Review,2.0.0,v2,10,I/O,10.854526,1.2255966663360596
Pandas,Drug Review,2.0.0,v2,10,I/O,3.271964,0.3479640483856201
Pandas,Drug Review,2.0.0,v2,10,Missing,0.102844,0.0146219730377197
Pandas,Drug Review,2.0.0,v2,10,Missing,0.289855,0.0352916717529296
Pandas,Drug Review,2.0.0,v2,10,Missing,0.411925,0.0479516983032226
Pandas,Drug Review,2.0.0,v2,10,Missing,0.194947,0.0240683555603027
Pandas,Drug Review,2.0.0,v2,10,Row/Column,0.0448,0.0049338340759277
Pandas,Drug Review,2.0.0,v2,10,Aggregation,0.003112,0.0004208087921142
Pandas,Drug Review,2.0.0,v2,10,Row/Column,0.080994,0.0076000690460205
Pandas,Drug Review,2.0.0,v2,10,Row/Column,0.128845,0.0152134895324707
Pandas,Drug Review,2.0.0,v2,10,Row/Column,1.96197,0.2276279926300048
Pandas,Drug Review,2.0.0,v2,10,Aggregation,0.234434,0.0287160873413085
Pandas,Drug Review,2.0.0,v2,10,Aggregation,0.00177,0.0008480548858642
Pandas,Drug Review,2.0.0,v2,10,Aggregation,0.007935,0.0008106231689453
Pandas,Drug Review,2.0.0,v2,10,Aggregation,0.0,0.0007531642913818
Pandas,Drug Review,2.0.0,v2,10,Aggregation,0.0,0.00050950050354
Pandas,Drug Review,2.0.0,v2,10,Row/Column,0.026428,0.0033347606658935
Pandas,Drug Review,2.0.0,v2,10,I/O,5.518602,0.6400015354156494
Pandas,Drug Review,2.0.0,v2,10,I/O,76.407397,8.647072792053223
Pandas,Drug Review,2.0.0,v2,10,I/O,10.723239,1.2284364700317385
Pandas,Drug Review,2.0.0,v2,10,I/O,3.242667,0.3459353446960449
Pandas,Drug Review,2.0.0,v2,10,Missing,0.110169,0.014092206954956
Pandas,Drug Review,2.0.0,v2,10,Missing,0.294066,0.034898042678833
Pandas,Drug Review,2.0.0,v2,10,Missing,0.411804,0.0469818115234375
Pandas,Drug Review,2.0.0,v2,10,Missing,0.188231,0.0236093997955322
Pandas,Drug Review,2.0.0,v2,10,Row/Column,0.040954,0.0048975944519042
Pandas,Drug Review,2.0.0,v2,10,Aggregation,0.0,0.0003979206085205
Pandas,Drug Review,2.0.0,v2,10,Row/Column,0.07727,0.007516860961914
Pandas,Drug Review,2.0.0,v2,10,Row/Column,0.132324,0.0150742530822753
Pandas,Drug Review,2.0.0,v2,10,Row/Column,1.907282,0.2184023857116699
Pandas,Drug Review,2.0.0,v2,10,Aggregation,0.227173,0.0285325050354003
Pandas,Drug Review,2.0.0,v2,10,Aggregation,0.005249,0.0005440711975097
Pandas,Drug Review,2.0.0,v2,10,Aggregation,0.0,0.0005428791046142
Pandas,Drug Review,2.0.0,v2,10,Aggregation,0.0,0.0004544258117675
Pandas,Drug Review,2.0.0,v2,10,Aggregation,0.0,0.0004513263702392
Pandas,Drug Review,2.0.0,v2,10,Row/Column,0.026246,0.0030658245086669
Pandas,Drug Review,2.0.0,v2,10,I/O,5.611131,0.6402921676635742
Pandas,Drug Review,2.0.0,v2,10,I/O,75.80431,8.671417236328125
Pandas,Drug Review,2.0.0,v2,10,I/O,10.72324,1.223243236541748
Pandas,Drug Review,2.0.0,v2,10,I/O,3.198296,0.3473820686340332
Pandas,Drug Review,2.0.0,v2,10,Missing,0.101135,0.0145449638366699
Pandas,Drug Review,2.0.0,v2,10,Missing,0.286925,0.0351433753967285
Pandas,Drug Review,2.0.0,v2,10,Missing,0.408629,0.0472197532653808
Pandas,Drug Review,2.0.0,v2,10,Missing,0.193481,0.0241382122039794
Pandas,Drug Review,2.0.0,v2,10,Row/Column,0.043213,0.0052275657653808
Pandas,Drug Review,2.0.0,v2,10,Aggregation,0.004883,0.0007529258728027
Pandas,Drug Review,2.0.0,v2,10,Row/Column,0.077088,0.0079991817474365
Pandas,Drug Review,2.0.0,v2,10,Row/Column,0.135132,0.0156750679016113
Pandas,Drug Review,2.0.0,v2,10,Row/Column,1.924189,0.2197749614715576
Pandas,Drug Review,2.0.0,v2,10,Aggregation,0.233825,0.0294392108917236
Pandas,Drug Review,2.0.0,v2,10,Aggregation,0.001526,0.0008833408355712
Pandas,Drug Review,2.0.0,v2,10,Aggregation,0.004945,0.0007760524749755
Pandas,Drug Review,2.0.0,v2,10,Aggregation,0.0,0.000779390335083
Pandas,Drug Review,2.0.0,v2,10,Aggregation,0.004822,0.0006818771362304
Pandas,Drug Review,2.0.0,v2,10,Row/Column,0.025939,0.0033996105194091
Pandas,Drug Review,2.0.0,v2,10,I/O,5.71898,0.6426503658294678
Pandas,Drug Review,2.0.0,v2,10,I/O,75.609365,8.556928396224976
Pandas,Drug Review,2.0.0,v2,10,I/O,10.664524,1.2248632907867432
Pandas,Drug Review,2.0.0,v2,10,I/O,3.193961,0.3429739475250244
Pandas,Drug Review,2.0.0,v2,10,Missing,0.109986,0.0146729946136474
Pandas,Drug Review,2.0.0,v2,10,Missing,0.287963,0.0356519222259521
Pandas,Drug Review,2.0.0,v2,10,Missing,0.412596,0.0481739044189453
Pandas,Drug Review,2.0.0,v2,10,Missing,0.194091,0.0241177082061767
Pandas,Drug Review,2.0.0,v2,10,Row/Column,0.045105,0.0052051544189453
Pandas,Drug Review,2.0.0,v2,10,Aggregation,0.0,0.0007891654968261
Pandas,Drug Review,2.0.0,v2,10,Row/Column,0.082032,0.0077936649322509
Pandas,Drug Review,2.0.0,v2,10,Row/Column,0.1333,0.0151517391204833
Pandas,Drug Review,2.0.0,v2,10,Row/Column,1.969477,0.227231740951538
Pandas,Drug Review,2.0.0,v2,10,Aggregation,0.229797,0.0288615226745605
Pandas,Drug Review,2.0.0,v2,10,Aggregation,0.002197,0.0008749961853027
Pandas,Drug Review,2.0.0,v2,10,Aggregation,0.007751,0.0008316040039062
Pandas,Drug Review,2.0.0,v2,10,Aggregation,0.007812,0.0007390975952148
Pandas,Drug Review,2.0.0,v2,10,Aggregation,0.0,0.000777244567871
Pandas,Drug Review,2.0.0,v2,10,Row/Column,0.026244,0.0033826828002929
Pandas,Drug Review,2.0.0,v2,10,I/O,5.65471,0.6450552940368652
Pandas,Drug Review,2.0.0,v2,10,I/O,77.353745,8.836621522903442
Pandas,Drug Review,2.0.0,v2,10,I/O,10.643649,1.2283718585968018
Pandas,Drug Review,2.0.0,v2,10,I/O,3.256522,0.352675199508667
Pandas,Drug Review,2.0.0,v2,10,Missing,0.103759,0.0141797065734863
Pandas,Drug Review,2.0.0,v2,10,Missing,0.283508,0.0348155498504638
Pandas,Drug Review,2.0.0,v2,10,Missing,0.41461,0.0472357273101806
Pandas,Drug Review,2.0.0,v2,10,Missing,0.184021,0.0235171318054199
Pandas,Drug Review,2.0.0,v2,10,Row/Column,0.047913,0.0053493976593017
Pandas,Drug Review,2.0.0,v2,10,Aggregation,0.0,0.0007758140563964
Pandas,Drug Review,2.0.0,v2,10,Row/Column,0.081237,0.0081491470336914
Pandas,Drug Review,2.0.0,v2,10,Row/Column,0.133605,0.0159804821014404
Pandas,Drug Review,2.0.0,v2,10,Row/Column,1.972591,0.2277610301971435
Pandas,Drug Review,2.0.0,v2,10,Aggregation,0.231139,0.0291187763214111
Pandas,Drug Review,2.0.0,v2,10,Aggregation,0.00122,0.0005173683166503
Pandas,Drug Review,2.0.0,v2,10,Aggregation,0.0,0.0004897117614746
Pandas,Drug Review,2.0.0,v2,10,Aggregation,0.0,0.0003871917724609
Pandas,Drug Review,2.0.0,v2,10,Aggregation,0.006775,0.0003852844238281
Pandas,Drug Review,2.0.0,v2,10,Row/Column,0.026001,0.0030322074890136
Pandas,Drug Review,2.0.0,v2,10,I/O,5.593552,0.6435272693634033
Pandas,Drug Review,2.0.0,v2,10,I/O,76.324939,8.810566902160645
Pandas,Drug Review,2.0.0,v2,10,I/O,10.554721,1.2260804176330566
Pandas,Drug Review,2.0.0,v2,10,I/O,3.228447,0.3472564220428467
Pandas,Drug Review,2.0.0,v2,10,Missing,0.101135,0.0144557952880859
Pandas,Drug Review,2.0.0,v2,10,Missing,0.286681,0.0351033210754394
Pandas,Drug Review,2.0.0,v2,10,Missing,0.404601,0.0474233627319335
Pandas,Drug Review,2.0.0,v2,10,Missing,0.183593,0.0238842964172363
Pandas,Drug Review,2.0.0,v2,10,Row/Column,0.049133,0.0053098201751708
Pandas,Drug Review,2.0.0,v2,10,Aggregation,0.004577,0.000779390335083
Pandas,Drug Review,2.0.0,v2,10,Row/Column,0.079345,0.0080666542053222
Pandas,Drug Review,2.0.0,v2,10,Row/Column,0.133544,0.0158872604370117
Pandas,Drug Review,2.0.0,v2,10,Row/Column,1.913996,0.2218036651611328
Pandas,Drug Review,2.0.0,v2,10,Aggregation,0.230224,0.0295929908752441
Pandas,Drug Review,2.0.0,v2,10,Aggregation,0.001466,0.0008621215820312
Pandas,Drug Review,2.0.0,v2,10,Aggregation,0.0,0.0006859302520751
Pandas,Drug Review,2.0.0,v2,10,Aggregation,0.001282,0.0007534027099609
Pandas,Drug Review,2.0.0,v2,10,Aggregation,0.002929,0.0007445812225341
Pandas,Drug Review,2.0.0,v2,10,Row/Column,0.02301,0.0033740997314453
Pandas,Drug Review,2.0.0,v2,10,I/O,5.550889,0.6403498649597168
Pandas,Drug Review,2.0.0,v2,10,I/O,77.304856,8.79631757736206
Pandas,Drug Review,2.0.0,v2,10,I/O,10.703709,1.2267203330993652
Pandas,Drug Review,2.0.0,v2,10,I/O,3.240776,0.3497202396392822
Pandas,Drug Review,2.0.0,v2,10,Missing,0.101318,0.0145928859710693
Pandas,Drug Review,2.0.0,v2,10,Missing,0.288572,0.0355043411254882
Pandas,Drug Review,2.0.0,v2,10,Missing,0.415588,0.0479483604431152
Pandas,Drug Review,2.0.0,v2,10,Missing,0.189697,0.0243942737579345
Pandas,Drug Review,2.0.0,v2,10,Row/Column,0.043335,0.0053408145904541
Pandas,Drug Review,2.0.0,v2,10,Aggregation,0.001159,0.00077486038208
Pandas,Drug Review,2.0.0,v2,10,Row/Column,0.079041,0.0079936981201171
Pandas,Drug Review,2.0.0,v2,10,Row/Column,0.127197,0.0152297019958496
Pandas,Drug Review,2.0.0,v2,10,Row/Column,1.988765,0.2309639453887939
Pandas,Drug Review,2.0.0,v2,10,Aggregation,0.226319,0.0291705131530761
Pandas,Drug Review,2.0.0,v2,10,Aggregation,0.0,0.0004935264587402
Pandas,Drug Review,2.0.0,v2,10,Aggregation,0.001708,0.0004684925079345
Pandas,Drug Review,2.0.0,v2,10,Aggregation,0.0,0.0003855228424072
Pandas,Drug Review,2.0.0,v2,10,Aggregation,0.000794,0.0003843307495117
Pandas,Drug Review,2.0.0,v2,10,Row/Column,0.02649,0.0030031204223632
Pandas,Drug Review,2.2.0,v0,10,I/O,5.902572,0.7137274742126465
Pandas,Drug Review,2.2.0,v0,10,I/O,75.514212,8.725724697113037
Pandas,Drug Review,2.2.0,v0,10,I/O,10.369541,1.2214741706848145
Pandas,Drug Review,2.2.0,v0,10,I/O,3.449454,0.3473491668701172
Pandas,Drug Review,2.2.0,v0,10,Missing,0.103089,0.0141441822052001
Pandas,Drug Review,2.2.0,v0,10,Missing,0.289733,0.0366127490997314
Pandas,Drug Review,2.2.0,v0,10,Missing,0.410705,0.0493743419647216
Pandas,Drug Review,2.2.0,v0,10,Missing,0.177429,0.0235698223114013
Pandas,Drug Review,2.2.0,v0,10,Row/Column,0.036743,0.0048460960388183
Pandas,Drug Review,2.2.0,v0,10,Aggregation,0.0,0.0004036426544189
Pandas,Drug Review,2.2.0,v0,10,Row/Column,0.080445,0.0080842971801757
Pandas,Drug Review,2.2.0,v0,10,Row/Column,0.135436,0.0158872604370117
Pandas,Drug Review,2.2.0,v0,10,Row/Column,2.266718,0.2265834808349609
Pandas,Drug Review,2.2.0,v0,10,Aggregation,0.223511,0.0301594734191894
Pandas,Drug Review,2.2.0,v0,10,Aggregation,0.0,0.0005104541778564
Pandas,Drug Review,2.2.0,v0,10,Aggregation,0.0,0.0004942417144775
Pandas,Drug Review,2.2.0,v0,10,Aggregation,0.0,0.0004026889801025
Pandas,Drug Review,2.2.0,v0,10,Aggregation,0.001465,0.0003812313079833
Pandas,Drug Review,2.2.0,v0,10,Row/Column,0.016174,0.0029313564300537
Pandas,Drug Review,2.2.0,v0,10,I/O,5.112903,0.6052372455596924
Pandas,Drug Review,2.2.0,v0,10,I/O,75.85149,8.769451379776001
Pandas,Drug Review,2.2.0,v0,10,I/O,10.784456,1.2362921237945557
Pandas,Drug Review,2.2.0,v0,10,I/O,3.097526,0.3504331111907959
Pandas,Drug Review,2.2.0,v0,10,Missing,0.089721,0.013871431350708
Pandas,Drug Review,2.2.0,v0,10,Missing,0.285888,0.0359668731689453
Pandas,Drug Review,2.2.0,v0,10,Missing,0.402587,0.0486438274383544
Pandas,Drug Review,2.2.0,v0,10,Missing,0.39447,0.0269176959991455
Pandas,Drug Review,2.2.0,v0,10,Row/Column,0.035278,0.004852294921875
Pandas,Drug Review,2.2.0,v0,10,Aggregation,0.0,0.0004088878631591
Pandas,Drug Review,2.2.0,v0,10,Row/Column,0.075135,0.0081584453582763
Pandas,Drug Review,2.2.0,v0,10,Row/Column,0.13208,0.0154664516448974
Pandas,Drug Review,2.2.0,v0,10,Row/Column,1.904658,0.2286117076873779
Pandas,Drug Review,2.2.0,v0,10,Aggregation,0.230896,0.0299310684204101
Pandas,Drug Review,2.2.0,v0,10,Aggregation,0.002075,0.0004858970642089
Pandas,Drug Review,2.2.0,v0,10,Aggregation,0.0,0.0004689693450927
Pandas,Drug Review,2.2.0,v0,10,Aggregation,0.0,0.000385046005249
Pandas,Drug Review,2.2.0,v0,10,Aggregation,0.0,0.0003888607025146
Pandas,Drug Review,2.2.0,v0,10,Row/Column,0.026611,0.0029458999633789
Pandas,Drug Review,2.2.0,v0,10,I/O,5.037157,0.6056861877441406
Pandas,Drug Review,2.2.0,v0,10,I/O,73.979241,8.728391647338867
Pandas,Drug Review,2.2.0,v0,10,I/O,10.770908,1.2245194911956787
Pandas,Drug Review,2.2.0,v0,10,I/O,3.096122,0.3482229709625244
Pandas,Drug Review,2.2.0,v0,10,Missing,0.091918,0.0139179229736328
Pandas,Drug Review,2.2.0,v0,10,Missing,0.288024,0.0356838703155517
Pandas,Drug Review,2.2.0,v0,10,Missing,0.480101,0.0489892959594726
Pandas,Drug Review,2.2.0,v0,10,Missing,0.178162,0.0231757164001464
Pandas,Drug Review,2.2.0,v0,10,Row/Column,0.043152,0.0049865245819091
Pandas,Drug Review,2.2.0,v0,10,Aggregation,0.000732,0.0003957748413085
Pandas,Drug Review,2.2.0,v0,10,Row/Column,0.077574,0.008315086364746
Pandas,Drug Review,2.2.0,v0,10,Row/Column,0.124756,0.0159714221954345
Pandas,Drug Review,2.2.0,v0,10,Row/Column,1.883357,0.2284679412841797
Pandas,Drug Review,2.2.0,v0,10,Aggregation,0.235228,0.0300793647766113
Pandas,Drug Review,2.2.0,v0,10,Aggregation,0.0,0.0004925727844238
Pandas,Drug Review,2.2.0,v0,10,Aggregation,0.0,0.0004603862762451
Pandas,Drug Review,2.2.0,v0,10,Aggregation,0.0,0.0003831386566162
Pandas,Drug Review,2.2.0,v0,10,Aggregation,0.0,0.0003817081451416
Pandas,Drug Review,2.2.0,v0,10,Row/Column,0.026977,0.0029456615447998
Pandas,Drug Review,2.2.0,v0,10,I/O,5.467454,0.6110610961914062
Pandas,Drug Review,2.2.0,v0,10,I/O,76.165089,8.858910083770752
Pandas,Drug Review,2.2.0,v0,10,I/O,10.455173,1.2291359901428225
Pandas,Drug Review,2.2.0,v0,10,I/O,3.134147,0.3508429527282715
Pandas,Drug Review,2.2.0,v0,10,Missing,0.090758,0.0139501094818115
Pandas,Drug Review,2.2.0,v0,10,Missing,0.288817,0.0365545749664306
Pandas,Drug Review,2.2.0,v0,10,Missing,0.408752,0.0493454933166503
Pandas,Drug Review,2.2.0,v0,10,Missing,0.182373,0.0233500003814697
Pandas,Drug Review,2.2.0,v0,10,Row/Column,0.044067,0.0049653053283691
Pandas,Drug Review,2.2.0,v0,10,Aggregation,0.00183,0.0004093647003173
Pandas,Drug Review,2.2.0,v0,10,Row/Column,0.074951,0.0080411434173583
Pandas,Drug Review,2.2.0,v0,10,Row/Column,0.125733,0.0152986049652099
Pandas,Drug Review,2.2.0,v0,10,Row/Column,1.854182,0.2282946109771728
Pandas,Drug Review,2.2.0,v0,10,Aggregation,0.225342,0.0306198596954345
Pandas,Drug Review,2.2.0,v0,10,Aggregation,0.00171,0.0004873275756835
Pandas,Drug Review,2.2.0,v0,10,Aggregation,0.0,0.0004644393920898
Pandas,Drug Review,2.2.0,v0,10,Aggregation,0.0,0.0003798007965087
Pandas,Drug Review,2.2.0,v0,10,Aggregation,0.0,0.0003859996795654
Pandas,Drug Review,2.2.0,v0,10,Row/Column,0.017517,0.0029525756835937
Pandas,Drug Review,2.2.0,v0,10,I/O,5.064623,0.6102750301361084
Pandas,Drug Review,2.2.0,v0,10,I/O,74.537102,8.810301065444946
Pandas,Drug Review,2.2.0,v0,10,I/O,10.591403,1.224700927734375
Pandas,Drug Review,2.2.0,v0,10,I/O,3.055535,0.3489706516265869
Pandas,Drug Review,2.2.0,v0,10,Missing,0.100647,0.0140259265899658
Pandas,Drug Review,2.2.0,v0,10,Missing,0.293395,0.03666353225708
Pandas,Drug Review,2.2.0,v0,10,Missing,0.416014,0.050687551498413
Pandas,Drug Review,2.2.0,v0,10,Missing,0.178589,0.0236387252807617
Pandas,Drug Review,2.2.0,v0,10,Row/Column,0.044129,0.0050249099731445
Pandas,Drug Review,2.2.0,v0,10,Aggregation,0.0,0.0004127025604248
Pandas,Drug Review,2.2.0,v0,10,Row/Column,0.079162,0.008134126663208
Pandas,Drug Review,2.2.0,v0,10,Row/Column,0.124511,0.0158970355987548
Pandas,Drug Review,2.2.0,v0,10,Row/Column,1.819454,0.2181277275085449
Pandas,Drug Review,2.2.0,v0,10,Aggregation,0.23822,0.0301551818847656
Pandas,Drug Review,2.2.0,v0,10,Aggregation,0.0,0.0005073547363281
Pandas,Drug Review,2.2.0,v0,10,Aggregation,0.0,0.0004911422729492
Pandas,Drug Review,2.2.0,v0,10,Aggregation,0.0,0.0003943443298339
Pandas,Drug Review,2.2.0,v0,10,Aggregation,0.0,0.0003979206085205
Pandas,Drug Review,2.2.0,v0,10,Row/Column,0.026001,0.0029788017272949
Pandas,Drug Review,2.2.0,v0,10,I/O,5.43712,0.6091969013214111
Pandas,Drug Review,2.2.0,v0,10,I/O,72.535398,8.619844436645508
Pandas,Drug Review,2.2.0,v0,10,I/O,10.115515,1.2299079895019531
Pandas,Drug Review,2.2.0,v0,10,I/O,3.371086,0.3469216823577881
Pandas,Drug Review,2.2.0,v0,10,Missing,0.094788,0.0142745971679687
Pandas,Drug Review,2.2.0,v0,10,Missing,0.288452,0.0367789268493652
Pandas,Drug Review,2.2.0,v0,10,Missing,0.401854,0.0497045516967773
Pandas,Drug Review,2.2.0,v0,10,Missing,0.182312,0.0236563682556152
Pandas,Drug Review,2.2.0,v0,10,Row/Column,0.049439,0.0053715705871582
Pandas,Drug Review,2.2.0,v0,10,Aggregation,0.0,0.0005993843078613
Pandas,Drug Review,2.2.0,v0,10,Row/Column,0.076599,0.0083785057067871
Pandas,Drug Review,2.2.0,v0,10,Row/Column,0.13037,0.0161402225494384
Pandas,Drug Review,2.2.0,v0,10,Row/Column,2.175775,0.2225682735443115
Pandas,Drug Review,2.2.0,v0,10,Aggregation,0.240782,0.0308914184570312
Pandas,Drug Review,2.2.0,v0,10,Aggregation,0.008301,0.0008542537689208
Pandas,Drug Review,2.2.0,v0,10,Aggregation,0.00354,0.0008277893066406
Pandas,Drug Review,2.2.0,v0,10,Aggregation,0.0,0.0007495880126953
Pandas,Drug Review,2.2.0,v0,10,Aggregation,0.0,0.0007531642913818
Pandas,Drug Review,2.2.0,v0,10,Row/Column,0.025086,0.0033216476440429
Pandas,Drug Review,2.2.0,v0,10,I/O,5.082751,0.6103315353393555
Pandas,Drug Review,2.2.0,v0,10,I/O,72.611937,8.634260177612305
Pandas,Drug Review,2.2.0,v0,10,I/O,10.086217,1.2215046882629397
Pandas,Drug Review,2.2.0,v0,10,I/O,3.039359,0.3520393371582031
Pandas,Drug Review,2.2.0,v0,10,Missing,0.142028,0.0143873691558837
Pandas,Drug Review,2.2.0,v0,10,Missing,0.289489,0.0380258560180664
Pandas,Drug Review,2.2.0,v0,10,Missing,0.418029,0.0511200428009033
Pandas,Drug Review,2.2.0,v0,10,Missing,0.349792,0.0269713401794433
Pandas,Drug Review,2.2.0,v0,10,Row/Column,0.04004,0.0052516460418701
Pandas,Drug Review,2.2.0,v0,10,Aggregation,0.0,0.0007672309875488
Pandas,Drug Review,2.2.0,v0,10,Row/Column,0.099244,0.0115165710449218
Pandas,Drug Review,2.2.0,v0,10,Row/Column,0.132019,0.0157263278961181
Pandas,Drug Review,2.2.0,v0,10,Row/Column,1.866633,0.2231299877166748
Pandas,Drug Review,2.2.0,v0,10,Aggregation,0.237671,0.0310029983520507
Pandas,Drug Review,2.2.0,v0,10,Aggregation,0.0,0.0005469322204589
Pandas,Drug Review,2.2.0,v0,10,Aggregation,0.0,0.0004663467407226
Pandas,Drug Review,2.2.0,v0,10,Aggregation,0.0,0.0003867149353027
Pandas,Drug Review,2.2.0,v0,10,Aggregation,0.0,0.0003871917724609
Pandas,Drug Review,2.2.0,v0,10,Row/Column,0.02417,0.0029845237731933
Pandas,Drug Review,2.2.0,v0,10,I/O,4.973682,0.6077520847320557
Pandas,Drug Review,2.2.0,v0,10,I/O,74.017938,8.802266836166382
Pandas,Drug Review,2.2.0,v0,10,I/O,10.590306,1.226914882659912
Pandas,Drug Review,2.2.0,v0,10,I/O,3.064018,0.3454265594482422
Pandas,Drug Review,2.2.0,v0,10,Missing,0.100891,0.0136401653289794
Pandas,Drug Review,2.2.0,v0,10,Missing,0.293761,0.0360374450683593
Pandas,Drug Review,2.2.0,v0,10,Missing,0.404845,0.0492250919342041
Pandas,Drug Review,2.2.0,v0,10,Missing,0.176086,0.0233170986175537
Pandas,Drug Review,2.2.0,v0,10,Row/Column,0.043945,0.0049858093261718
Pandas,Drug Review,2.2.0,v0,10,Aggregation,0.000977,0.0003974437713623
Pandas,Drug Review,2.2.0,v0,10,Row/Column,0.087402,0.0092430114746093
Pandas,Drug Review,2.2.0,v0,10,Row/Column,0.122192,0.0151882171630859
Pandas,Drug Review,2.2.0,v0,10,Row/Column,1.891963,0.2284953594207763
Pandas,Drug Review,2.2.0,v0,10,Aggregation,0.236022,0.0310330390930175
Pandas,Drug Review,2.2.0,v0,10,Aggregation,0.001403,0.0008609294891357
Pandas,Drug Review,2.2.0,v0,10,Aggregation,0.001465,0.0007929801940917
Pandas,Drug Review,2.2.0,v0,10,Aggregation,0.001342,0.0007541179656982
Pandas,Drug Review,2.2.0,v0,10,Aggregation,0.005616,0.0007619857788085
Pandas,Drug Review,2.2.0,v0,10,Row/Column,0.024414,0.003359317779541
Pandas,Drug Review,2.2.0,v0,10,I/O,5.548021,0.609544038772583
Pandas,Drug Review,2.2.0,v0,10,I/O,74.994864,8.683272361755371
Pandas,Drug Review,2.2.0,v0,10,I/O,9.961889,1.2248692512512207
Pandas,Drug Review,2.2.0,v0,10,I/O,3.131646,0.3500919342041015
Pandas,Drug Review,2.2.0,v0,10,Missing,0.097107,0.0144639015197753
Pandas,Drug Review,2.2.0,v0,10,Missing,0.294249,0.0370488166809082
Pandas,Drug Review,2.2.0,v0,10,Missing,0.419799,0.0503923892974853
Pandas,Drug Review,2.2.0,v0,10,Missing,0.182678,0.0241436958312988
Pandas,Drug Review,2.2.0,v0,10,Row/Column,0.044251,0.0053529739379882
Pandas,Drug Review,2.2.0,v0,10,Aggregation,0.0,0.0007610321044921
Pandas,Drug Review,2.2.0,v0,10,Row/Column,0.076233,0.0085945129394531
Pandas,Drug Review,2.2.0,v0,10,Row/Column,0.130799,0.015967845916748
Pandas,Drug Review,2.2.0,v0,10,Row/Column,1.859797,0.2254910469055175
Pandas,Drug Review,2.2.0,v0,10,Aggregation,0.232361,0.0310568809509277
Pandas,Drug Review,2.2.0,v0,10,Aggregation,0.004822,0.0008521080017089
Pandas,Drug Review,2.2.0,v0,10,Aggregation,0.001953,0.0008251667022705
Pandas,Drug Review,2.2.0,v0,10,Aggregation,0.003968,0.0007550716400146
Pandas,Drug Review,2.2.0,v0,10,Aggregation,0.004944,0.000760793685913
Pandas,Drug Review,2.2.0,v0,10,Row/Column,0.027466,0.0029850006103515
Pandas,Drug Review,2.2.0,v0,10,I/O,5.034838,0.6052331924438477
Pandas,Drug Review,2.2.0,v0,10,I/O,74.6408,8.836524486541748
Pandas,Drug Review,2.2.0,v0,10,I/O,10.587192,1.236344814300537
Pandas,Drug Review,2.2.0,v0,10,I/O,3.045708,0.3461673259735107
Pandas,Drug Review,2.2.0,v0,10,Missing,0.098389,0.0137746334075927
Pandas,Drug Review,2.2.0,v0,10,Missing,0.284667,0.0362365245819091
Pandas,Drug Review,2.2.0,v0,10,Missing,0.399536,0.0494530200958251
Pandas,Drug Review,2.2.0,v0,10,Missing,0.174926,0.0237247943878173
Pandas,Drug Review,2.2.0,v0,10,Row/Column,0.043518,0.0049993991851806
Pandas,Drug Review,2.2.0,v0,10,Aggregation,0.001648,0.0003933906555175
Pandas,Drug Review,2.2.0,v0,10,Row/Column,0.070374,0.0079662799835205
Pandas,Drug Review,2.2.0,v0,10,Row/Column,0.125305,0.0152349472045898
Pandas,Drug Review,2.2.0,v0,10,Row/Column,1.859797,0.2222709655761718
Pandas,Drug Review,2.2.0,v0,10,Aggregation,0.228027,0.0307562351226806
Pandas,Drug Review,2.2.0,v0,10,Aggregation,0.0,0.000490665435791
Pandas,Drug Review,2.2.0,v0,10,Aggregation,0.0,0.0004999637603759
Pandas,Drug Review,2.2.0,v0,10,Aggregation,0.0,0.0003859996795654
Pandas,Drug Review,2.2.0,v0,10,Aggregation,0.0,0.0003831386566162
Pandas,Drug Review,2.2.0,v0,10,Row/Column,0.020263,0.0030000209808349
Pandas,Student Exam,1.0.0,v1,10,I/O,0.406494,0.0412318706512451
Pandas,Student Exam,1.0.0,v1,10,I/O,2.188349,0.2508473396301269
Pandas,Student Exam,1.0.0,v1,10,I/O,0.912901,0.110673189163208
Pandas,Student Exam,1.0.0,v1,10,I/O,0.385069,0.0477142333984375
Pandas,Student Exam,1.0.0,v1,10,Missing,0.00531,0.0005216598510742
Pandas,Student Exam,1.0.0,v1,10,Missing,0.105774,0.0170166492462158
Pandas,Student Exam,1.0.0,v1,10,Missing,0.104797,0.013254165649414
Pandas,Student Exam,1.0.0,v1,10,Missing,0.021911,0.0023427009582519
Pandas,Student Exam,1.0.0,v1,10,Row/Column,0.010316,0.0021460056304931
Pandas,Student Exam,1.0.0,v1,10,Aggregation,0.0,0.0004618167877197
Pandas,Student Exam,1.0.0,v1,10,Row/Column,0.017884,0.002195119857788
Pandas,Student Exam,1.0.0,v1,10,Row/Column,0.03119,0.004338264465332
Pandas,Student Exam,1.0.0,v1,10,Row/Column,0.361082,0.0467145442962646
Pandas,Student Exam,1.0.0,v1,10,Aggregation,0.086365,0.009521484375
Pandas,Student Exam,1.0.0,v1,10,Aggregation,0.0,0.0007851123809814
Pandas,Student Exam,1.0.0,v1,10,Aggregation,0.024903,0.0069162845611572
Pandas,Student Exam,1.0.0,v1,10,Aggregation,0.000977,0.000678539276123
Pandas,Student Exam,1.0.0,v1,10,Aggregation,0.002259,0.0006778240203857
Pandas,Student Exam,1.0.0,v1,10,Row/Column,0.028808,0.0080780982971191
Pandas,Student Exam,1.0.0,v1,10,I/O,0.345641,0.033109426498413
Pandas,Student Exam,1.0.0,v1,10,I/O,2.224665,0.2561028003692627
Pandas,Student Exam,1.0.0,v1,10,I/O,0.89166,0.1082711219787597
Pandas,Student Exam,1.0.0,v1,10,I/O,0.398925,0.0450520515441894
Pandas,Student Exam,1.0.0,v1,10,Missing,0.003418,0.0008420944213867
Pandas,Student Exam,1.0.0,v1,10,Missing,0.08203,0.0104668140411376
Pandas,Student Exam,1.0.0,v1,10,Missing,0.112122,0.0137159824371337
Pandas,Student Exam,1.0.0,v1,10,Missing,0.016906,0.0024876594543457
Pandas,Student Exam,1.0.0,v1,10,Row/Column,0.01538,0.0024888515472412
Pandas,Student Exam,1.0.0,v1,10,Aggregation,0.0,0.0007681846618652
Pandas,Student Exam,1.0.0,v1,10,Row/Column,0.018739,0.0024232864379882
Pandas,Student Exam,1.0.0,v1,10,Row/Column,0.034058,0.0046281814575195
Pandas,Student Exam,1.0.0,v1,10,Row/Column,0.336668,0.0384514331817626
Pandas,Student Exam,1.0.0,v1,10,Aggregation,0.077881,0.0094976425170898
Pandas,Student Exam,1.0.0,v1,10,Aggregation,0.0,0.0007882118225097
Pandas,Student Exam,1.0.0,v1,10,Aggregation,0.000793,0.000558853149414
Pandas,Student Exam,1.0.0,v1,10,Aggregation,0.006835,0.0006971359252929
Pandas,Student Exam,1.0.0,v1,10,Aggregation,0.000854,0.0006947517395019
Pandas,Student Exam,1.0.0,v1,10,Row/Column,0.005188,0.0014369487762451
Pandas,Student Exam,1.0.0,v1,10,I/O,0.340698,0.0332679748535156
Pandas,Student Exam,1.0.0,v1,10,I/O,2.095881,0.2369534969329834
Pandas,Student Exam,1.0.0,v1,10,I/O,0.882505,0.1076672077178955
Pandas,Student Exam,1.0.0,v1,10,I/O,0.399719,0.0448906421661376
Pandas,Student Exam,1.0.0,v1,10,Missing,0.00177,0.0008633136749267
Pandas,Student Exam,1.0.0,v1,10,Missing,0.083862,0.0101504325866699
Pandas,Student Exam,1.0.0,v1,10,Missing,0.109679,0.0133478641510009
Pandas,Student Exam,1.0.0,v1,10,Missing,0.015747,0.0022876262664794
Pandas,Student Exam,1.0.0,v1,10,Row/Column,0.017455,0.002234935760498
Pandas,Student Exam,1.0.0,v1,10,Aggregation,0.0,0.0003914833068847
Pandas,Student Exam,1.0.0,v1,10,Row/Column,0.018738,0.0021891593933105
Pandas,Student Exam,1.0.0,v1,10,Row/Column,0.031922,0.0043280124664306
Pandas,Student Exam,1.0.0,v1,10,Row/Column,0.333861,0.0385916233062744
Pandas,Student Exam,1.0.0,v1,10,Aggregation,0.080139,0.0091092586517333
Pandas,Student Exam,1.0.0,v1,10,Aggregation,0.0,0.0004260540008544
Pandas,Student Exam,1.0.0,v1,10,Aggregation,0.0,0.0003440380096435
Pandas,Student Exam,1.0.0,v1,10,Aggregation,0.001343,0.0003302097320556
Pandas,Student Exam,1.0.0,v1,10,Aggregation,0.0,0.000335693359375
Pandas,Student Exam,1.0.0,v1,10,Row/Column,0.012145,0.0012869834899902
Pandas,Student Exam,1.0.0,v1,10,I/O,0.367859,0.0335478782653808
Pandas,Student Exam,1.0.0,v1,10,I/O,2.090143,0.2368555068969726
Pandas,Student Exam,1.0.0,v1,10,I/O,0.901731,0.108356237411499
Pandas,Student Exam,1.0.0,v1,10,I/O,0.400024,0.0449700355529785
Pandas,Student Exam,1.0.0,v1,10,Missing,0.0,0.0008232593536376
Pandas,Student Exam,1.0.0,v1,10,Missing,0.085388,0.0102934837341308
Pandas,Student Exam,1.0.0,v1,10,Missing,0.110045,0.0136728286743164
Pandas,Student Exam,1.0.0,v1,10,Missing,0.016175,0.0026385784149169
Pandas,Student Exam,1.0.0,v1,10,Row/Column,0.017944,0.002223253250122
Pandas,Student Exam,1.0.0,v1,10,Aggregation,0.0,0.0003988742828369
Pandas,Student Exam,1.0.0,v1,10,Row/Column,0.016175,0.0021898746490478
Pandas,Student Exam,1.0.0,v1,10,Row/Column,0.033814,0.0043363571166992
Pandas,Student Exam,1.0.0,v1,10,Row/Column,0.323791,0.0385255813598632
Pandas,Student Exam,1.0.0,v1,10,Aggregation,0.080748,0.0094172954559326
Pandas,Student Exam,1.0.0,v1,10,Aggregation,0.000732,0.0007779598236083
Pandas,Student Exam,1.0.0,v1,10,Aggregation,0.003235,0.0007116794586181
Pandas,Student Exam,1.0.0,v1,10,Aggregation,0.0,0.0006136894226074
Pandas,Student Exam,1.0.0,v1,10,Aggregation,0.009215,0.0006971359252929
Pandas,Student Exam,1.0.0,v1,10,Row/Column,0.008606,0.0016548633575439
Pandas,Student Exam,1.0.0,v1,10,I/O,0.351867,0.0334651470184326
Pandas,Student Exam,1.0.0,v1,10,I/O,2.070673,0.2323884963989257
Pandas,Student Exam,1.0.0,v1,10,I/O,0.891722,0.1079721450805664
Pandas,Student Exam,1.0.0,v1,10,I/O,0.400146,0.0447504520416259
Pandas,Student Exam,1.0.0,v1,10,Missing,0.0,0.0004961490631103
Pandas,Student Exam,1.0.0,v1,10,Missing,0.085267,0.0101716518402099
Pandas,Student Exam,1.0.0,v1,10,Missing,0.112549,0.013373851776123
Pandas,Student Exam,1.0.0,v1,10,Missing,0.016174,0.0022988319396972
Pandas,Student Exam,1.0.0,v1,10,Row/Column,0.016174,0.0024952888488769
Pandas,Student Exam,1.0.0,v1,10,Aggregation,0.0,0.0007562637329101
Pandas,Student Exam,1.0.0,v1,10,Row/Column,0.019165,0.0023515224456787
Pandas,Student Exam,1.0.0,v1,10,Row/Column,0.036926,0.0046074390411376
Pandas,Student Exam,1.0.0,v1,10,Row/Column,0.332519,0.0388226509094238
Pandas,Student Exam,1.0.0,v1,10,Aggregation,0.085265,0.0094738006591796
Pandas,Student Exam,1.0.0,v1,10,Aggregation,0.001343,0.0008070468902587
Pandas,Student Exam,1.0.0,v1,10,Aggregation,0.004334,0.0007212162017822
Pandas,Student Exam,1.0.0,v1,10,Aggregation,0.006531,0.0006930828094482
Pandas,Student Exam,1.0.0,v1,10,Aggregation,0.0,0.0006790161132812
Pandas,Student Exam,1.0.0,v1,10,Row/Column,0.006836,0.0016489028930664
Pandas,Student Exam,1.0.0,v1,10,I/O,0.335937,0.0323212146759033
Pandas,Student Exam,1.0.0,v1,10,I/O,2.048579,0.2328622341156005
Pandas,Student Exam,1.0.0,v1,10,I/O,0.900999,0.1079659461975097
Pandas,Student Exam,1.0.0,v1,10,I/O,0.386473,0.0446386337280273
Pandas,Student Exam,1.0.0,v1,10,Missing,0.002564,0.000481367111206
Pandas,Student Exam,1.0.0,v1,10,Missing,0.083436,0.0101537704467773
Pandas,Student Exam,1.0.0,v1,10,Missing,0.108765,0.0133731365203857
Pandas,Student Exam,1.0.0,v1,10,Missing,0.020507,0.0023093223571777
Pandas,Student Exam,1.0.0,v1,10,Row/Column,0.012879,0.0021939277648925
Pandas,Student Exam,1.0.0,v1,10,Aggregation,0.000672,0.0003929138183593
Pandas,Student Exam,1.0.0,v1,10,Row/Column,0.013551,0.0021924972534179
Pandas,Student Exam,1.0.0,v1,10,Row/Column,0.026672,0.0042963027954101
Pandas,Student Exam,1.0.0,v1,10,Row/Column,0.333922,0.0385937690734863
Pandas,Student Exam,1.0.0,v1,10,Aggregation,0.079039,0.0092015266418457
Pandas,Student Exam,1.0.0,v1,10,Aggregation,0.0,0.0004277229309082
Pandas,Student Exam,1.0.0,v1,10,Aggregation,0.0,0.0003430843353271
Pandas,Student Exam,1.0.0,v1,10,Aggregation,0.003723,0.000317096710205
Pandas,Student Exam,1.0.0,v1,10,Aggregation,0.001343,0.0003361701965332
Pandas,Student Exam,1.0.0,v1,10,Row/Column,0.008606,0.001298189163208
Pandas,Student Exam,1.0.0,v1,10,I/O,0.353942,0.0331642627716064
Pandas,Student Exam,1.0.0,v1,10,I/O,2.103022,0.2365944385528564
Pandas,Student Exam,1.0.0,v1,10,I/O,0.875182,0.108130931854248
Pandas,Student Exam,1.0.0,v1,10,I/O,0.396484,0.0448982715606689
Pandas,Student Exam,1.0.0,v1,10,Missing,0.0,0.0005049705505371
Pandas,Student Exam,1.0.0,v1,10,Missing,0.085755,0.0101246833801269
Pandas,Student Exam,1.0.0,v1,10,Missing,0.113525,0.013444185256958
Pandas,Student Exam,1.0.0,v1,10,Missing,0.015809,0.002288818359375
Pandas,Student Exam,1.0.0,v1,10,Row/Column,0.018738,0.0024867057800292
Pandas,Student Exam,1.0.0,v1,10,Aggregation,0.006165,0.0007529258728027
Pandas,Student Exam,1.0.0,v1,10,Row/Column,0.018555,0.0024065971374511
Pandas,Student Exam,1.0.0,v1,10,Row/Column,0.032471,0.0046260356903076
Pandas,Student Exam,1.0.0,v1,10,Row/Column,0.328979,0.0382218360900878
Pandas,Student Exam,1.0.0,v1,10,Aggregation,0.078735,0.0091800689697265
Pandas,Student Exam,1.0.0,v1,10,Aggregation,0.001771,0.0004401206970214
Pandas,Student Exam,1.0.0,v1,10,Aggregation,0.0,0.0003376007080078
Pandas,Student Exam,1.0.0,v1,10,Aggregation,0.002258,0.0003139972686767
Pandas,Student Exam,1.0.0,v1,10,Aggregation,0.0,0.0003106594085693
Pandas,Student Exam,1.0.0,v1,10,Row/Column,0.007751,0.0013022422790527
Pandas,Student Exam,1.0.0,v1,10,I/O,0.352111,0.0323443412780761
Pandas,Student Exam,1.0.0,v1,10,I/O,2.113399,0.2385933399200439
Pandas,Student Exam,1.0.0,v1,10,I/O,0.900938,0.1085329055786132
Pandas,Student Exam,1.0.0,v1,10,I/O,0.396362,0.0448899269104003
Pandas,Student Exam,1.0.0,v1,10,Missing,0.003113,0.0008518695831298
Pandas,Student Exam,1.0.0,v1,10,Missing,0.089355,0.010451316833496
Pandas,Student Exam,1.0.0,v1,10,Missing,0.107178,0.0136201381683349
Pandas,Student Exam,1.0.0,v1,10,Missing,0.018433,0.0024881362915039
Pandas,Student Exam,1.0.0,v1,10,Row/Column,0.01593,0.0025091171264648
Pandas,Student Exam,1.0.0,v1,10,Aggregation,0.002563,0.0007541179656982
Pandas,Student Exam,1.0.0,v1,10,Row/Column,0.015503,0.002382755279541
Pandas,Student Exam,1.0.0,v1,10,Row/Column,0.033812,0.00462007522583
Pandas,Student Exam,1.0.0,v1,10,Row/Column,0.333068,0.0387177467346191
Pandas,Student Exam,1.0.0,v1,10,Aggregation,0.076844,0.009183645248413
Pandas,Student Exam,1.0.0,v1,10,Aggregation,0.0,0.0004386901855468
Pandas,Student Exam,1.0.0,v1,10,Aggregation,0.000672,0.0003643035888671
Pandas,Student Exam,1.0.0,v1,10,Aggregation,0.0,0.0003156661987304
Pandas,Student Exam,1.0.0,v1,10,Aggregation,0.0,0.0003168582916259
Pandas,Student Exam,1.0.0,v1,10,Row/Column,0.007934,0.0012769699096679
Pandas,Student Exam,1.0.0,v1,10,I/O,0.356933,0.033823013305664
Pandas,Student Exam,1.0.0,v1,10,I/O,2.083124,0.2420978546142578
Pandas,Student Exam,1.0.0,v1,10,I/O,0.906675,0.1091046333312988
Pandas,Student Exam,1.0.0,v1,10,I/O,0.398193,0.045102834701538
Pandas,Student Exam,1.0.0,v1,10,Missing,0.0,0.0007696151733398
Pandas,Student Exam,1.0.0,v1,10,Missing,0.082764,0.0105147361755371
Pandas,Student Exam,1.0.0,v1,10,Missing,0.107606,0.0136911869049072
Pandas,Student Exam,1.0.0,v1,10,Missing,0.019898,0.0026435852050781
Pandas,Student Exam,1.0.0,v1,10,Row/Column,0.016785,0.0024683475494384
Pandas,Student Exam,1.0.0,v1,10,Aggregation,0.008972,0.0007514953613281
Pandas,Student Exam,1.0.0,v1,10,Row/Column,0.017212,0.0024030208587646
Pandas,Student Exam,1.0.0,v1,10,Row/Column,0.03534,0.0046274662017822
Pandas,Student Exam,1.0.0,v1,10,Row/Column,0.331359,0.0386741161346435
Pandas,Student Exam,1.0.0,v1,10,Aggregation,0.087585,0.0095269680023193
Pandas,Student Exam,1.0.0,v1,10,Aggregation,0.004577,0.0007996559143066
Pandas,Student Exam,1.0.0,v1,10,Aggregation,0.000794,0.0007064342498779
Pandas,Student Exam,1.0.0,v1,10,Aggregation,0.0,0.0007007122039794
Pandas,Student Exam,1.0.0,v1,10,Aggregation,0.002868,0.0007021427154541
Pandas,Student Exam,1.0.0,v1,10,Row/Column,0.008422,0.0016491413116455
Pandas,Student Exam,1.0.0,v1,10,I/O,0.318908,0.0322768688201904
Pandas,Student Exam,1.0.0,v1,10,I/O,2.052851,0.23388671875
Pandas,Student Exam,1.0.0,v1,10,I/O,0.897459,0.1081743240356445
Pandas,Student Exam,1.0.0,v1,10,I/O,0.404601,0.0450153350830078
Pandas,Student Exam,1.0.0,v1,10,Missing,0.0,0.0008399486541748
Pandas,Student Exam,1.0.0,v1,10,Missing,0.085631,0.0104825496673583
Pandas,Student Exam,1.0.0,v1,10,Missing,0.113708,0.0138661861419677
Pandas,Student Exam,1.0.0,v1,10,Missing,0.01361,0.0026614665985107
Pandas,Student Exam,1.0.0,v1,10,Row/Column,0.016785,0.0025026798248291
Pandas,Student Exam,1.0.0,v1,10,Aggregation,0.002929,0.0007023811340332
Pandas,Student Exam,1.0.0,v1,10,Row/Column,0.02002,0.0023348331451416
Pandas,Student Exam,1.0.0,v1,10,Row/Column,0.034913,0.0045530796051025
Pandas,Student Exam,1.0.0,v1,10,Row/Column,0.331847,0.0385727882385253
Pandas,Student Exam,1.0.0,v1,10,Aggregation,0.077453,0.0094099044799804
Pandas,Student Exam,1.0.0,v1,10,Aggregation,0.0,0.0008075237274169
Pandas,Student Exam,1.0.0,v1,10,Aggregation,0.0,0.0005505084991455
Pandas,Student Exam,1.0.0,v1,10,Aggregation,0.001709,0.0006742477416992
Pandas,Student Exam,1.0.0,v1,10,Aggregation,0.000366,0.0006918907165527
Pandas,Student Exam,1.0.0,v1,10,Row/Column,0.010986,0.0016665458679199
Pandas,Student Exam,2.0.0,v2,10,I/O,0.413268,0.0436203479766845
Pandas,Student Exam,2.0.0,v2,10,I/O,2.195306,0.2518606185913086
Pandas,Student Exam,2.0.0,v2,10,I/O,0.892942,0.1089801788330078
Pandas,Student Exam,2.0.0,v2,10,I/O,0.39215,0.0485904216766357
Pandas,Student Exam,2.0.0,v2,10,Missing,0.0,0.0004518032073974
Pandas,Student Exam,2.0.0,v2,10,Missing,0.100463,0.0169637203216552
Pandas,Student Exam,2.0.0,v2,10,Missing,0.109496,0.0133848190307617
Pandas,Student Exam,2.0.0,v2,10,Missing,0.01776,0.0023064613342285
Pandas,Student Exam,2.0.0,v2,10,Row/Column,0.017638,0.0024635791778564
Pandas,Student Exam,2.0.0,v2,10,Aggregation,0.003845,0.0007624626159667
Pandas,Student Exam,2.0.0,v2,10,Row/Column,0.018371,0.0024051666259765
Pandas,Student Exam,2.0.0,v2,10,Row/Column,0.034179,0.0045757293701171
Pandas,Student Exam,2.0.0,v2,10,Row/Column,0.365172,0.0475876331329345
Pandas,Student Exam,2.0.0,v2,10,Aggregation,0.080445,0.0091176033020019
Pandas,Student Exam,2.0.0,v2,10,Aggregation,0.002136,0.0004167556762695
Pandas,Student Exam,2.0.0,v2,10,Aggregation,0.014954,0.0067362785339355
Pandas,Student Exam,2.0.0,v2,10,Aggregation,0.000489,0.0003135204315185
Pandas,Student Exam,2.0.0,v2,10,Aggregation,0.001221,0.0003125667572021
Pandas,Student Exam,2.0.0,v2,10,Row/Column,0.026733,0.0077450275421142
Pandas,Student Exam,2.0.0,v2,10,I/O,0.361693,0.0340523719787597
Pandas,Student Exam,2.0.0,v2,10,I/O,2.246638,0.2519721984863281
Pandas,Student Exam,2.0.0,v2,10,I/O,0.891478,0.1075887680053711
Pandas,Student Exam,2.0.0,v2,10,I/O,0.401733,0.0453104972839355
Pandas,Student Exam,2.0.0,v2,10,Missing,0.0,0.0004844665527343
Pandas,Student Exam,2.0.0,v2,10,Missing,0.086914,0.0102949142456054
Pandas,Student Exam,2.0.0,v2,10,Missing,0.105895,0.0134170055389404
Pandas,Student Exam,2.0.0,v2,10,Missing,0.011902,0.0022821426391601
Pandas,Student Exam,2.0.0,v2,10,Row/Column,0.015686,0.0022192001342773
Pandas,Student Exam,2.0.0,v2,10,Aggregation,0.003845,0.0003893375396728
Pandas,Student Exam,2.0.0,v2,10,Row/Column,0.017274,0.0022065639495849
Pandas,Student Exam,2.0.0,v2,10,Row/Column,0.031982,0.0043196678161621
Pandas,Student Exam,2.0.0,v2,10,Row/Column,0.330565,0.0384588241577148
Pandas,Student Exam,2.0.0,v2,10,Aggregation,0.079956,0.0095396041870117
Pandas,Student Exam,2.0.0,v2,10,Aggregation,0.0,0.0007734298706054
Pandas,Student Exam,2.0.0,v2,10,Aggregation,0.0,0.0007128715515136
Pandas,Student Exam,2.0.0,v2,10,Aggregation,0.00061,0.0006320476531982
Pandas,Student Exam,2.0.0,v2,10,Aggregation,0.0,0.0006754398345947
Pandas,Student Exam,2.0.0,v2,10,Row/Column,0.008117,0.0016603469848632
Pandas,Student Exam,2.0.0,v2,10,I/O,0.360777,0.0328540802001953
Pandas,Student Exam,2.0.0,v2,10,I/O,2.05572,0.2308473587036132
Pandas,Student Exam,2.0.0,v2,10,I/O,0.890013,0.1080672740936279
Pandas,Student Exam,2.0.0,v2,10,I/O,0.400817,0.0457880496978759
Pandas,Student Exam,2.0.0,v2,10,Missing,0.001586,0.0004763603210449
Pandas,Student Exam,2.0.0,v2,10,Missing,0.086548,0.0102272033691406
Pandas,Student Exam,2.0.0,v2,10,Missing,0.113585,0.01347017288208
Pandas,Student Exam,2.0.0,v2,10,Missing,0.018555,0.0022993087768554
Pandas,Student Exam,2.0.0,v2,10,Row/Column,0.017089,0.0022182464599609
Pandas,Student Exam,2.0.0,v2,10,Aggregation,0.0,0.0003879070281982
Pandas,Student Exam,2.0.0,v2,10,Row/Column,0.01416,0.0021846294403076
Pandas,Student Exam,2.0.0,v2,10,Row/Column,0.029724,0.0042977333068847
Pandas,Student Exam,2.0.0,v2,10,Row/Column,0.338378,0.0384111404418945
Pandas,Student Exam,2.0.0,v2,10,Aggregation,0.09192,0.0095100402832031
Pandas,Student Exam,2.0.0,v2,10,Aggregation,0.0,0.0007863044738769
Pandas,Student Exam,2.0.0,v2,10,Aggregation,0.0,0.0007193088531494
Pandas,Student Exam,2.0.0,v2,10,Aggregation,0.00476,0.00069260597229
Pandas,Student Exam,2.0.0,v2,10,Aggregation,0.0,0.0007014274597167
Pandas,Student Exam,2.0.0,v2,10,Row/Column,0.007568,0.0016639232635498
Pandas,Student Exam,2.0.0,v2,10,I/O,0.350462,0.0332767963409423
Pandas,Student Exam,2.0.0,v2,10,I/O,2.116999,0.2397959232330322
Pandas,Student Exam,2.0.0,v2,10,I/O,0.903685,0.1079509258270263
Pandas,Student Exam,2.0.0,v2,10,I/O,0.401793,0.0455548763275146
Pandas,Student Exam,2.0.0,v2,10,Missing,0.001953,0.0008387565612792
Pandas,Student Exam,2.0.0,v2,10,Missing,0.084595,0.0105578899383544
Pandas,Student Exam,2.0.0,v2,10,Missing,0.110351,0.0134742259979248
Pandas,Student Exam,2.0.0,v2,10,Missing,0.017151,0.0022952556610107
Pandas,Student Exam,2.0.0,v2,10,Row/Column,0.01825,0.0024554729461669
Pandas,Student Exam,2.0.0,v2,10,Aggregation,0.000305,0.0007622241973876
Pandas,Student Exam,2.0.0,v2,10,Row/Column,0.019104,0.0024120807647705
Pandas,Student Exam,2.0.0,v2,10,Row/Column,0.035095,0.0042943954467773
Pandas,Student Exam,2.0.0,v2,10,Row/Column,0.331663,0.038564920425415
Pandas,Student Exam,2.0.0,v2,10,Aggregation,0.078735,0.0091619491577148
Pandas,Student Exam,2.0.0,v2,10,Aggregation,0.000976,0.0004358291625976
Pandas,Student Exam,2.0.0,v2,10,Aggregation,0.0,0.0003416538238525
Pandas,Student Exam,2.0.0,v2,10,Aggregation,0.0,0.0003161430358886
Pandas,Student Exam,2.0.0,v2,10,Aggregation,0.0,0.0003159046173095
Pandas,Student Exam,2.0.0,v2,10,Row/Column,0.008606,0.0012834072113037
Pandas,Student Exam,2.0.0,v2,10,I/O,0.345276,0.033898115158081
Pandas,Student Exam,2.0.0,v2,10,I/O,2.115168,0.2372357845306396
Pandas,Student Exam,2.0.0,v2,10,I/O,0.898375,0.1074492931365966
Pandas,Student Exam,2.0.0,v2,10,I/O,0.399108,0.0455148220062255
Pandas,Student Exam,2.0.0,v2,10,Missing,0.006103,0.0004715919494628
Pandas,Student Exam,2.0.0,v2,10,Missing,0.086914,0.010077953338623
Pandas,Student Exam,2.0.0,v2,10,Missing,0.110107,0.0134689807891845
Pandas,Student Exam,2.0.0,v2,10,Missing,0.016418,0.0022683143615722
Pandas,Student Exam,2.0.0,v2,10,Row/Column,0.014038,0.0023558139801025
Pandas,Student Exam,2.0.0,v2,10,Aggregation,0.000916,0.000685691833496
Pandas,Student Exam,2.0.0,v2,10,Row/Column,0.01715,0.0024232864379882
Pandas,Student Exam,2.0.0,v2,10,Row/Column,0.031739,0.004692792892456
Pandas,Student Exam,2.0.0,v2,10,Row/Column,0.330993,0.0388457775115966
Pandas,Student Exam,2.0.0,v2,10,Aggregation,0.083557,0.0093865394592285
Pandas,Student Exam,2.0.0,v2,10,Aggregation,0.0,0.0007209777832031
Pandas,Student Exam,2.0.0,v2,10,Aggregation,0.000428,0.0006394386291503
Pandas,Student Exam,2.0.0,v2,10,Aggregation,0.0,0.0006914138793945
Pandas,Student Exam,2.0.0,v2,10,Aggregation,0.0,0.000622272491455
Pandas,Student Exam,2.0.0,v2,10,Row/Column,0.007081,0.0016524791717529
Pandas,Student Exam,2.0.0,v2,10,I/O,0.355589,0.0333819389343261
Pandas,Student Exam,2.0.0,v2,10,I/O,2.104426,0.2416481971740722
Pandas,Student Exam,2.0.0,v2,10,I/O,0.901853,0.1088831424713134
Pandas,Student Exam,2.0.0,v2,10,I/O,0.40216,0.0458264350891113
Pandas,Student Exam,2.0.0,v2,10,Missing,0.000977,0.0006601810455322
Pandas,Student Exam,2.0.0,v2,10,Missing,0.087219,0.0105228424072265
Pandas,Student Exam,2.0.0,v2,10,Missing,0.115721,0.0138628482818603
Pandas,Student Exam,2.0.0,v2,10,Missing,0.018982,0.0026619434356689
Pandas,Student Exam,2.0.0,v2,10,Row/Column,0.016113,0.0024917125701904
Pandas,Student Exam,2.0.0,v2,10,Aggregation,0.004578,0.0007719993591308
Pandas,Student Exam,2.0.0,v2,10,Row/Column,0.017273,0.0023994445800781
Pandas,Student Exam,2.0.0,v2,10,Row/Column,0.034545,0.004683494567871
Pandas,Student Exam,2.0.0,v2,10,Row/Column,0.338073,0.0389223098754882
Pandas,Student Exam,2.0.0,v2,10,Aggregation,0.08136,0.0091793537139892
Pandas,Student Exam,2.0.0,v2,10,Aggregation,0.0,0.0004405975341796
Pandas,Student Exam,2.0.0,v2,10,Aggregation,0.001465,0.0003557205200195
Pandas,Student Exam,2.0.0,v2,10,Aggregation,0.0,0.0003137588500976
Pandas,Student Exam,2.0.0,v2,10,Aggregation,0.0,0.0003130435943603
Pandas,Student Exam,2.0.0,v2,10,Row/Column,0.007873,0.0012798309326171
Pandas,Student Exam,2.0.0,v2,10,I/O,0.347595,0.0327723026275634
Pandas,Student Exam,2.0.0,v2,10,I/O,2.132258,0.2422230243682861
Pandas,Student Exam,2.0.0,v2,10,I/O,0.888303,0.1081752777099609
Pandas,Student Exam,2.0.0,v2,10,I/O,0.393493,0.0449147224426269
Pandas,Student Exam,2.0.0,v2,10,Missing,0.001465,0.000495433807373
Pandas,Student Exam,2.0.0,v2,10,Missing,0.082154,0.0100989341735839
Pandas,Student Exam,2.0.0,v2,10,Missing,0.109131,0.0135810375213623
Pandas,Student Exam,2.0.0,v2,10,Missing,0.013122,0.0022969245910644
Pandas,Student Exam,2.0.0,v2,10,Row/Column,0.017883,0.0022339820861816
Pandas,Student Exam,2.0.0,v2,10,Aggregation,0.0,0.0003886222839355
Pandas,Student Exam,2.0.0,v2,10,Row/Column,0.018249,0.0022211074829101
Pandas,Student Exam,2.0.0,v2,10,Row/Column,0.030579,0.0043177604675292
Pandas,Student Exam,2.0.0,v2,10,Row/Column,0.332214,0.038496971130371
Pandas,Student Exam,2.0.0,v2,10,Aggregation,0.079833,0.0091934204101562
Pandas,Student Exam,2.0.0,v2,10,Aggregation,0.003906,0.0004205703735351
Pandas,Student Exam,2.0.0,v2,10,Aggregation,0.0,0.0003409385681152
Pandas,Student Exam,2.0.0,v2,10,Aggregation,0.000977,0.0003144741058349
Pandas,Student Exam,2.0.0,v2,10,Aggregation,0.0,0.0003337860107421
Pandas,Student Exam,2.0.0,v2,10,Row/Column,0.008301,0.0013000965118408
Pandas,Student Exam,2.0.0,v2,10,I/O,0.338073,0.0335075855255126
Pandas,Student Exam,2.0.0,v2,10,I/O,2.113154,0.2391691207885742
Pandas,Student Exam,2.0.0,v2,10,I/O,0.898862,0.1076226234436035
Pandas,Student Exam,2.0.0,v2,10,I/O,0.400268,0.0447697639465332
Pandas,Student Exam,2.0.0,v2,10,Missing,0.0,0.0004658699035644
Pandas,Student Exam,2.0.0,v2,10,Missing,0.085755,0.0101845264434814
Pandas,Student Exam,2.0.0,v2,10,Missing,0.113281,0.0134685039520263
Pandas,Student Exam,2.0.0,v2,10,Missing,0.016785,0.0022962093353271
Pandas,Student Exam,2.0.0,v2,10,Row/Column,0.01532,0.0022103786468505
Pandas,Student Exam,2.0.0,v2,10,Aggregation,0.0,0.0004041194915771
Pandas,Student Exam,2.0.0,v2,10,Row/Column,0.018921,0.0022010803222656
Pandas,Student Exam,2.0.0,v2,10,Row/Column,0.033142,0.0043075084686279
Pandas,Student Exam,2.0.0,v2,10,Row/Column,0.333007,0.0384097099304199
Pandas,Student Exam,2.0.0,v2,10,Aggregation,0.088378,0.0094492435455322
Pandas,Student Exam,2.0.0,v2,10,Aggregation,0.003419,0.0006868839263916
Pandas,Student Exam,2.0.0,v2,10,Aggregation,0.0,0.0005364418029785
Pandas,Student Exam,2.0.0,v2,10,Aggregation,0.001709,0.0005085468292236
Pandas,Student Exam,2.0.0,v2,10,Aggregation,0.001525,0.0005161762237548
Pandas,Student Exam,2.0.0,v2,10,Row/Column,0.008118,0.0016460418701171
Pandas,Student Exam,2.0.0,v2,10,I/O,0.328979,0.0324664115905761
Pandas,Student Exam,2.0.0,v2,10,I/O,2.073786,0.2311961650848388
Pandas,Student Exam,2.0.0,v2,10,I/O,0.895933,0.1076393127441406
Pandas,Student Exam,2.0.0,v2,10,I/O,0.394409,0.0451223850250244
Pandas,Student Exam,2.0.0,v2,10,Missing,0.004089,0.0006639957427978
Pandas,Student Exam,2.0.0,v2,10,Missing,0.085144,0.0105376243591308
Pandas,Student Exam,2.0.0,v2,10,Missing,0.11206,0.0134801864624023
Pandas,Student Exam,2.0.0,v2,10,Missing,0.016968,0.0024824142456054
Pandas,Student Exam,2.0.0,v2,10,Row/Column,0.015624,0.0023515224456787
Pandas,Student Exam,2.0.0,v2,10,Aggregation,0.005311,0.000596284866333
Pandas,Student Exam,2.0.0,v2,10,Row/Column,0.015015,0.0022797584533691
Pandas,Student Exam,2.0.0,v2,10,Row/Column,0.033203,0.0046255588531494
Pandas,Student Exam,2.0.0,v2,10,Row/Column,0.335632,0.0386302471160888
Pandas,Student Exam,2.0.0,v2,10,Aggregation,0.079834,0.0094139575958251
Pandas,Student Exam,2.0.0,v2,10,Aggregation,0.004516,0.0007891654968261
Pandas,Student Exam,2.0.0,v2,10,Aggregation,0.001892,0.0007054805755615
Pandas,Student Exam,2.0.0,v2,10,Aggregation,0.0,0.0006864070892333
Pandas,Student Exam,2.0.0,v2,10,Aggregation,0.0,0.0007009506225585
Pandas,Student Exam,2.0.0,v2,10,Row/Column,0.013245,0.0016436576843261
Pandas,Student Exam,2.0.0,v2,10,I/O,0.345764,0.0331118106842041
Pandas,Student Exam,2.0.0,v2,10,I/O,2.107356,0.2381179332733154
Pandas,Student Exam,2.0.0,v2,10,I/O,0.889341,0.1086833477020263
Pandas,Student Exam,2.0.0,v2,10,I/O,0.393553,0.0450842380523681
Pandas,Student Exam,2.0.0,v2,10,Missing,0.0,0.0006759166717529
Pandas,Student Exam,2.0.0,v2,10,Missing,0.082032,0.0104947090148925
Pandas,Student Exam,2.0.0,v2,10,Missing,0.111937,0.0137319564819335
Pandas,Student Exam,2.0.0,v2,10,Missing,0.015503,0.002640962600708
Pandas,Student Exam,2.0.0,v2,10,Row/Column,0.01532,0.0024728775024414
Pandas,Student Exam,2.0.0,v2,10,Aggregation,0.00287,0.0007534027099609
Pandas,Student Exam,2.0.0,v2,10,Row/Column,0.016296,0.0024130344390869
Pandas,Student Exam,2.0.0,v2,10,Row/Column,0.038024,0.0046296119689941
Pandas,Student Exam,2.0.0,v2,10,Row/Column,0.339537,0.0385918617248535
Pandas,Student Exam,2.0.0,v2,10,Aggregation,0.082214,0.0093107223510742
Pandas,Student Exam,2.0.0,v2,10,Aggregation,0.001464,0.0006425380706787
Pandas,Student Exam,2.0.0,v2,10,Aggregation,0.00177,0.0005068778991699
Pandas,Student Exam,2.0.0,v2,10,Aggregation,0.001587,0.0006172657012939
Pandas,Student Exam,2.0.0,v2,10,Aggregation,0.003356,0.0006861686706542
Pandas,Student Exam,2.0.0,v2,10,Row/Column,0.009825,0.0014958381652832
Pandas,Student Exam,2.2.0,v0,10,I/O,0.39575,0.0471692085266113
Pandas,Student Exam,2.2.0,v0,10,I/O,1.951045,0.2217864990234375
Pandas,Student Exam,2.2.0,v0,10,I/O,0.902158,0.105945348739624
Pandas,Student Exam,2.2.0,v0,10,I/O,0.385375,0.0419807434082031
Pandas,Student Exam,2.2.0,v0,10,Missing,0.002929,0.0006606578826904
Pandas,Student Exam,2.2.0,v0,10,Missing,0.101501,0.0120313167572021
Pandas,Student Exam,2.2.0,v0,10,Missing,0.127075,0.0158841609954834
Pandas,Student Exam,2.2.0,v0,10,Missing,0.015686,0.0026969909667968
Pandas,Student Exam,2.2.0,v0,10,Row/Column,0.016174,0.0024232864379882
Pandas,Student Exam,2.2.0,v0,10,Aggregation,0.0,0.0007686614990234
Pandas,Student Exam,2.2.0,v0,10,Row/Column,0.016968,0.0024044513702392
Pandas,Student Exam,2.2.0,v0,10,Row/Column,0.031678,0.0046350955963134
Pandas,Student Exam,2.2.0,v0,10,Row/Column,0.333434,0.0386915206909179
Pandas,Student Exam,2.2.0,v0,10,Aggregation,0.093139,0.0109534263610839
Pandas,Student Exam,2.2.0,v0,10,Aggregation,0.003052,0.0007970333099365
Pandas,Student Exam,2.2.0,v0,10,Aggregation,0.0,0.0004222393035888
Pandas,Student Exam,2.2.0,v0,10,Aggregation,0.0,0.0003268718719482
Pandas,Student Exam,2.2.0,v0,10,Aggregation,0.0,0.0003132820129394
Pandas,Student Exam,2.2.0,v0,10,Row/Column,0.007935,0.0014922618865966
Pandas,Student Exam,2.2.0,v0,10,I/O,0.47827,0.0310890674591064
Pandas,Student Exam,2.2.0,v0,10,I/O,1.748287,0.1990504264831543
Pandas,Student Exam,2.2.0,v0,10,I/O,0.89105,0.1023883819580078
Pandas,Student Exam,2.2.0,v0,10,I/O,0.382384,0.0427229404449462
Pandas,Student Exam,2.2.0,v0,10,Missing,0.0,0.0006606578826904
Pandas,Student Exam,2.2.0,v0,10,Missing,0.092468,0.0117921829223632
Pandas,Student Exam,2.2.0,v0,10,Missing,0.11615,0.0148398876190185
Pandas,Student Exam,2.2.0,v0,10,Missing,0.010315,0.0023431777954101
Pandas,Student Exam,2.2.0,v0,10,Row/Column,0.01538,0.0021979808807373
Pandas,Student Exam,2.2.0,v0,10,Aggregation,0.001587,0.000389814376831
Pandas,Student Exam,2.2.0,v0,10,Row/Column,0.016297,0.002187967300415
Pandas,Student Exam,2.2.0,v0,10,Row/Column,0.028992,0.0043540000915527
Pandas,Student Exam,2.2.0,v0,10,Row/Column,0.328186,0.0380520820617675
Pandas,Student Exam,2.2.0,v0,10,Aggregation,0.091798,0.0105378627777099
Pandas,Student Exam,2.2.0,v0,10,Aggregation,0.00525,0.0004150867462158
Pandas,Student Exam,2.2.0,v0,10,Aggregation,0.0,0.0003516674041748
Pandas,Student Exam,2.2.0,v0,10,Aggregation,0.0,0.0003185272216796
Pandas,Student Exam,2.2.0,v0,10,Aggregation,0.0,0.0003113746643066
Pandas,Student Exam,2.2.0,v0,10,Row/Column,0.007812,0.0012881755828857
Pandas,Student Exam,2.2.0,v0,10,I/O,0.295532,0.0291612148284912
Pandas,Student Exam,2.2.0,v0,10,I/O,1.875788,0.2112064361572265
Pandas,Student Exam,2.2.0,v0,10,I/O,0.877744,0.1033344268798828
Pandas,Student Exam,2.2.0,v0,10,I/O,0.397826,0.0443253517150878
Pandas,Student Exam,2.2.0,v0,10,Missing,0.001953,0.0007216930389404
Pandas,Student Exam,2.2.0,v0,10,Missing,0.09784,0.0118985176086425
Pandas,Student Exam,2.2.0,v0,10,Missing,0.126525,0.0151724815368652
Pandas,Student Exam,2.2.0,v0,10,Missing,0.01648,0.0023448467254638
Pandas,Student Exam,2.2.0,v0,10,Row/Column,0.013672,0.0022611618041992
Pandas,Student Exam,2.2.0,v0,10,Aggregation,0.002259,0.0008559226989746
Pandas,Student Exam,2.2.0,v0,10,Row/Column,0.018372,0.00240159034729
Pandas,Student Exam,2.2.0,v0,10,Row/Column,0.03125,0.0045647621154785
Pandas,Student Exam,2.2.0,v0,10,Row/Column,0.336913,0.0385458469390869
Pandas,Student Exam,2.2.0,v0,10,Aggregation,0.08789,0.0109748840332031
Pandas,Student Exam,2.2.0,v0,10,Aggregation,0.0,0.0007858276367187
Pandas,Student Exam,2.2.0,v0,10,Aggregation,0.001281,0.0005362033843994
Pandas,Student Exam,2.2.0,v0,10,Aggregation,0.0,0.0006930828094482
Pandas,Student Exam,2.2.0,v0,10,Aggregation,0.0,0.0006787776947021
Pandas,Student Exam,2.2.0,v0,10,Row/Column,0.008545,0.0014886856079101
Pandas,Student Exam,2.2.0,v0,10,I/O,0.309325,0.0325441360473632
Pandas,Student Exam,2.2.0,v0,10,I/O,1.732722,0.1949245929718017
Pandas,Student Exam,2.2.0,v0,10,I/O,0.85809,0.1028273105621337
Pandas,Student Exam,2.2.0,v0,10,I/O,0.406127,0.0453040599822998
Pandas,Student Exam,2.2.0,v0,10,Missing,0.001282,0.0008289813995361
Pandas,Student Exam,2.2.0,v0,10,Missing,0.087647,0.0118980407714843
Pandas,Student Exam,2.2.0,v0,10,Missing,0.116027,0.0150716304779052
Pandas,Student Exam,2.2.0,v0,10,Missing,0.015869,0.0026874542236328
Pandas,Student Exam,2.2.0,v0,10,Row/Column,0.013366,0.0024352073669433
Pandas,Student Exam,2.2.0,v0,10,Aggregation,0.0,0.0007543563842773
Pandas,Student Exam,2.2.0,v0,10,Row/Column,0.017638,0.0023260116577148
Pandas,Student Exam,2.2.0,v0,10,Row/Column,0.032288,0.0046281814575195
Pandas,Student Exam,2.2.0,v0,10,Row/Column,0.323668,0.038487434387207
Pandas,Student Exam,2.2.0,v0,10,Aggregation,0.093383,0.0108599662780761
Pandas,Student Exam,2.2.0,v0,10,Aggregation,0.005493,0.0007531642913818
Pandas,Student Exam,2.2.0,v0,10,Aggregation,0.0,0.0005335807800292
Pandas,Student Exam,2.2.0,v0,10,Aggregation,0.0,0.000617504119873
Pandas,Student Exam,2.2.0,v0,10,Aggregation,0.0,0.0005199909210205
Pandas,Student Exam,2.2.0,v0,10,Row/Column,0.007508,0.0016481876373291
Pandas,Student Exam,2.2.0,v0,10,I/O,0.320068,0.0310611724853515
Pandas,Student Exam,2.2.0,v0,10,I/O,1.767818,0.204080581665039
Pandas,Student Exam,2.2.0,v0,10,I/O,0.88037,0.1029701232910156
Pandas,Student Exam,2.2.0,v0,10,I/O,0.39807,0.0452756881713867
Pandas,Student Exam,2.2.0,v0,10,Missing,0.0,0.0008106231689453
Pandas,Student Exam,2.2.0,v0,10,Missing,0.092163,0.0117180347442626
Pandas,Student Exam,2.2.0,v0,10,Missing,0.113647,0.0146923065185546
Pandas,Student Exam,2.2.0,v0,10,Missing,0.017274,0.0023574829101562
Pandas,Student Exam,2.2.0,v0,10,Row/Column,0.01648,0.0022552013397216
Pandas,Student Exam,2.2.0,v0,10,Aggregation,0.0,0.0007524490356445
Pandas,Student Exam,2.2.0,v0,10,Row/Column,0.017701,0.002378225326538
Pandas,Student Exam,2.2.0,v0,10,Row/Column,0.032837,0.0046193599700927
Pandas,Student Exam,2.2.0,v0,10,Row/Column,0.338866,0.0383927822113037
Pandas,Student Exam,2.2.0,v0,10,Aggregation,0.092528,0.0109779834747314
Pandas,Student Exam,2.2.0,v0,10,Aggregation,0.004577,0.000730276107788
Pandas,Student Exam,2.2.0,v0,10,Aggregation,0.006775,0.0007052421569824
Pandas,Student Exam,2.2.0,v0,10,Aggregation,0.0,0.000683307647705
Pandas,Student Exam,2.2.0,v0,10,Aggregation,0.001342,0.0006709098815917
Pandas,Student Exam,2.2.0,v0,10,Row/Column,0.00708,0.0014986991882324
Pandas,Student Exam,2.2.0,v0,10,I/O,0.465453,0.030855655670166
Pandas,Student Exam,2.2.0,v0,10,I/O,1.793268,0.2035963535308838
Pandas,Student Exam,2.2.0,v0,10,I/O,0.882443,0.1028623580932617
Pandas,Student Exam,2.2.0,v0,10,I/O,0.376281,0.0423207283020019
Pandas,Student Exam,2.2.0,v0,10,Missing,0.001344,0.0004496574401855
Pandas,Student Exam,2.2.0,v0,10,Missing,0.096984,0.0115518569946289
Pandas,Student Exam,2.2.0,v0,10,Missing,0.114624,0.0148665904998779
Pandas,Student Exam,2.2.0,v0,10,Missing,0.010437,0.0023455619812011
Pandas,Student Exam,2.2.0,v0,10,Row/Column,0.016968,0.0021812915802001
Pandas,Student Exam,2.2.0,v0,10,Aggregation,0.0,0.0004105567932128
Pandas,Student Exam,2.2.0,v0,10,Row/Column,0.016602,0.0022146701812744
Pandas,Student Exam,2.2.0,v0,10,Row/Column,0.031861,0.004296064376831
Pandas,Student Exam,2.2.0,v0,10,Row/Column,0.321288,0.038140058517456
Pandas,Student Exam,2.2.0,v0,10,Aggregation,0.088257,0.0106534957885742
Pandas,Student Exam,2.2.0,v0,10,Aggregation,0.0,0.000415563583374
Pandas,Student Exam,2.2.0,v0,10,Aggregation,0.0,0.000338077545166
Pandas,Student Exam,2.2.0,v0,10,Aggregation,0.000734,0.0003089904785156
Pandas,Student Exam,2.2.0,v0,10,Aggregation,0.0,0.0003297328948974
Pandas,Student Exam,2.2.0,v0,10,Row/Column,0.008179,0.0012688636779785
Pandas,Student Exam,2.2.0,v0,10,I/O,0.280577,0.0285332202911376
Pandas,Student Exam,2.2.0,v0,10,I/O,1.77557,0.2045111656188964
Pandas,Student Exam,2.2.0,v0,10,I/O,0.854124,0.1028902530670166
Pandas,Student Exam,2.2.0,v0,10,I/O,0.382933,0.0449609756469726
Pandas,Student Exam,2.2.0,v0,10,Missing,0.0,0.0004472732543945
Pandas,Student Exam,2.2.0,v0,10,Missing,0.091492,0.0115692615509033
Pandas,Student Exam,2.2.0,v0,10,Missing,0.116088,0.0148401260375976
Pandas,Student Exam,2.2.0,v0,10,Missing,0.019471,0.0023424625396728
Pandas,Student Exam,2.2.0,v0,10,Row/Column,0.016785,0.0024144649505615
Pandas,Student Exam,2.2.0,v0,10,Aggregation,0.0,0.0004007816314697
Pandas,Student Exam,2.2.0,v0,10,Row/Column,0.018311,0.002378225326538
Pandas,Student Exam,2.2.0,v0,10,Row/Column,0.028137,0.0043303966522216
Pandas,Student Exam,2.2.0,v0,10,Row/Column,0.318419,0.037792682647705
Pandas,Student Exam,2.2.0,v0,10,Aggregation,0.081605,0.0106129646301269
Pandas,Student Exam,2.2.0,v0,10,Aggregation,0.003479,0.0004143714904785
Pandas,Student Exam,2.2.0,v0,10,Aggregation,0.00299,0.0003528594970703
Pandas,Student Exam,2.2.0,v0,10,Aggregation,0.0,0.0003273487091064
Pandas,Student Exam,2.2.0,v0,10,Aggregation,0.0,0.000309944152832
Pandas,Student Exam,2.2.0,v0,10,Row/Column,0.008667,0.0012819766998291
Pandas,Student Exam,2.2.0,v0,10,I/O,0.289855,0.0295381546020507
Pandas,Student Exam,2.2.0,v0,10,I/O,1.757564,0.1997606754302978
Pandas,Student Exam,2.2.0,v0,10,I/O,0.860471,0.1028556823730468
Pandas,Student Exam,2.2.0,v0,10,I/O,0.397765,0.0447556972503662
Pandas,Student Exam,2.2.0,v0,10,Missing,0.0,0.0004487037658691
Pandas,Student Exam,2.2.0,v0,10,Missing,0.091918,0.0115585327148437
Pandas,Student Exam,2.2.0,v0,10,Missing,0.117188,0.0148482322692871
Pandas,Student Exam,2.2.0,v0,10,Missing,0.018799,0.0023355484008789
Pandas,Student Exam,2.2.0,v0,10,Row/Column,0.016052,0.0021827220916748
Pandas,Student Exam,2.2.0,v0,10,Aggregation,0.0,0.0003929138183593
Pandas,Student Exam,2.2.0,v0,10,Row/Column,0.012329,0.0022149085998535
Pandas,Student Exam,2.2.0,v0,10,Row/Column,0.032654,0.0043027400970458
Pandas,Student Exam,2.2.0,v0,10,Row/Column,0.318419,0.0380566120147705
Pandas,Student Exam,2.2.0,v0,10,Aggregation,0.09198,0.0107190608978271
Pandas,Student Exam,2.2.0,v0,10,Aggregation,0.000915,0.0004177093505859
Pandas,Student Exam,2.2.0,v0,10,Aggregation,0.0,0.0003423690795898
Pandas,Student Exam,2.2.0,v0,10,Aggregation,0.001343,0.0003328323364257
Pandas,Student Exam,2.2.0,v0,10,Aggregation,0.000672,0.000312328338623
Pandas,Student Exam,2.2.0,v0,10,Row/Column,0.010254,0.0012941360473632
Pandas,Student Exam,2.2.0,v0,10,I/O,0.284239,0.0303277969360351
Pandas,Student Exam,2.2.0,v0,10,I/O,1.791866,0.2066471576690673
Pandas,Student Exam,2.2.0,v0,10,I/O,0.863706,0.1028509140014648
Pandas,Student Exam,2.2.0,v0,10,I/O,0.390807,0.0442256927490234
Pandas,Student Exam,2.2.0,v0,10,Missing,0.0,0.0004522800445556
Pandas,Student Exam,2.2.0,v0,10,Missing,0.086853,0.0115699768066406
Pandas,Student Exam,2.2.0,v0,10,Missing,0.116272,0.0146961212158203
Pandas,Student Exam,2.2.0,v0,10,Missing,0.016359,0.0023362636566162
Pandas,Student Exam,2.2.0,v0,10,Row/Column,0.018555,0.0021734237670898
Pandas,Student Exam,2.2.0,v0,10,Aggregation,0.001465,0.0003893375396728
Pandas,Student Exam,2.2.0,v0,10,Row/Column,0.011901,0.0022199153900146
Pandas,Student Exam,2.2.0,v0,10,Row/Column,0.027344,0.0043282508850097
Pandas,Student Exam,2.2.0,v0,10,Row/Column,0.329344,0.0379233360290527
Pandas,Student Exam,2.2.0,v0,10,Aggregation,0.092345,0.0109057426452636
Pandas,Student Exam,2.2.0,v0,10,Aggregation,0.0,0.0007753372192382
Pandas,Student Exam,2.2.0,v0,10,Aggregation,0.0,0.0003364086151123
Pandas,Student Exam,2.2.0,v0,10,Aggregation,0.0,0.0003094673156738
Pandas,Student Exam,2.2.0,v0,10,Aggregation,0.00287,0.0003330707550048
Pandas,Student Exam,2.2.0,v0,10,Row/Column,0.009093,0.0012896060943603
Pandas,Student Exam,2.2.0,v0,10,I/O,0.466795,0.0306715965270996
Pandas,Student Exam,2.2.0,v0,10,I/O,1.848445,0.2084667682647705
Pandas,Student Exam,2.2.0,v0,10,I/O,0.887266,0.1038591861724853
Pandas,Student Exam,2.2.0,v0,10,I/O,0.412596,0.0470409393310546
Pandas,Student Exam,2.2.0,v0,10,Missing,0.001221,0.0008378028869628
Pandas,Student Exam,2.2.0,v0,10,Missing,0.099548,0.0119132995605468
Pandas,Student Exam,2.2.0,v0,10,Missing,0.12384,0.0152006149291992
Pandas,Student Exam,2.2.0,v0,10,Missing,0.018189,0.0025343894958496
Pandas,Student Exam,2.2.0,v0,10,Row/Column,0.017151,0.0021908283233642
Pandas,Student Exam,2.2.0,v0,10,Aggregation,0.0,0.000389814376831
Pandas,Student Exam,2.2.0,v0,10,Row/Column,0.018615,0.0022284984588623
Pandas,Student Exam,2.2.0,v0,10,Row/Column,0.032837,0.0045883655548095
Pandas,Student Exam,2.2.0,v0,10,Row/Column,0.331541,0.0384163856506347
Pandas,Student Exam,2.2.0,v0,10,Aggregation,0.083556,0.0109755992889404
Pandas,Student Exam,2.2.0,v0,10,Aggregation,0.001403,0.0007884502410888
Pandas,Student Exam,2.2.0,v0,10,Aggregation,0.001831,0.0007181167602539
Pandas,Student Exam,2.2.0,v0,10,Aggregation,0.006103,0.0006053447723388
Pandas,Student Exam,2.2.0,v0,10,Aggregation,0.00232,0.0006756782531738
Pandas,Student Exam,2.2.0,v0,10,Row/Column,0.007079,0.0016498565673828
Pandas,Water Potability,1.0.0,v1,10,I/O,0.107911,0.0092809200286865
Pandas,Water Potability,1.0.0,v1,10,I/O,0.201355,0.0284290313720703
Pandas,Water Potability,1.0.0,v1,10,I/O,0.299743,0.0416469573974609
Pandas,Water Potability,1.0.0,v1,10,I/O,0.058899,0.0118615627288818
Pandas,Water Potability,1.0.0,v1,10,Missing,0.0,0.0008594989776611
Pandas,Water Potability,1.0.0,v1,10,Missing,0.025329,0.0087125301361083
Pandas,Water Potability,1.0.0,v1,10,Missing,0.0,0.0007534027099609
Pandas,Water Potability,1.0.0,v1,10,Missing,0.0,0.0008282661437988
Pandas,Water Potability,1.0.0,v1,10,Row/Column,0.03003,0.0076141357421875
Pandas,Water Potability,1.0.0,v1,10,Aggregation,0.0,0.0006871223449707
Pandas,Water Potability,1.0.0,v1,10,Row/Column,0.008301,0.0012128353118896
Pandas,Water Potability,1.0.0,v1,10,Row/Column,0.030761,0.0079123973846435
Pandas,Water Potability,1.0.0,v1,10,Row/Column,0.074891,0.0136733055114746
Pandas,Water Potability,1.0.0,v1,10,Aggregation,0.004883,0.001335859298706
Pandas,Water Potability,1.0.0,v1,10,Aggregation,0.019653,0.0071735382080078
Pandas,Water Potability,1.0.0,v1,10,Aggregation,0.00946,0.000680923461914
Pandas,Water Potability,1.0.0,v1,10,Aggregation,0.018494,0.0070765018463134
Pandas,Water Potability,1.0.0,v1,10,Aggregation,0.0,0.0006012916564941
Pandas,Water Potability,1.0.0,v1,10,Row/Column,0.001892,0.0006818771362304
Pandas,Water Potability,1.0.0,v1,10,I/O,0.080505,0.0081112384796142
Pandas,Water Potability,1.0.0,v1,10,I/O,0.171081,0.0249750614166259
Pandas,Water Potability,1.0.0,v1,10,I/O,0.278625,0.0391848087310791
Pandas,Water Potability,1.0.0,v1,10,I/O,0.037964,0.004847764968872
Pandas,Water Potability,1.0.0,v1,10,Missing,0.001526,0.0006883144378662
Pandas,Water Potability,1.0.0,v1,10,Missing,0.006592,0.0012812614440917
Pandas,Water Potability,1.0.0,v1,10,Missing,0.007079,0.0009047985076904
Pandas,Water Potability,1.0.0,v1,10,Missing,0.0,0.0008344650268554
Pandas,Water Potability,1.0.0,v1,10,Row/Column,0.007508,0.0011367797851562
Pandas,Water Potability,1.0.0,v1,10,Aggregation,0.005615,0.0007412433624267
Pandas,Water Potability,1.0.0,v1,10,Row/Column,0.007629,0.0011274814605712
Pandas,Water Potability,1.0.0,v1,10,Row/Column,0.007934,0.0012524127960205
Pandas,Water Potability,1.0.0,v1,10,Row/Column,0.035095,0.0049822330474853
Pandas,Water Potability,1.0.0,v1,10,Aggregation,0.007019,0.0013051033020019
Pandas,Water Potability,1.0.0,v1,10,Aggregation,0.001587,0.0008270740509033
Pandas,Water Potability,1.0.0,v1,10,Aggregation,0.009643,0.0006673336029052
Pandas,Water Potability,1.0.0,v1,10,Aggregation,0.0,0.000664472579956
Pandas,Water Potability,1.0.0,v1,10,Aggregation,0.0,0.0006847381591796
Pandas,Water Potability,1.0.0,v1,10,Row/Column,0.0,0.0006642341613769
Pandas,Water Potability,1.0.0,v1,10,I/O,0.083069,0.0084033012390136
Pandas,Water Potability,1.0.0,v1,10,I/O,0.153991,0.0236587524414062
Pandas,Water Potability,1.0.0,v1,10,I/O,0.286681,0.0392544269561767
Pandas,Water Potability,1.0.0,v1,10,I/O,0.036011,0.0048160552978515
Pandas,Water Potability,1.0.0,v1,10,Missing,0.001648,0.0008609294891357
Pandas,Water Potability,1.0.0,v1,10,Missing,0.007324,0.0012588500976562
Pandas,Water Potability,1.0.0,v1,10,Missing,0.006226,0.000847578048706
Pandas,Water Potability,1.0.0,v1,10,Missing,0.002197,0.000809907913208
Pandas,Water Potability,1.0.0,v1,10,Row/Column,0.007447,0.0011518001556396
Pandas,Water Potability,1.0.0,v1,10,Aggregation,0.0,0.0007483959197998
Pandas,Water Potability,1.0.0,v1,10,Row/Column,0.006654,0.0011124610900878
Pandas,Water Potability,1.0.0,v1,10,Row/Column,0.008178,0.0012416839599609
Pandas,Water Potability,1.0.0,v1,10,Row/Column,0.042358,0.0049805641174316
Pandas,Water Potability,1.0.0,v1,10,Aggregation,0.003662,0.001305341720581
Pandas,Water Potability,1.0.0,v1,10,Aggregation,0.001709,0.0008144378662109
Pandas,Water Potability,1.0.0,v1,10,Aggregation,0.00061,0.0006830692291259
Pandas,Water Potability,1.0.0,v1,10,Aggregation,0.0,0.0006687641143798
Pandas,Water Potability,1.0.0,v1,10,Aggregation,0.0,0.0006930828094482
Pandas,Water Potability,1.0.0,v1,10,Row/Column,0.0,0.0006697177886962
Pandas,Water Potability,1.0.0,v1,10,I/O,0.106933,0.0083837509155273
Pandas,Water Potability,1.0.0,v1,10,I/O,0.155211,0.02351975440979
Pandas,Water Potability,1.0.0,v1,10,I/O,0.284179,0.0393602848052978
Pandas,Water Potability,1.0.0,v1,10,I/O,0.041992,0.0046663284301757
Pandas,Water Potability,1.0.0,v1,10,Missing,0.001709,0.0008463859558105
Pandas,Water Potability,1.0.0,v1,10,Missing,0.00702,0.0012755393981933
Pandas,Water Potability,1.0.0,v1,10,Missing,0.00177,0.0008997917175292
Pandas,Water Potability,1.0.0,v1,10,Missing,0.0,0.0008072853088378
Pandas,Water Potability,1.0.0,v1,10,Row/Column,0.005799,0.001061201095581
Pandas,Water Potability,1.0.0,v1,10,Aggregation,0.000977,0.0007376670837402
Pandas,Water Potability,1.0.0,v1,10,Row/Column,0.003967,0.0011153221130371
Pandas,Water Potability,1.0.0,v1,10,Row/Column,0.004028,0.001220703125
Pandas,Water Potability,1.0.0,v1,10,Row/Column,0.037598,0.0049335956573486
Pandas,Water Potability,1.0.0,v1,10,Aggregation,0.007263,0.0013339519500732
Pandas,Water Potability,1.0.0,v1,10,Aggregation,0.0,0.0006482601165771
Pandas,Water Potability,1.0.0,v1,10,Aggregation,0.0,0.0006759166717529
Pandas,Water Potability,1.0.0,v1,10,Aggregation,0.001404,0.0006654262542724
Pandas,Water Potability,1.0.0,v1,10,Aggregation,0.003235,0.00069260597229
Pandas,Water Potability,1.0.0,v1,10,Row/Column,0.0,0.0005183219909667
Pandas,Water Potability,1.0.0,v1,10,I/O,0.111389,0.0086400508880615
Pandas,Water Potability,1.0.0,v1,10,I/O,0.152282,0.0229344367980957
Pandas,Water Potability,1.0.0,v1,10,I/O,0.27539,0.0387430191040039
Pandas,Water Potability,1.0.0,v1,10,I/O,0.035827,0.0044813156127929
Pandas,Water Potability,1.0.0,v1,10,Missing,0.00177,0.0008673667907714
Pandas,Water Potability,1.0.0,v1,10,Missing,0.006714,0.0012521743774414
Pandas,Water Potability,1.0.0,v1,10,Missing,0.0,0.0008928775787353
Pandas,Water Potability,1.0.0,v1,10,Missing,0.0,0.0008018016815185
Pandas,Water Potability,1.0.0,v1,10,Row/Column,0.007569,0.001131534576416
Pandas,Water Potability,1.0.0,v1,10,Aggregation,0.0,0.0007450580596923
Pandas,Water Potability,1.0.0,v1,10,Row/Column,0.006958,0.0011215209960937
Pandas,Water Potability,1.0.0,v1,10,Row/Column,0.008118,0.0011894702911376
Pandas,Water Potability,1.0.0,v1,10,Row/Column,0.038757,0.0049371719360351
Pandas,Water Potability,1.0.0,v1,10,Aggregation,0.007568,0.0013279914855957
Pandas,Water Potability,1.0.0,v1,10,Aggregation,0.005371,0.0008149147033691
Pandas,Water Potability,1.0.0,v1,10,Aggregation,0.0,0.0006821155548095
Pandas,Water Potability,1.0.0,v1,10,Aggregation,0.0,0.0006773471832275
Pandas,Water Potability,1.0.0,v1,10,Aggregation,0.002624,0.0006699562072753
Pandas,Water Potability,1.0.0,v1,10,Row/Column,0.001343,0.0006699562072753
Pandas,Water Potability,1.0.0,v1,10,I/O,0.08966,0.0081796646118164
Pandas,Water Potability,1.0.0,v1,10,I/O,0.158386,0.022961139678955
Pandas,Water Potability,1.0.0,v1,10,I/O,0.2854,0.0391669273376464
Pandas,Water Potability,1.0.0,v1,10,I/O,0.036377,0.0048093795776367
Pandas,Water Potability,1.0.0,v1,10,Missing,0.00177,0.0008516311645507
Pandas,Water Potability,1.0.0,v1,10,Missing,0.006775,0.0012750625610351
Pandas,Water Potability,1.0.0,v1,10,Missing,0.006348,0.0008933544158935
Pandas,Water Potability,1.0.0,v1,10,Missing,0.001586,0.0008232593536376
Pandas,Water Potability,1.0.0,v1,10,Row/Column,0.008423,0.0011522769927978
Pandas,Water Potability,1.0.0,v1,10,Aggregation,0.0,0.0006911754608154
Pandas,Water Potability,1.0.0,v1,10,Row/Column,0.008179,0.001122236251831
Pandas,Water Potability,1.0.0,v1,10,Row/Column,0.007507,0.0012416839599609
Pandas,Water Potability,1.0.0,v1,10,Row/Column,0.034851,0.004897117614746
Pandas,Water Potability,1.0.0,v1,10,Aggregation,0.008484,0.0009565353393554
Pandas,Water Potability,1.0.0,v1,10,Aggregation,0.0,0.0004658699035644
Pandas,Water Potability,1.0.0,v1,10,Aggregation,0.000611,0.0003073215484619
Pandas,Water Potability,1.0.0,v1,10,Aggregation,0.0,0.0003054141998291
Pandas,Water Potability,1.0.0,v1,10,Aggregation,0.001344,0.0003139972686767
Pandas,Water Potability,1.0.0,v1,10,Row/Column,0.0,0.0003089904785156
Pandas,Water Potability,1.0.0,v1,10,I/O,0.081604,0.0081520080566406
Pandas,Water Potability,1.0.0,v1,10,I/O,0.170471,0.0239336490631103
Pandas,Water Potability,1.0.0,v1,10,I/O,0.296325,0.0389182567596435
Pandas,Water Potability,1.0.0,v1,10,I/O,0.035095,0.0048127174377441
Pandas,Water Potability,1.0.0,v1,10,Missing,0.002686,0.0008277893066406
Pandas,Water Potability,1.0.0,v1,10,Missing,0.006469,0.0012905597686767
Pandas,Water Potability,1.0.0,v1,10,Missing,0.003174,0.0009174346923828
Pandas,Water Potability,1.0.0,v1,10,Missing,0.001037,0.0007703304290771
Pandas,Water Potability,1.0.0,v1,10,Row/Column,0.008362,0.0011608600616455
Pandas,Water Potability,1.0.0,v1,10,Aggregation,0.0,0.0007193088531494
Pandas,Water Potability,1.0.0,v1,10,Row/Column,0.002259,0.0011153221130371
Pandas,Water Potability,1.0.0,v1,10,Row/Column,0.007872,0.0012514591217041
Pandas,Water Potability,1.0.0,v1,10,Row/Column,0.035522,0.0049517154693603
Pandas,Water Potability,1.0.0,v1,10,Aggregation,0.007995,0.0013215541839599
Pandas,Water Potability,1.0.0,v1,10,Aggregation,0.0,0.0008275508880615
Pandas,Water Potability,1.0.0,v1,10,Aggregation,0.0,0.0006721019744873
Pandas,Water Potability,1.0.0,v1,10,Aggregation,0.0,0.0006332397460937
Pandas,Water Potability,1.0.0,v1,10,Aggregation,0.001403,0.0006682872772216
Pandas,Water Potability,1.0.0,v1,10,Row/Column,0.003112,0.0006749629974365
Pandas,Water Potability,1.0.0,v1,10,I/O,0.09491,0.0081462860107421
Pandas,Water Potability,1.0.0,v1,10,I/O,0.165467,0.0229151248931884
Pandas,Water Potability,1.0.0,v1,10,I/O,0.30493,0.0387046337127685
Pandas,Water Potability,1.0.0,v1,10,I/O,0.035156,0.0048112869262695
Pandas,Water Potability,1.0.0,v1,10,Missing,0.0,0.0007128715515136
Pandas,Water Potability,1.0.0,v1,10,Missing,0.007508,0.0011119842529296
Pandas,Water Potability,1.0.0,v1,10,Missing,0.001831,0.0009212493896484
Pandas,Water Potability,1.0.0,v1,10,Missing,0.001648,0.0008246898651123
Pandas,Water Potability,1.0.0,v1,10,Row/Column,0.007691,0.0011506080627441
Pandas,Water Potability,1.0.0,v1,10,Aggregation,0.003723,0.0007481575012207
Pandas,Water Potability,1.0.0,v1,10,Row/Column,0.003173,0.0010952949523925
Pandas,Water Potability,1.0.0,v1,10,Row/Column,0.008057,0.0012331008911132
Pandas,Water Potability,1.0.0,v1,10,Row/Column,0.034852,0.0049686431884765
Pandas,Water Potability,1.0.0,v1,10,Aggregation,0.007569,0.0012910366058349
Pandas,Water Potability,1.0.0,v1,10,Aggregation,0.0,0.000760793685913
Pandas,Water Potability,1.0.0,v1,10,Aggregation,0.001588,0.0006659030914306
Pandas,Water Potability,1.0.0,v1,10,Aggregation,0.0,0.0006630420684814
Pandas,Water Potability,1.0.0,v1,10,Aggregation,0.004639,0.000624656677246
Pandas,Water Potability,1.0.0,v1,10,Row/Column,0.001588,0.0006895065307617
Pandas,Water Potability,1.0.0,v1,10,I/O,0.074951,0.0081105232238769
Pandas,Water Potability,1.0.0,v1,10,I/O,0.152954,0.0229020118713378
Pandas,Water Potability,1.0.0,v1,10,I/O,0.296019,0.0391185283660888
Pandas,Water Potability,1.0.0,v1,10,I/O,0.034302,0.0048177242279052
Pandas,Water Potability,1.0.0,v1,10,Missing,0.001648,0.0008602142333984
Pandas,Water Potability,1.0.0,v1,10,Missing,0.008179,0.0012984275817871
Pandas,Water Potability,1.0.0,v1,10,Missing,0.001831,0.0009174346923828
Pandas,Water Potability,1.0.0,v1,10,Missing,0.0,0.0008337497711181
Pandas,Water Potability,1.0.0,v1,10,Row/Column,0.00299,0.0011541843414306
Pandas,Water Potability,1.0.0,v1,10,Aggregation,0.0,0.0007522106170654
Pandas,Water Potability,1.0.0,v1,10,Row/Column,0.008178,0.0011153221130371
Pandas,Water Potability,1.0.0,v1,10,Row/Column,0.007263,0.001244306564331
Pandas,Water Potability,1.0.0,v1,10,Row/Column,0.035827,0.0049540996551513
Pandas,Water Potability,1.0.0,v1,10,Aggregation,0.008056,0.0013279914855957
Pandas,Water Potability,1.0.0,v1,10,Aggregation,0.004944,0.0008137226104736
Pandas,Water Potability,1.0.0,v1,10,Aggregation,0.005921,0.000676155090332
Pandas,Water Potability,1.0.0,v1,10,Aggregation,0.000733,0.000676155090332
Pandas,Water Potability,1.0.0,v1,10,Aggregation,0.001832,0.0006830692291259
Pandas,Water Potability,1.0.0,v1,10,Row/Column,0.007141,0.0006680488586425
Pandas,Water Potability,1.0.0,v1,10,I/O,0.077942,0.0085411071777343
Pandas,Water Potability,1.0.0,v1,10,I/O,0.164062,0.0230152606964111
Pandas,Water Potability,1.0.0,v1,10,I/O,0.290709,0.0392911434173584
Pandas,Water Potability,1.0.0,v1,10,I/O,0.034852,0.0048205852508544
Pandas,Water Potability,1.0.0,v1,10,Missing,0.005921,0.0008478164672851
Pandas,Water Potability,1.0.0,v1,10,Missing,0.007447,0.0012755393981933
Pandas,Water Potability,1.0.0,v1,10,Missing,0.001526,0.0009171962738037
Pandas,Water Potability,1.0.0,v1,10,Missing,0.001954,0.0008158683776855
Pandas,Water Potability,1.0.0,v1,10,Row/Column,0.007446,0.0011432170867919
Pandas,Water Potability,1.0.0,v1,10,Aggregation,0.0,0.000741958618164
Pandas,Water Potability,1.0.0,v1,10,Row/Column,0.007324,0.0011172294616699
Pandas,Water Potability,1.0.0,v1,10,Row/Column,0.008057,0.0012571811676025
Pandas,Water Potability,1.0.0,v1,10,Row/Column,0.044861,0.0049731731414794
Pandas,Water Potability,1.0.0,v1,10,Aggregation,0.010925,0.0013070106506347
Pandas,Water Potability,1.0.0,v1,10,Aggregation,0.0,0.0008080005645751
Pandas,Water Potability,1.0.0,v1,10,Aggregation,0.0,0.0006825923919677
Pandas,Water Potability,1.0.0,v1,10,Aggregation,0.0,0.0006656646728515
Pandas,Water Potability,1.0.0,v1,10,Aggregation,0.0,0.0006799697875976
Pandas,Water Potability,1.0.0,v1,10,Row/Column,0.0,0.0006868839263916
Pandas,Water Potability,2.0.0,v2,10,I/O,0.090576,0.0093286037445068
Pandas,Water Potability,2.0.0,v2,10,I/O,0.190063,0.0281784534454345
Pandas,Water Potability,2.0.0,v2,10,I/O,0.304688,0.0415394306182861
Pandas,Water Potability,2.0.0,v2,10,I/O,0.054931,0.0119035243988037
Pandas,Water Potability,2.0.0,v2,10,Missing,0.003052,0.0008447170257568
Pandas,Water Potability,2.0.0,v2,10,Missing,0.02649,0.0083785057067871
Pandas,Water Potability,2.0.0,v2,10,Missing,0.004395,0.0009152889251708
Pandas,Water Potability,2.0.0,v2,10,Missing,0.003296,0.000823974609375
Pandas,Water Potability,2.0.0,v2,10,Row/Column,0.02124,0.0077757835388183
Pandas,Water Potability,2.0.0,v2,10,Aggregation,0.004638,0.0007441043853759
Pandas,Water Potability,2.0.0,v2,10,Row/Column,0.008057,0.0011928081512451
Pandas,Water Potability,2.0.0,v2,10,Row/Column,0.021118,0.0078938007354736
Pandas,Water Potability,2.0.0,v2,10,Row/Column,0.064819,0.013049840927124
Pandas,Water Potability,2.0.0,v2,10,Aggregation,0.011108,0.0012986660003662
Pandas,Water Potability,2.0.0,v2,10,Aggregation,0.02063,0.0072102546691894
Pandas,Water Potability,2.0.0,v2,10,Aggregation,0.0,0.0006849765777587
Pandas,Water Potability,2.0.0,v2,10,Aggregation,0.0177,0.0070629119873046
Pandas,Water Potability,2.0.0,v2,10,Aggregation,0.0,0.0006995201110839
Pandas,Water Potability,2.0.0,v2,10,Row/Column,0.001159,0.0006654262542724
Pandas,Water Potability,2.0.0,v2,10,I/O,0.104981,0.0085260868072509
Pandas,Water Potability,2.0.0,v2,10,I/O,0.167113,0.0248525142669677
Pandas,Water Potability,2.0.0,v2,10,I/O,0.289917,0.0387730598449707
Pandas,Water Potability,2.0.0,v2,10,I/O,0.036194,0.0048441886901855
Pandas,Water Potability,2.0.0,v2,10,Missing,0.001709,0.0008461475372314
Pandas,Water Potability,2.0.0,v2,10,Missing,0.007202,0.0012738704681396
Pandas,Water Potability,2.0.0,v2,10,Missing,0.002808,0.0008878707885742
Pandas,Water Potability,2.0.0,v2,10,Missing,0.000427,0.0008187294006347
Pandas,Water Potability,2.0.0,v2,10,Row/Column,0.008301,0.0011146068572998
Pandas,Water Potability,2.0.0,v2,10,Aggregation,0.0,0.0007686614990234
Pandas,Water Potability,2.0.0,v2,10,Row/Column,0.007813,0.0011141300201416
Pandas,Water Potability,2.0.0,v2,10,Row/Column,0.008972,0.0012426376342773
Pandas,Water Potability,2.0.0,v2,10,Row/Column,0.043579,0.0049519538879394
Pandas,Water Potability,2.0.0,v2,10,Aggregation,0.006409,0.0012474060058593
Pandas,Water Potability,2.0.0,v2,10,Aggregation,0.003784,0.0008172988891601
Pandas,Water Potability,2.0.0,v2,10,Aggregation,0.001526,0.0006704330444335
Pandas,Water Potability,2.0.0,v2,10,Aggregation,0.0,0.0006003379821777
Pandas,Water Potability,2.0.0,v2,10,Aggregation,0.0,0.0006897449493408
Pandas,Water Potability,2.0.0,v2,10,Row/Column,0.004456,0.000685691833496
Pandas,Water Potability,2.0.0,v2,10,I/O,0.082885,0.0082607269287109
Pandas,Water Potability,2.0.0,v2,10,I/O,0.161071,0.0233173370361328
Pandas,Water Potability,2.0.0,v2,10,I/O,0.299805,0.0385138988494873
Pandas,Water Potability,2.0.0,v2,10,I/O,0.036194,0.004817247390747
Pandas,Water Potability,2.0.0,v2,10,Missing,0.003296,0.0008413791656494
Pandas,Water Potability,2.0.0,v2,10,Missing,0.008789,0.0012598037719726
Pandas,Water Potability,2.0.0,v2,10,Missing,0.001709,0.0009036064147949
Pandas,Water Potability,2.0.0,v2,10,Missing,0.001648,0.0008192062377929
Pandas,Water Potability,2.0.0,v2,10,Row/Column,0.004578,0.0011470317840576
Pandas,Water Potability,2.0.0,v2,10,Aggregation,0.001647,0.0007557868957519
Pandas,Water Potability,2.0.0,v2,10,Row/Column,0.002809,0.0010480880737304
Pandas,Water Potability,2.0.0,v2,10,Row/Column,0.003235,0.0012359619140625
Pandas,Water Potability,2.0.0,v2,10,Row/Column,0.034301,0.0049054622650146
Pandas,Water Potability,2.0.0,v2,10,Aggregation,0.006836,0.0013008117675781
Pandas,Water Potability,2.0.0,v2,10,Aggregation,0.001648,0.0008132457733154
Pandas,Water Potability,2.0.0,v2,10,Aggregation,0.0,0.000685691833496
Pandas,Water Potability,2.0.0,v2,10,Aggregation,0.0,0.0006568431854248
Pandas,Water Potability,2.0.0,v2,10,Aggregation,0.0,0.0006887912750244
Pandas,Water Potability,2.0.0,v2,10,Row/Column,0.0,0.0006725788116455
Pandas,Water Potability,2.0.0,v2,10,I/O,0.092285,0.0082819461822509
Pandas,Water Potability,2.0.0,v2,10,I/O,0.153931,0.0231640338897705
Pandas,Water Potability,2.0.0,v2,10,I/O,0.291137,0.038820743560791
Pandas,Water Potability,2.0.0,v2,10,I/O,0.036682,0.0048801898956298
Pandas,Water Potability,2.0.0,v2,10,Missing,0.001465,0.0008583068847656
Pandas,Water Potability,2.0.0,v2,10,Missing,0.008423,0.0012233257293701
Pandas,Water Potability,2.0.0,v2,10,Missing,0.007629,0.0008916854858398
Pandas,Water Potability,2.0.0,v2,10,Missing,0.003906,0.0008416175842285
Pandas,Water Potability,2.0.0,v2,10,Row/Column,0.005371,0.0011484622955322
Pandas,Water Potability,2.0.0,v2,10,Aggregation,0.0,0.0006670951843261
Pandas,Water Potability,2.0.0,v2,10,Row/Column,0.008484,0.0010344982147216
Pandas,Water Potability,2.0.0,v2,10,Row/Column,0.007264,0.0011787414550781
Pandas,Water Potability,2.0.0,v2,10,Row/Column,0.036316,0.0049209594726562
Pandas,Water Potability,2.0.0,v2,10,Aggregation,0.003722,0.0013062953948974
Pandas,Water Potability,2.0.0,v2,10,Aggregation,0.002564,0.0006463527679443
Pandas,Water Potability,2.0.0,v2,10,Aggregation,0.003114,0.0006797313690185
Pandas,Water Potability,2.0.0,v2,10,Aggregation,0.0,0.0006642341613769
Pandas,Water Potability,2.0.0,v2,10,Aggregation,0.00647,0.0006768703460693
Pandas,Water Potability,2.0.0,v2,10,Row/Column,0.0,0.0006062984466552
Pandas,Water Potability,2.0.0,v2,10,I/O,0.090637,0.0083611011505126
Pandas,Water Potability,2.0.0,v2,10,I/O,0.159668,0.021848440170288
Pandas,Water Potability,2.0.0,v2,10,I/O,0.286499,0.0388605594635009
Pandas,Water Potability,2.0.0,v2,10,I/O,0.042114,0.004847764968872
Pandas,Water Potability,2.0.0,v2,10,Missing,0.004517,0.000864028930664
Pandas,Water Potability,2.0.0,v2,10,Missing,0.007995,0.0012545585632324
Pandas,Water Potability,2.0.0,v2,10,Missing,0.00177,0.0008933544158935
Pandas,Water Potability,2.0.0,v2,10,Missing,0.006164,0.0008125305175781
Pandas,Water Potability,2.0.0,v2,10,Row/Column,0.005005,0.0011687278747558
Pandas,Water Potability,2.0.0,v2,10,Aggregation,0.007507,0.0007638931274414
Pandas,Water Potability,2.0.0,v2,10,Row/Column,0.007447,0.0011022090911865
Pandas,Water Potability,2.0.0,v2,10,Row/Column,0.009094,0.0012297630310058
Pandas,Water Potability,2.0.0,v2,10,Row/Column,0.035705,0.0049347877502441
Pandas,Water Potability,2.0.0,v2,10,Aggregation,0.012573,0.0013015270233154
Pandas,Water Potability,2.0.0,v2,10,Aggregation,0.001098,0.0008087158203125
Pandas,Water Potability,2.0.0,v2,10,Aggregation,0.001343,0.000685691833496
Pandas,Water Potability,2.0.0,v2,10,Aggregation,0.00177,0.0006694793701171
Pandas,Water Potability,2.0.0,v2,10,Aggregation,0.004883,0.0006959438323974
Pandas,Water Potability,2.0.0,v2,10,Row/Column,0.0,0.0006687641143798
Pandas,Water Potability,2.0.0,v2,10,I/O,0.085265,0.0083110332489013
Pandas,Water Potability,2.0.0,v2,10,I/O,0.154846,0.0229997634887695
Pandas,Water Potability,2.0.0,v2,10,I/O,0.295593,0.0387241840362548
Pandas,Water Potability,2.0.0,v2,10,I/O,0.035278,0.0048973560333251
Pandas,Water Potability,2.0.0,v2,10,Missing,0.00592,0.0008838176727294
Pandas,Water Potability,2.0.0,v2,10,Missing,0.008118,0.0012600421905517
Pandas,Water Potability,2.0.0,v2,10,Missing,0.001892,0.0009045600891113
Pandas,Water Potability,2.0.0,v2,10,Missing,0.001587,0.0008206367492675
Pandas,Water Potability,2.0.0,v2,10,Row/Column,0.002868,0.0011436939239501
Pandas,Water Potability,2.0.0,v2,10,Aggregation,0.0,0.0005886554718017
Pandas,Water Potability,2.0.0,v2,10,Row/Column,0.006041,0.0010454654693603
Pandas,Water Potability,2.0.0,v2,10,Row/Column,0.007445,0.0010809898376464
Pandas,Water Potability,2.0.0,v2,10,Row/Column,0.03418,0.0047485828399658
Pandas,Water Potability,2.0.0,v2,10,Aggregation,0.005738,0.0012979507446289
Pandas,Water Potability,2.0.0,v2,10,Aggregation,0.0,0.0008153915405273
Pandas,Water Potability,2.0.0,v2,10,Aggregation,0.0,0.0006623268127441
Pandas,Water Potability,2.0.0,v2,10,Aggregation,0.001892,0.0005083084106445
Pandas,Water Potability,2.0.0,v2,10,Aggregation,0.001038,0.0006961822509765
Pandas,Water Potability,2.0.0,v2,10,Row/Column,0.00116,0.0006711483001708
Pandas,Water Potability,2.0.0,v2,10,I/O,0.090393,0.0083985328674316
Pandas,Water Potability,2.0.0,v2,10,I/O,0.159607,0.0223281383514404
Pandas,Water Potability,2.0.0,v2,10,I/O,0.283568,0.0388245582580566
Pandas,Water Potability,2.0.0,v2,10,I/O,0.036437,0.0048823356628417
Pandas,Water Potability,2.0.0,v2,10,Missing,0.003479,0.0008752346038818
Pandas,Water Potability,2.0.0,v2,10,Missing,0.007386,0.0013108253479003
Pandas,Water Potability,2.0.0,v2,10,Missing,0.0,0.0007407665252685
Pandas,Water Potability,2.0.0,v2,10,Missing,0.003784,0.0006685256958007
Pandas,Water Potability,2.0.0,v2,10,Row/Column,0.007201,0.0011661052703857
Pandas,Water Potability,2.0.0,v2,10,Aggregation,0.0,0.0007562637329101
Pandas,Water Potability,2.0.0,v2,10,Row/Column,0.002014,0.000960350036621
Pandas,Water Potability,2.0.0,v2,10,Row/Column,0.007141,0.0012357234954833
Pandas,Water Potability,2.0.0,v2,10,Row/Column,0.034546,0.0048708915710449
Pandas,Water Potability,2.0.0,v2,10,Aggregation,0.00708,0.0013043880462646
Pandas,Water Potability,2.0.0,v2,10,Aggregation,0.001159,0.0008187294006347
Pandas,Water Potability,2.0.0,v2,10,Aggregation,0.005005,0.0006840229034423
Pandas,Water Potability,2.0.0,v2,10,Aggregation,0.003418,0.0006864070892333
Pandas,Water Potability,2.0.0,v2,10,Aggregation,0.004822,0.000514268875122
Pandas,Water Potability,2.0.0,v2,10,Row/Column,0.0,0.0006124973297119
Pandas,Water Potability,2.0.0,v2,10,I/O,0.088623,0.0083591938018798
Pandas,Water Potability,2.0.0,v2,10,I/O,0.155518,0.0232656002044677
Pandas,Water Potability,2.0.0,v2,10,I/O,0.29254,0.0388140678405761
Pandas,Water Potability,2.0.0,v2,10,I/O,0.035156,0.0046117305755615
Pandas,Water Potability,2.0.0,v2,10,Missing,0.0,0.0004858970642089
Pandas,Water Potability,2.0.0,v2,10,Missing,0.001892,0.0009360313415527
Pandas,Water Potability,2.0.0,v2,10,Missing,0.0,0.0005557537078857
Pandas,Water Potability,2.0.0,v2,10,Missing,0.0,0.0004780292510986
Pandas,Water Potability,2.0.0,v2,10,Row/Column,0.006897,0.001086950302124
Pandas,Water Potability,2.0.0,v2,10,Aggregation,0.0,0.0007402896881103
Pandas,Water Potability,2.0.0,v2,10,Row/Column,0.007141,0.0011262893676757
Pandas,Water Potability,2.0.0,v2,10,Row/Column,0.010071,0.0012133121490478
Pandas,Water Potability,2.0.0,v2,10,Row/Column,0.042296,0.0050175189971923
Pandas,Water Potability,2.0.0,v2,10,Aggregation,0.003357,0.0013148784637451
Pandas,Water Potability,2.0.0,v2,10,Aggregation,0.00537,0.0008125305175781
Pandas,Water Potability,2.0.0,v2,10,Aggregation,0.0,0.0003085136413574
Pandas,Water Potability,2.0.0,v2,10,Aggregation,0.0,0.0003049373626708
Pandas,Water Potability,2.0.0,v2,10,Aggregation,0.0,0.0003411769866943
Pandas,Water Potability,2.0.0,v2,10,Row/Column,0.0,0.0003299713134765
Pandas,Water Potability,2.0.0,v2,10,I/O,0.083191,0.008840799331665
Pandas,Water Potability,2.0.0,v2,10,I/O,0.14685,0.0220005512237548
Pandas,Water Potability,2.0.0,v2,10,I/O,0.291564,0.038588523864746
Pandas,Water Potability,2.0.0,v2,10,I/O,0.034363,0.0045714378356933
Pandas,Water Potability,2.0.0,v2,10,Missing,0.0,0.0004901885986328
Pandas,Water Potability,2.0.0,v2,10,Missing,0.0,0.0009346008300781
Pandas,Water Potability,2.0.0,v2,10,Missing,0.002441,0.000547170639038
Pandas,Water Potability,2.0.0,v2,10,Missing,0.002442,0.0004560947418212
Pandas,Water Potability,2.0.0,v2,10,Row/Column,0.008362,0.001131534576416
Pandas,Water Potability,2.0.0,v2,10,Aggregation,0.0,0.0007646083831787
Pandas,Water Potability,2.0.0,v2,10,Row/Column,0.005554,0.0011045932769775
Pandas,Water Potability,2.0.0,v2,10,Row/Column,0.008484,0.0010788440704345
Pandas,Water Potability,2.0.0,v2,10,Row/Column,0.035278,0.004915714263916
Pandas,Water Potability,2.0.0,v2,10,Aggregation,0.005982,0.0012567043304443
Pandas,Water Potability,2.0.0,v2,10,Aggregation,0.001648,0.0008203983306884
Pandas,Water Potability,2.0.0,v2,10,Aggregation,0.0,0.0006093978881835
Pandas,Water Potability,2.0.0,v2,10,Aggregation,0.000672,0.0005083084106445
Pandas,Water Potability,2.0.0,v2,10,Aggregation,0.0,0.0006055831909179
Pandas,Water Potability,2.0.0,v2,10,Row/Column,0.0,0.0005128383636474
Pandas,Water Potability,2.0.0,v2,10,I/O,0.092408,0.0083556175231933
Pandas,Water Potability,2.0.0,v2,10,I/O,0.15802,0.0235254764556884
Pandas,Water Potability,2.0.0,v2,10,I/O,0.293946,0.0388445854187011
Pandas,Water Potability,2.0.0,v2,10,I/O,0.039064,0.0048739910125732
Pandas,Water Potability,2.0.0,v2,10,Missing,0.0,0.0004780292510986
Pandas,Water Potability,2.0.0,v2,10,Missing,0.00592,0.0009429454803466
Pandas,Water Potability,2.0.0,v2,10,Missing,0.0,0.0005545616149902
Pandas,Water Potability,2.0.0,v2,10,Missing,0.0,0.0004773139953613
Pandas,Water Potability,2.0.0,v2,10,Row/Column,0.00287,0.0007941722869873
Pandas,Water Potability,2.0.0,v2,10,Aggregation,0.0,0.0003886222839355
Pandas,Water Potability,2.0.0,v2,10,Row/Column,0.0,0.0007662773132324
Pandas,Water Potability,2.0.0,v2,10,Row/Column,0.001832,0.0009036064147949
Pandas,Water Potability,2.0.0,v2,10,Row/Column,0.0365,0.004645824432373
Pandas,Water Potability,2.0.0,v2,10,Aggregation,0.003723,0.0012955665588378
Pandas,Water Potability,2.0.0,v2,10,Aggregation,0.0,0.0008299350738525
Pandas,Water Potability,2.0.0,v2,10,Aggregation,0.001343,0.0006725788116455
Pandas,Water Potability,2.0.0,v2,10,Aggregation,0.006714,0.0006618499755859
Pandas,Water Potability,2.0.0,v2,10,Aggregation,0.0,0.0006854534149169
Pandas,Water Potability,2.0.0,v2,10,Row/Column,0.0,0.0006656646728515
Pandas,Water Potability,2.2.0,v0,10,I/O,0.08319,0.0137357711791992
Pandas,Water Potability,2.2.0,v0,10,I/O,0.166809,0.0252747535705566
Pandas,Water Potability,2.2.0,v0,10,I/O,0.265991,0.0330045223236084
Pandas,Water Potability,2.2.0,v0,10,I/O,0.0401,0.0049841403961181
Pandas,Water Potability,2.2.0,v0,10,Missing,0.00232,0.0004756450653076
Pandas,Water Potability,2.2.0,v0,10,Missing,0.006348,0.001056432723999
Pandas,Water Potability,2.2.0,v0,10,Missing,0.0,0.0005385875701904
Pandas,Water Potability,2.2.0,v0,10,Missing,0.002929,0.0004482269287109
Pandas,Water Potability,2.2.0,v0,10,Row/Column,0.0,0.0008707046508789
Pandas,Water Potability,2.2.0,v0,10,Aggregation,0.000916,0.0003964900970458
Pandas,Water Potability,2.2.0,v0,10,Row/Column,0.002137,0.0007483959197998
Pandas,Water Potability,2.2.0,v0,10,Row/Column,0.002991,0.0009136199951171
Pandas,Water Potability,2.2.0,v0,10,Row/Column,0.031495,0.0047178268432617
Pandas,Water Potability,2.2.0,v0,10,Aggregation,0.0,0.0009450912475585
Pandas,Water Potability,2.2.0,v0,10,Aggregation,0.0,0.0004563331604003
Pandas,Water Potability,2.2.0,v0,10,Aggregation,0.0,0.0003166198730468
Pandas,Water Potability,2.2.0,v0,10,Aggregation,0.005127,0.0003693103790283
Pandas,Water Potability,2.2.0,v0,10,Aggregation,0.001342,0.0003371238708496
Pandas,Water Potability,2.2.0,v0,10,Row/Column,0.000366,0.0003306865692138
Pandas,Water Potability,2.2.0,v0,10,I/O,0.047059,0.0055453777313232
Pandas,Water Potability,2.2.0,v0,10,I/O,0.138061,0.0165884494781494
Pandas,Water Potability,2.2.0,v0,10,I/O,0.260497,0.0311930179595947
Pandas,Water Potability,2.2.0,v0,10,I/O,0.034118,0.0044867992401123
Pandas,Water Potability,2.2.0,v0,10,Missing,0.00232,0.0008168220520019
Pandas,Water Potability,2.2.0,v0,10,Missing,0.005615,0.0012629032135009
Pandas,Water Potability,2.2.0,v0,10,Missing,0.005493,0.0008974075317382
Pandas,Water Potability,2.2.0,v0,10,Missing,0.002014,0.000718355178833
Pandas,Water Potability,2.2.0,v0,10,Row/Column,0.0,0.0007789134979248
Pandas,Water Potability,2.2.0,v0,10,Aggregation,0.002869,0.0003974437713623
Pandas,Water Potability,2.2.0,v0,10,Row/Column,0.002136,0.0008811950683593
Pandas,Water Potability,2.2.0,v0,10,Row/Column,0.003539,0.0008783340454101
Pandas,Water Potability,2.2.0,v0,10,Row/Column,0.034057,0.0045862197875976
Pandas,Water Potability,2.2.0,v0,10,Aggregation,0.006653,0.0009269714355468
Pandas,Water Potability,2.2.0,v0,10,Aggregation,0.0,0.000443696975708
Pandas,Water Potability,2.2.0,v0,10,Aggregation,0.0,0.0003080368041992
Pandas,Water Potability,2.2.0,v0,10,Aggregation,0.0,0.0002992153167724
Pandas,Water Potability,2.2.0,v0,10,Aggregation,0.000916,0.0003135204315185
Pandas,Water Potability,2.2.0,v0,10,Row/Column,0.0,0.0003087520599365
Pandas,Water Potability,2.2.0,v0,10,I/O,0.041321,0.0055665969848632
Pandas,Water Potability,2.2.0,v0,10,I/O,0.141541,0.0165340900421142
Pandas,Water Potability,2.2.0,v0,10,I/O,0.260131,0.0310430526733398
Pandas,Water Potability,2.2.0,v0,10,I/O,0.033813,0.0044293403625488
Pandas,Water Potability,2.2.0,v0,10,Missing,0.0,0.000483751296997
Pandas,Water Potability,2.2.0,v0,10,Missing,0.001465,0.0009200572967529
Pandas,Water Potability,2.2.0,v0,10,Missing,0.0,0.0005207061767578
Pandas,Water Potability,2.2.0,v0,10,Missing,0.003418,0.0004403591156005
Pandas,Water Potability,2.2.0,v0,10,Row/Column,0.006348,0.0007321834564208
Pandas,Water Potability,2.2.0,v0,10,Aggregation,0.001282,0.000385046005249
Pandas,Water Potability,2.2.0,v0,10,Row/Column,0.0,0.0008621215820312
Pandas,Water Potability,2.2.0,v0,10,Row/Column,0.001466,0.0008876323699951
Pandas,Water Potability,2.2.0,v0,10,Row/Column,0.030762,0.0045750141143798
Pandas,Water Potability,2.2.0,v0,10,Aggregation,0.007629,0.0009393692016601
Pandas,Water Potability,2.2.0,v0,10,Aggregation,0.0,0.0004658699035644
Pandas,Water Potability,2.2.0,v0,10,Aggregation,0.0,0.0003261566162109
Pandas,Water Potability,2.2.0,v0,10,Aggregation,0.0,0.0003161430358886
Pandas,Water Potability,2.2.0,v0,10,Aggregation,0.0,0.0003139972686767
Pandas,Water Potability,2.2.0,v0,10,Row/Column,0.0,0.0003116130828857
Pandas,Water Potability,2.2.0,v0,10,I/O,0.037658,0.0052630901336669
Pandas,Water Potability,2.2.0,v0,10,I/O,0.133545,0.0156896114349365
Pandas,Water Potability,2.2.0,v0,10,I/O,0.263672,0.0313713550567626
Pandas,Water Potability,2.2.0,v0,10,I/O,0.033692,0.0045917034149169
Pandas,Water Potability,2.2.0,v0,10,Missing,0.000854,0.0004615783691406
Pandas,Water Potability,2.2.0,v0,10,Missing,0.008423,0.0009231567382812
Pandas,Water Potability,2.2.0,v0,10,Missing,0.0,0.0005409717559814
Pandas,Water Potability,2.2.0,v0,10,Missing,0.0,0.0004506111145019
Pandas,Water Potability,2.2.0,v0,10,Row/Column,0.0036,0.0007557868957519
Pandas,Water Potability,2.2.0,v0,10,Aggregation,0.0,0.0003831386566162
Pandas,Water Potability,2.2.0,v0,10,Row/Column,0.0,0.0007338523864746
Pandas,Water Potability,2.2.0,v0,10,Row/Column,0.0,0.0008900165557861
Pandas,Water Potability,2.2.0,v0,10,Row/Column,0.033507,0.0045621395111083
Pandas,Water Potability,2.2.0,v0,10,Aggregation,0.0,0.00093674659729
Pandas,Water Potability,2.2.0,v0,10,Aggregation,0.002258,0.0004620552062988
Pandas,Water Potability,2.2.0,v0,10,Aggregation,0.000611,0.0003073215484619
Pandas,Water Potability,2.2.0,v0,10,Aggregation,0.0,0.0003001689910888
Pandas,Water Potability,2.2.0,v0,10,Aggregation,0.0,0.0003104209899902
Pandas,Water Potability,2.2.0,v0,10,Row/Column,0.0,0.0003101825714111
Pandas,Water Potability,2.2.0,v0,10,I/O,0.03833,0.0052003860473632
Pandas,Water Potability,2.2.0,v0,10,I/O,0.128784,0.0151972770690917
Pandas,Water Potability,2.2.0,v0,10,I/O,0.266845,0.0313620567321777
Pandas,Water Potability,2.2.0,v0,10,I/O,0.034851,0.0044500827789306
Pandas,Water Potability,2.2.0,v0,10,Missing,0.002136,0.0004818439483642
Pandas,Water Potability,2.2.0,v0,10,Missing,0.003478,0.0010113716125488
Pandas,Water Potability,2.2.0,v0,10,Missing,0.0,0.0005288124084472
Pandas,Water Potability,2.2.0,v0,10,Missing,0.002808,0.0004470348358154
Pandas,Water Potability,2.2.0,v0,10,Row/Column,0.006836,0.000734806060791
Pandas,Water Potability,2.2.0,v0,10,Aggregation,0.0,0.0003864765167236
Pandas,Water Potability,2.2.0,v0,10,Row/Column,0.0,0.000861644744873
Pandas,Water Potability,2.2.0,v0,10,Row/Column,0.006592,0.0008807182312011
Pandas,Water Potability,2.2.0,v0,10,Row/Column,0.035156,0.0045685768127441
Pandas,Water Potability,2.2.0,v0,10,Aggregation,0.0,0.0009267330169677
Pandas,Water Potability,2.2.0,v0,10,Aggregation,0.00122,0.0004522800445556
Pandas,Water Potability,2.2.0,v0,10,Aggregation,0.0,0.0003213882446289
Pandas,Water Potability,2.2.0,v0,10,Aggregation,0.0,0.0003185272216796
Pandas,Water Potability,2.2.0,v0,10,Aggregation,0.002746,0.0003154277801513
Pandas,Water Potability,2.2.0,v0,10,Row/Column,0.0,0.0003039836883544
Pandas,Water Potability,2.2.0,v0,10,I/O,0.041138,0.0056941509246826
Pandas,Water Potability,2.2.0,v0,10,I/O,0.129456,0.0154283046722412
Pandas,Water Potability,2.2.0,v0,10,I/O,0.261474,0.0312919616699218
Pandas,Water Potability,2.2.0,v0,10,I/O,0.032715,0.0045135021209716
Pandas,Water Potability,2.2.0,v0,10,Missing,0.0,0.0004606246948242
Pandas,Water Potability,2.2.0,v0,10,Missing,0.006287,0.0008535385131835
Pandas,Water Potability,2.2.0,v0,10,Missing,0.001587,0.0005233287811279
Pandas,Water Potability,2.2.0,v0,10,Missing,0.0,0.0004434585571289
Pandas,Water Potability,2.2.0,v0,10,Row/Column,0.001587,0.0007727146148681
Pandas,Water Potability,2.2.0,v0,10,Aggregation,0.001464,0.0004031658172607
Pandas,Water Potability,2.2.0,v0,10,Row/Column,0.0,0.0008745193481445
Pandas,Water Potability,2.2.0,v0,10,Row/Column,0.0,0.0008597373962402
Pandas,Water Potability,2.2.0,v0,10,Row/Column,0.033263,0.0045931339263916
Pandas,Water Potability,2.2.0,v0,10,Aggregation,0.006775,0.0009131431579589
Pandas,Water Potability,2.2.0,v0,10,Aggregation,0.0,0.0004413127899169
Pandas,Water Potability,2.2.0,v0,10,Aggregation,0.0,0.0003077983856201
Pandas,Water Potability,2.2.0,v0,10,Aggregation,0.000671,0.0003063678741455
Pandas,Water Potability,2.2.0,v0,10,Aggregation,0.0,0.0003304481506347
Pandas,Water Potability,2.2.0,v0,10,Row/Column,0.004332,0.0003201961517333
Pandas,Water Potability,2.2.0,v0,10,I/O,0.043517,0.0056133270263671
Pandas,Water Potability,2.2.0,v0,10,I/O,0.13037,0.0157773494720459
Pandas,Water Potability,2.2.0,v0,10,I/O,0.259399,0.0309281349182128
Pandas,Water Potability,2.2.0,v0,10,I/O,0.033264,0.0045137405395507
Pandas,Water Potability,2.2.0,v0,10,Missing,0.0,0.0004820823669433
Pandas,Water Potability,2.2.0,v0,10,Missing,0.013367,0.0008721351623535
Pandas,Water Potability,2.2.0,v0,10,Missing,0.0,0.000523567199707
Pandas,Water Potability,2.2.0,v0,10,Missing,0.0,0.0004644393920898
Pandas,Water Potability,2.2.0,v0,10,Row/Column,0.007752,0.0007765293121337
Pandas,Water Potability,2.2.0,v0,10,Aggregation,0.0,0.0003840923309326
Pandas,Water Potability,2.2.0,v0,10,Row/Column,0.002075,0.0008831024169921
Pandas,Water Potability,2.2.0,v0,10,Row/Column,0.007812,0.0008854866027832
Pandas,Water Potability,2.2.0,v0,10,Row/Column,0.034057,0.0046179294586181
Pandas,Water Potability,2.2.0,v0,10,Aggregation,0.007934,0.0009348392486572
Pandas,Water Potability,2.2.0,v0,10,Aggregation,0.0,0.0004634857177734
Pandas,Water Potability,2.2.0,v0,10,Aggregation,0.0,0.000321626663208
Pandas,Water Potability,2.2.0,v0,10,Aggregation,0.000549,0.0002994537353515
Pandas,Water Potability,2.2.0,v0,10,Aggregation,0.00061,0.0003137588500976
Pandas,Water Potability,2.2.0,v0,10,Row/Column,0.0,0.0003085136413574
Pandas,Water Potability,2.2.0,v0,10,I/O,0.049683,0.0058035850524902
Pandas,Water Potability,2.2.0,v0,10,I/O,0.129699,0.0153260231018066
Pandas,Water Potability,2.2.0,v0,10,I/O,0.252807,0.0311508178710937
Pandas,Water Potability,2.2.0,v0,10,I/O,0.040344,0.0047590732574462
Pandas,Water Potability,2.2.0,v0,10,Missing,0.001282,0.0008330345153808
Pandas,Water Potability,2.2.0,v0,10,Missing,0.013306,0.0009150505065917
Pandas,Water Potability,2.2.0,v0,10,Missing,0.000855,0.0007393360137939
Pandas,Water Potability,2.2.0,v0,10,Missing,0.002807,0.0008130073547363
Pandas,Water Potability,2.2.0,v0,10,Row/Column,0.008116,0.000964879989624
Pandas,Water Potability,2.2.0,v0,10,Aggregation,0.0,0.0007472038269042
Pandas,Water Potability,2.2.0,v0,10,Row/Column,0.002625,0.0011789798736572
Pandas,Water Potability,2.2.0,v0,10,Row/Column,0.003845,0.0010621547698974
Pandas,Water Potability,2.2.0,v0,10,Row/Column,0.031861,0.0047354698181152
Pandas,Water Potability,2.2.0,v0,10,Aggregation,0.005066,0.0012116432189941
Pandas,Water Potability,2.2.0,v0,10,Aggregation,0.00122,0.0007979869842529
Pandas,Water Potability,2.2.0,v0,10,Aggregation,0.003785,0.0006697177886962
Pandas,Water Potability,2.2.0,v0,10,Aggregation,0.004272,0.0006663799285888
Pandas,Water Potability,2.2.0,v0,10,Aggregation,0.000366,0.0006711483001708
Pandas,Water Potability,2.2.0,v0,10,Row/Column,0.0,0.0006890296936035
Pandas,Water Potability,2.2.0,v0,10,I/O,0.042419,0.0055577754974365
Pandas,Water Potability,2.2.0,v0,10,I/O,0.135253,0.0158593654632568
Pandas,Water Potability,2.2.0,v0,10,I/O,0.261413,0.0311975479125976
Pandas,Water Potability,2.2.0,v0,10,I/O,0.033019,0.004836082458496
Pandas,Water Potability,2.2.0,v0,10,Missing,0.000854,0.000819444656372
Pandas,Water Potability,2.2.0,v0,10,Missing,0.002381,0.0011758804321289
Pandas,Water Potability,2.2.0,v0,10,Missing,0.0,0.0007169246673583
Pandas,Water Potability,2.2.0,v0,10,Missing,0.0,0.0006489753723144
Pandas,Water Potability,2.2.0,v0,10,Row/Column,0.006775,0.001136302947998
Pandas,Water Potability,2.2.0,v0,10,Aggregation,0.003295,0.0007581710815429
Pandas,Water Potability,2.2.0,v0,10,Row/Column,0.007019,0.0011088848114013
Pandas,Water Potability,2.2.0,v0,10,Row/Column,0.010681,0.0011651515960693
Pandas,Water Potability,2.2.0,v0,10,Row/Column,0.036743,0.004866600036621
Pandas,Water Potability,2.2.0,v0,10,Aggregation,0.004578,0.0011312961578369
Pandas,Water Potability,2.2.0,v0,10,Aggregation,0.0,0.0005016326904296
Pandas,Water Potability,2.2.0,v0,10,Aggregation,0.0,0.0003230571746826
Pandas,Water Potability,2.2.0,v0,10,Aggregation,0.0,0.0003204345703125
Pandas,Water Potability,2.2.0,v0,10,Aggregation,0.0,0.000314712524414
Pandas,Water Potability,2.2.0,v0,10,Row/Column,0.000488,0.0003056526184082
Pandas,Water Potability,2.2.0,v0,10,I/O,0.052734,0.0068097114562988
Pandas,Water Potability,2.2.0,v0,10,I/O,0.131104,0.0152285099029541
Pandas,Water Potability,2.2.0,v0,10,I/O,0.275756,0.0321049690246582
Pandas,Water Potability,2.2.0,v0,10,I/O,0.033875,0.0049171447753906
Pandas,Water Potability,2.2.0,v0,10,Missing,0.0,0.0008316040039062
Pandas,Water Potability,2.2.0,v0,10,Missing,0.001831,0.0010988712310791
Pandas,Water Potability,2.2.0,v0,10,Missing,0.001465,0.0008854866027832
Pandas,Water Potability,2.2.0,v0,10,Missing,0.002504,0.0007104873657226
Pandas,Water Potability,2.2.0,v0,10,Row/Column,0.00348,0.0007712841033935
Pandas,Water Potability,2.2.0,v0,10,Aggregation,0.0,0.0006537437438964
Pandas,Water Potability,2.2.0,v0,10,Row/Column,0.009216,0.0009491443634033
Pandas,Water Potability,2.2.0,v0,10,Row/Column,0.008301,0.0010812282562255
Pandas,Water Potability,2.2.0,v0,10,Row/Column,0.034424,0.0048911571502685
Pandas,Water Potability,2.2.0,v0,10,Aggregation,0.00769,0.0012738704681396
Pandas,Water Potability,2.2.0,v0,10,Aggregation,0.0,0.0008049011230468
Pandas,Water Potability,2.2.0,v0,10,Aggregation,0.0,0.0006618499755859
Pandas,Water Potability,2.2.0,v0,10,Aggregation,0.0,0.0002882480621337
Pandas,Water Potability,2.2.0,v0,10,Aggregation,0.000733,0.0003135204315185
Pandas,Water Potability,2.2.0,v0,10,Row/Column,0.0,0.0003070831298828
Polars,Adult,1.31.0,v1,10,I/O,0.249878,0.0171644687652587
Polars,Adult,1.31.0,v1,10,I/O,0.850156,0.1048619747161865
Polars,Adult,1.31.0,v1,10,I/O,0.249878,0.024529218673706
Polars,Adult,1.31.0,v1,10,I/O,0.287414,0.0398523807525634
Polars,Adult,1.31.0,v1,10,Missing,0.061218,0.0140364170074462
Polars,Adult,1.31.0,v1,10,Missing,0.090576,0.0129876136779785
Polars,Adult,1.31.0,v1,10,Missing,0.059142,0.00972580909729
Polars,Adult,1.31.0,v1,10,Row/Column,0.017701,0.0069403648376464
Polars,Adult,1.31.0,v1,10,Aggregation,0.084534,0.0132362842559814
Polars,Adult,1.31.0,v1,10,Row/Column,0.024842,0.0075750350952148
Polars,Adult,1.31.0,v1,10,Row/Column,0.072023,0.0097377300262451
Polars,Adult,1.31.0,v1,10,Row/Column,27.43511,0.8780570030212402
Polars,Adult,1.31.0,v1,10,Aggregation,0.019958,0.0070490837097167
Polars,Adult,1.31.0,v1,10,Aggregation,0.022094,0.0070252418518066
Polars,Adult,1.31.0,v1,10,Aggregation,0.02069,0.0073692798614501
Polars,Adult,1.31.0,v1,10,Aggregation,0.019654,0.007242202758789
Polars,Adult,1.31.0,v1,10,Aggregation,0.00415,0.0010545253753662
Polars,Adult,1.31.0,v1,10,Row/Column,0.033935,0.0083146095275878
Polars,Adult,1.31.0,v1,10,I/O,0.111023,0.0041589736938476
Polars,Adult,1.31.0,v1,10,I/O,0.694517,0.0802910327911377
Polars,Adult,1.31.0,v1,10,I/O,0.178466,0.0151252746582031
Polars,Adult,1.31.0,v1,10,I/O,0.272766,0.0384619235992431
Polars,Adult,1.31.0,v1,10,Missing,0.017334,0.002270221710205
Polars,Adult,1.31.0,v1,10,Missing,0.049255,0.0032143592834472
Polars,Adult,1.31.0,v1,10,Missing,0.030212,0.0028200149536132
Polars,Adult,1.31.0,v1,10,Row/Column,0.002563,0.00065279006958
Polars,Adult,1.31.0,v1,10,Aggregation,0.044129,0.0039901733398437
Polars,Adult,1.31.0,v1,10,Row/Column,0.008728,0.0012373924255371
Polars,Adult,1.31.0,v1,10,Row/Column,0.063171,0.0030124187469482
Polars,Adult,1.31.0,v1,10,Row/Column,22.948427,0.8068969249725342
Polars,Adult,1.31.0,v1,10,Aggregation,0.004028,0.0007112026214599
Polars,Adult,1.31.0,v1,10,Aggregation,0.0,0.0006465911865234
Polars,Adult,1.31.0,v1,10,Aggregation,0.009461,0.0011730194091796
Polars,Adult,1.31.0,v1,10,Aggregation,0.010254,0.0010371208190917
Polars,Adult,1.31.0,v1,10,Aggregation,0.00177,0.0009827613830566
Polars,Adult,1.31.0,v1,10,Row/Column,0.009338,0.0013709068298339
Polars,Adult,1.31.0,v1,10,I/O,0.097717,0.0039193630218505
Polars,Adult,1.31.0,v1,10,I/O,0.643126,0.0732002258300781
Polars,Adult,1.31.0,v1,10,I/O,0.172546,0.0151481628417968
Polars,Adult,1.31.0,v1,10,I/O,0.206726,0.0239109992980957
Polars,Adult,1.31.0,v1,10,Missing,0.016297,0.0024473667144775
Polars,Adult,1.31.0,v1,10,Missing,0.037048,0.0032365322113037
Polars,Adult,1.31.0,v1,10,Missing,0.032654,0.0028069019317626
Polars,Adult,1.31.0,v1,10,Row/Column,0.00354,0.000460147857666
Polars,Adult,1.31.0,v1,10,Aggregation,0.028686,0.0038168430328369
Polars,Adult,1.31.0,v1,10,Row/Column,0.007996,0.0012903213500976
Polars,Adult,1.31.0,v1,10,Row/Column,0.067077,0.0030038356781005
Polars,Adult,1.31.0,v1,10,Row/Column,22.314213,0.751821756362915
Polars,Adult,1.31.0,v1,10,Aggregation,0.002625,0.0007848739624023
Polars,Adult,1.31.0,v1,10,Aggregation,0.000976,0.0007460117340087
Polars,Adult,1.31.0,v1,10,Aggregation,0.004455,0.0010769367218017
Polars,Adult,1.31.0,v1,10,Aggregation,0.011047,0.0010919570922851
Polars,Adult,1.31.0,v1,10,Aggregation,0.00531,0.0009706020355224
Polars,Adult,1.31.0,v1,10,Row/Column,0.003845,0.0013272762298583
Polars,Adult,1.31.0,v1,10,I/O,0.112366,0.0039649009704589
Polars,Adult,1.31.0,v1,10,I/O,0.651487,0.075183629989624
Polars,Adult,1.31.0,v1,10,I/O,0.189636,0.0181427001953125
Polars,Adult,1.31.0,v1,10,I/O,0.202514,0.0240087509155273
Polars,Adult,1.31.0,v1,10,Missing,0.016052,0.0023074150085449
Polars,Adult,1.31.0,v1,10,Missing,0.061217,0.0036139488220214
Polars,Adult,1.31.0,v1,10,Missing,0.03601,0.0026624202728271
Polars,Adult,1.31.0,v1,10,Row/Column,0.0,0.0006775856018066
Polars,Adult,1.31.0,v1,10,Aggregation,0.036682,0.0037763118743896
Polars,Adult,1.31.0,v1,10,Row/Column,0.008301,0.0013556480407714
Polars,Adult,1.31.0,v1,10,Row/Column,0.039674,0.0029740333557128
Polars,Adult,1.31.0,v1,10,Row/Column,22.345279,0.7213490009307861
Polars,Adult,1.31.0,v1,10,Aggregation,0.0,0.0006721019744873
Polars,Adult,1.31.0,v1,10,Aggregation,0.003785,0.0006442070007324
Polars,Adult,1.31.0,v1,10,Aggregation,0.00177,0.000917911529541
Polars,Adult,1.31.0,v1,10,Aggregation,0.0094,0.0010638236999511
Polars,Adult,1.31.0,v1,10,Aggregation,0.003297,0.0010607242584228
Polars,Adult,1.31.0,v1,10,Row/Column,0.003173,0.001474380493164
Polars,Adult,1.31.0,v1,10,I/O,0.105531,0.0040118694305419
Polars,Adult,1.31.0,v1,10,I/O,0.636046,0.0720057487487793
Polars,Adult,1.31.0,v1,10,I/O,0.180786,0.0152614116668701
Polars,Adult,1.31.0,v1,10,I/O,0.197631,0.0237705707550048
Polars,Adult,1.31.0,v1,10,Missing,0.017151,0.0022408962249755
Polars,Adult,1.31.0,v1,10,Missing,0.056274,0.0032820701599121
Polars,Adult,1.31.0,v1,10,Missing,0.032714,0.0027718544006347
Polars,Adult,1.31.0,v1,10,Row/Column,0.0,0.0006709098815917
Polars,Adult,1.31.0,v1,10,Aggregation,0.046326,0.0043427944183349
Polars,Adult,1.31.0,v1,10,Row/Column,0.009888,0.0013949871063232
Polars,Adult,1.31.0,v1,10,Row/Column,0.06079,0.0029056072235107
Polars,Adult,1.31.0,v1,10,Row/Column,22.893618,0.8135254383087158
Polars,Adult,1.31.0,v1,10,Aggregation,0.005433,0.0008008480072021
Polars,Adult,1.31.0,v1,10,Aggregation,0.002197,0.0007336139678955
Polars,Adult,1.31.0,v1,10,Aggregation,0.010803,0.0011069774627685
Polars,Adult,1.31.0,v1,10,Aggregation,0.002137,0.0011279582977294
Polars,Adult,1.31.0,v1,10,Aggregation,0.004455,0.0010662078857421
Polars,Adult,1.31.0,v1,10,Row/Column,0.004517,0.0013580322265625
Polars,Adult,1.31.0,v1,10,I/O,0.094725,0.0040819644927978
Polars,Adult,1.31.0,v1,10,I/O,0.631956,0.0725421905517578
Polars,Adult,1.31.0,v1,10,I/O,0.187134,0.0156843662261962
Polars,Adult,1.31.0,v1,10,I/O,0.204284,0.0232768058776855
Polars,Adult,1.31.0,v1,10,Missing,0.018494,0.0024454593658447
Polars,Adult,1.31.0,v1,10,Missing,0.032715,0.003274917602539
Polars,Adult,1.31.0,v1,10,Missing,0.025086,0.0026862621307373
Polars,Adult,1.31.0,v1,10,Row/Column,0.0,0.0006723403930664
Polars,Adult,1.31.0,v1,10,Aggregation,0.0354,0.003861665725708
Polars,Adult,1.31.0,v1,10,Row/Column,0.011901,0.001406192779541
Polars,Adult,1.31.0,v1,10,Row/Column,0.048034,0.0029969215393066
Polars,Adult,1.31.0,v1,10,Row/Column,21.737981,0.7169020175933838
Polars,Adult,1.31.0,v1,10,Aggregation,0.006591,0.0004944801330566
Polars,Adult,1.31.0,v1,10,Aggregation,0.0,0.0004510879516601
Polars,Adult,1.31.0,v1,10,Aggregation,0.011475,0.0008182525634765
Polars,Adult,1.31.0,v1,10,Aggregation,0.001709,0.0010242462158203
Polars,Adult,1.31.0,v1,10,Aggregation,0.001709,0.0009963512420654
Polars,Adult,1.31.0,v1,10,Row/Column,0.00598,0.0013854503631591
Polars,Adult,1.31.0,v1,10,I/O,0.095886,0.0039079189300537
Polars,Adult,1.31.0,v1,10,I/O,0.659971,0.0754129886627197
Polars,Adult,1.31.0,v1,10,I/O,0.184509,0.0149223804473876
Polars,Adult,1.31.0,v1,10,I/O,0.215575,0.0244157314300537
Polars,Adult,1.31.0,v1,10,Missing,0.020142,0.0023696422576904
Polars,Adult,1.31.0,v1,10,Missing,0.055908,0.003483772277832
Polars,Adult,1.31.0,v1,10,Missing,0.024596,0.0026559829711914
Polars,Adult,1.31.0,v1,10,Row/Column,0.009826,0.0007112026214599
Polars,Adult,1.31.0,v1,10,Aggregation,0.027832,0.0037946701049804
Polars,Adult,1.31.0,v1,10,Row/Column,0.009034,0.0013878345489501
Polars,Adult,1.31.0,v1,10,Row/Column,0.04181,0.0029621124267578
Polars,Adult,1.31.0,v1,10,Row/Column,22.900393,0.8259749412536621
Polars,Adult,1.31.0,v1,10,Aggregation,0.007018,0.0004341602325439
Polars,Adult,1.31.0,v1,10,Aggregation,0.0,0.000417947769165
Polars,Adult,1.31.0,v1,10,Aggregation,0.007141,0.0007190704345703
Polars,Adult,1.31.0,v1,10,Aggregation,0.0,0.0007374286651611
Polars,Adult,1.31.0,v1,10,Aggregation,0.0,0.0007414817810058
Polars,Adult,1.31.0,v1,10,Row/Column,0.016724,0.0013253688812255
Polars,Adult,1.31.0,v1,10,I/O,0.111022,0.0040309429168701
Polars,Adult,1.31.0,v1,10,I/O,0.635923,0.0734384059906005
Polars,Adult,1.31.0,v1,10,I/O,0.187438,0.0153188705444335
Polars,Adult,1.31.0,v1,10,I/O,0.2063,0.0238921642303466
Polars,Adult,1.31.0,v1,10,Missing,0.01831,0.0020763874053955
Polars,Adult,1.31.0,v1,10,Missing,0.035583,0.0028653144836425
Polars,Adult,1.31.0,v1,10,Missing,0.032775,0.0023462772369384
Polars,Adult,1.31.0,v1,10,Row/Column,0.0,0.0006875991821289
Polars,Adult,1.31.0,v1,10,Aggregation,0.032043,0.003756046295166
Polars,Adult,1.31.0,v1,10,Row/Column,0.009034,0.0011548995971679
Polars,Adult,1.31.0,v1,10,Row/Column,0.049926,0.0029118061065673
Polars,Adult,1.31.0,v1,10,Row/Column,22.169255,0.7994601726531982
Polars,Adult,1.31.0,v1,10,Aggregation,0.002502,0.0007925033569335
Polars,Adult,1.31.0,v1,10,Aggregation,0.0,0.0007405281066894
Polars,Adult,1.31.0,v1,10,Aggregation,0.007569,0.0010569095611572
Polars,Adult,1.31.0,v1,10,Aggregation,0.001709,0.0010032653808593
Polars,Adult,1.31.0,v1,10,Aggregation,0.010132,0.0009970664978027
Polars,Adult,1.31.0,v1,10,Row/Column,0.009948,0.0014595985412597
Polars,Adult,1.31.0,v1,10,I/O,0.108704,0.0040032863616943
Polars,Adult,1.31.0,v1,10,I/O,0.642698,0.0742807388305664
Polars,Adult,1.31.0,v1,10,I/O,0.183837,0.0179038047790527
Polars,Adult,1.31.0,v1,10,I/O,0.206971,0.0247972011566162
Polars,Adult,1.31.0,v1,10,Missing,0.009095,0.0019476413726806
Polars,Adult,1.31.0,v1,10,Missing,0.052552,0.0031206607818603
Polars,Adult,1.31.0,v1,10,Missing,0.018738,0.0026454925537109
Polars,Adult,1.31.0,v1,10,Row/Column,0.00293,0.0006282329559326
Polars,Adult,1.31.0,v1,10,Aggregation,0.032409,0.0039386749267578
Polars,Adult,1.31.0,v1,10,Row/Column,0.00354,0.0013859272003173
Polars,Adult,1.31.0,v1,10,Row/Column,0.050536,0.0027482509613037
Polars,Adult,1.31.0,v1,10,Row/Column,21.902532,0.7860677242279053
Polars,Adult,1.31.0,v1,10,Aggregation,0.002319,0.0007882118225097
Polars,Adult,1.31.0,v1,10,Aggregation,0.0,0.0007450580596923
Polars,Adult,1.31.0,v1,10,Aggregation,0.0,0.0007655620574951
Polars,Adult,1.31.0,v1,10,Aggregation,0.0,0.0007598400115966
Polars,Adult,1.31.0,v1,10,Aggregation,0.0,0.0007390975952148
Polars,Adult,1.31.0,v1,10,Row/Column,0.012695,0.0010156631469726
Polars,Adult,1.31.0,v1,10,I/O,0.10907,0.0040755271911621
Polars,Adult,1.31.0,v1,10,I/O,0.684019,0.0797936916351318
Polars,Adult,1.31.0,v1,10,I/O,0.188902,0.015334129333496
Polars,Adult,1.31.0,v1,10,I/O,0.197266,0.0238204002380371
Polars,Adult,1.31.0,v1,10,Missing,0.01361,0.0023138523101806
Polars,Adult,1.31.0,v1,10,Missing,0.039795,0.003192663192749
Polars,Adult,1.31.0,v1,10,Missing,0.031066,0.0024456977844238
Polars,Adult,1.31.0,v1,10,Row/Column,0.004394,0.0006852149963378
Polars,Adult,1.31.0,v1,10,Aggregation,0.025757,0.0037455558776855
Polars,Adult,1.31.0,v1,10,Row/Column,0.003539,0.0013940334320068
Polars,Adult,1.31.0,v1,10,Row/Column,0.050843,0.0029356479644775
Polars,Adult,1.31.0,v1,10,Row/Column,22.991883,0.8345596790313721
Polars,Adult,1.31.0,v1,10,Aggregation,0.003296,0.0008316040039062
Polars,Adult,1.31.0,v1,10,Aggregation,0.0,0.0006139278411865
Polars,Adult,1.31.0,v1,10,Aggregation,0.0,0.0009932518005371
Polars,Adult,1.31.0,v1,10,Aggregation,0.0094,0.0010344982147216
Polars,Adult,1.31.0,v1,10,Aggregation,0.001831,0.0010616779327392
Polars,Adult,1.31.0,v1,10,Row/Column,0.016846,0.0010297298431396
Polars,Adult,1.0.0,v2,10,I/O,0.280638,0.0198266506195068
Polars,Adult,1.0.0,v2,10,I/O,0.960386,0.1147763729095459
Polars,Adult,1.0.0,v2,10,I/O,0.152954,0.0148932933807373
Polars,Adult,1.0.0,v2,10,I/O,0.311584,0.0419902801513671
Polars,Adult,1.0.0,v2,10,Missing,0.060425,0.0147345066070556
Polars,Adult,1.0.0,v2,10,Missing,0.030761,0.0088613033294677
Polars,Adult,1.0.0,v2,10,Missing,0.037597,0.0090076923370361
Polars,Adult,1.0.0,v2,10,Row/Column,0.011109,0.0069153308868408
Polars,Adult,1.0.0,v2,10,Aggregation,0.055053,0.0098705291748046
Polars,Adult,1.0.0,v2,10,Row/Column,0.013,0.0072138309478759
Polars,Adult,1.0.0,v2,10,Row/Column,0.095703,0.0121650695800781
Polars,Adult,1.0.0,v2,10,Row/Column,15.767538,0.477541446685791
Polars,Adult,1.0.0,v2,10,Aggregation,0.014221,0.0069954395294189
Polars,Adult,1.0.0,v2,10,Aggregation,0.015808,0.0076758861541748
Polars,Adult,1.0.0,v2,10,Aggregation,0.019043,0.0071895122528076
Polars,Adult,1.0.0,v2,10,Aggregation,0.017335,0.0074043273925781
Polars,Adult,1.0.0,v2,10,Aggregation,0.009155,0.0008094310760498
Polars,Adult,1.0.0,v2,10,Row/Column,0.029663,0.0077424049377441
Polars,Adult,1.0.0,v2,10,I/O,0.118285,0.0048465728759765
Polars,Adult,1.0.0,v2,10,I/O,0.917905,0.1099746227264404
Polars,Adult,1.0.0,v2,10,I/O,0.121276,0.0125622749328613
Polars,Adult,1.0.0,v2,10,I/O,0.281982,0.037548542022705
Polars,Adult,1.0.0,v2,10,Missing,0.002807,0.0007791519165039
Polars,Adult,1.0.0,v2,10,Missing,0.015137,0.0022432804107666
Polars,Adult,1.0.0,v2,10,Missing,0.01239,0.0010943412780761
Polars,Adult,1.0.0,v2,10,Row/Column,0.0,0.0006709098815917
Polars,Adult,1.0.0,v2,10,Aggregation,0.029358,0.0025725364685058
Polars,Adult,1.0.0,v2,10,Row/Column,0.0,0.0003535747528076
Polars,Adult,1.0.0,v2,10,Row/Column,0.055298,0.0055141448974609
Polars,Adult,1.0.0,v2,10,Row/Column,15.730856,0.4561975002288818
Polars,Adult,1.0.0,v2,10,Aggregation,0.004822,0.0007867813110351
Polars,Adult,1.0.0,v2,10,Aggregation,0.0,0.0006933212280273
Polars,Adult,1.0.0,v2,10,Aggregation,0.001648,0.0008227825164794
Polars,Adult,1.0.0,v2,10,Aggregation,0.0,0.0009233951568603
Polars,Adult,1.0.0,v2,10,Aggregation,0.006958,0.0009088516235351
Polars,Adult,1.0.0,v2,10,Row/Column,0.004211,0.00126314163208
Polars,Adult,1.0.0,v2,10,I/O,0.102416,0.0043854713439941
Polars,Adult,1.0.0,v2,10,I/O,0.926023,0.1138336658477783
Polars,Adult,1.0.0,v2,10,I/O,0.13153,0.012979507446289
Polars,Adult,1.0.0,v2,10,I/O,0.278442,0.0376973152160644
Polars,Adult,1.0.0,v2,10,Missing,0.005126,0.0009541511535644
Polars,Adult,1.0.0,v2,10,Missing,0.023682,0.0021374225616455
Polars,Adult,1.0.0,v2,10,Missing,0.009155,0.0015761852264404
Polars,Adult,1.0.0,v2,10,Row/Column,0.0,0.0006425380706787
Polars,Adult,1.0.0,v2,10,Aggregation,0.023132,0.001847505569458
Polars,Adult,1.0.0,v2,10,Row/Column,0.004395,0.0005676746368408
Polars,Adult,1.0.0,v2,10,Row/Column,0.05957,0.0059010982513427
Polars,Adult,1.0.0,v2,10,Row/Column,15.822164,0.464465856552124
Polars,Adult,1.0.0,v2,10,Aggregation,0.006713,0.0006120204925537
Polars,Adult,1.0.0,v2,10,Aggregation,0.001159,0.0006933212280273
Polars,Adult,1.0.0,v2,10,Aggregation,0.009949,0.0009598731994628
Polars,Adult,1.0.0,v2,10,Aggregation,0.001587,0.0009317398071289
Polars,Adult,1.0.0,v2,10,Aggregation,0.00177,0.0009322166442871
Polars,Adult,1.0.0,v2,10,Row/Column,0.011536,0.0010502338409423
Polars,Adult,1.0.0,v2,10,I/O,0.135864,0.0049226284027099
Polars,Adult,1.0.0,v2,10,I/O,0.942259,0.1139717102050781
Polars,Adult,1.0.0,v2,10,I/O,0.125671,0.012991189956665
Polars,Adult,1.0.0,v2,10,I/O,0.273924,0.037468671798706
Polars,Adult,1.0.0,v2,10,Missing,0.006896,0.0012829303741455
Polars,Adult,1.0.0,v2,10,Missing,0.015747,0.0023446083068847
Polars,Adult,1.0.0,v2,10,Missing,0.003479,0.0010926723480224
Polars,Adult,1.0.0,v2,10,Row/Column,0.003907,0.000640869140625
Polars,Adult,1.0.0,v2,10,Aggregation,0.010437,0.0018718242645263
Polars,Adult,1.0.0,v2,10,Row/Column,0.0,0.0007405281066894
Polars,Adult,1.0.0,v2,10,Row/Column,0.050414,0.0057466030120849
Polars,Adult,1.0.0,v2,10,Row/Column,15.718832,0.4670224189758301
Polars,Adult,1.0.0,v2,10,Aggregation,0.001526,0.0005526542663574
Polars,Adult,1.0.0,v2,10,Aggregation,0.001037,0.0003330707550048
Polars,Adult,1.0.0,v2,10,Aggregation,0.0,0.0006084442138671
Polars,Adult,1.0.0,v2,10,Aggregation,0.0,0.0006196498870849
Polars,Adult,1.0.0,v2,10,Aggregation,0.003479,0.0009200572967529
Polars,Adult,1.0.0,v2,10,Row/Column,0.012086,0.0012505054473876
Polars,Adult,1.0.0,v2,10,I/O,0.129334,0.0047981739044189
Polars,Adult,1.0.0,v2,10,I/O,0.898557,0.1069087982177734
Polars,Adult,1.0.0,v2,10,I/O,0.115845,0.0124645233154296
Polars,Adult,1.0.0,v2,10,I/O,0.291441,0.0389130115509033
Polars,Adult,1.0.0,v2,10,Missing,0.002014,0.0008809566497802
Polars,Adult,1.0.0,v2,10,Missing,0.021483,0.0032618045806884
Polars,Adult,1.0.0,v2,10,Missing,0.003174,0.0010604858398437
Polars,Adult,1.0.0,v2,10,Row/Column,0.001342,0.0006361007690429
Polars,Adult,1.0.0,v2,10,Aggregation,0.009522,0.0016820430755615
Polars,Adult,1.0.0,v2,10,Row/Column,0.001771,0.0007777214050292
Polars,Adult,1.0.0,v2,10,Row/Column,0.056641,0.0058255195617675
Polars,Adult,1.0.0,v2,10,Row/Column,15.655538,0.4717986583709717
Polars,Adult,1.0.0,v2,10,Aggregation,0.003783,0.00079345703125
Polars,Adult,1.0.0,v2,10,Aggregation,0.001099,0.0006921291351318
Polars,Adult,1.0.0,v2,10,Aggregation,0.001526,0.0009622573852539
Polars,Adult,1.0.0,v2,10,Aggregation,0.003418,0.0009615421295166
Polars,Adult,1.0.0,v2,10,Aggregation,0.005188,0.0009658336639404
Polars,Adult,1.0.0,v2,10,Row/Column,0.006409,0.0011579990386962
Polars,Adult,1.0.0,v2,10,I/O,0.137451,0.0048847198486328
Polars,Adult,1.0.0,v2,10,I/O,0.92523,0.1134977340698242
Polars,Adult,1.0.0,v2,10,I/O,0.116393,0.0126073360443115
Polars,Adult,1.0.0,v2,10,I/O,0.277039,0.0375888347625732
Polars,Adult,1.0.0,v2,10,Missing,0.001465,0.0009114742279052
Polars,Adult,1.0.0,v2,10,Missing,0.008667,0.0015323162078857
Polars,Adult,1.0.0,v2,10,Missing,0.008362,0.0010790824890136
Polars,Adult,1.0.0,v2,10,Row/Column,0.006653,0.0006451606750488
Polars,Adult,1.0.0,v2,10,Aggregation,0.028136,0.002190351486206
Polars,Adult,1.0.0,v2,10,Row/Column,0.001892,0.0004527568817138
Polars,Adult,1.0.0,v2,10,Row/Column,0.054809,0.0057513713836669
Polars,Adult,1.0.0,v2,10,Row/Column,15.640464,0.4620471000671386
Polars,Adult,1.0.0,v2,10,Aggregation,0.003113,0.0004618167877197
Polars,Adult,1.0.0,v2,10,Aggregation,0.0,0.0003836154937744
Polars,Adult,1.0.0,v2,10,Aggregation,0.0,0.0006453990936279
Polars,Adult,1.0.0,v2,10,Aggregation,0.0,0.0006234645843505
Polars,Adult,1.0.0,v2,10,Aggregation,0.00354,0.0009288787841796
Polars,Adult,1.0.0,v2,10,Row/Column,0.001892,0.000880479812622
Polars,Adult,1.0.0,v2,10,I/O,0.122375,0.0041096210479736
Polars,Adult,1.0.0,v2,10,I/O,0.915831,0.112032413482666
Polars,Adult,1.0.0,v2,10,I/O,0.118529,0.0126674175262451
Polars,Adult,1.0.0,v2,10,I/O,0.291076,0.0392029285430908
Polars,Adult,1.0.0,v2,10,Missing,0.004395,0.000762939453125
Polars,Adult,1.0.0,v2,10,Missing,0.013977,0.0016393661499023
Polars,Adult,1.0.0,v2,10,Missing,0.014649,0.0023779869079589
Polars,Adult,1.0.0,v2,10,Row/Column,0.001465,0.0003004074096679
Polars,Adult,1.0.0,v2,10,Aggregation,0.021607,0.0014731884002685
Polars,Adult,1.0.0,v2,10,Row/Column,0.0036,0.0005633831024169
Polars,Adult,1.0.0,v2,10,Row/Column,0.051392,0.005690574645996
Polars,Adult,1.0.0,v2,10,Row/Column,15.715536,0.4737355709075928
Polars,Adult,1.0.0,v2,10,Aggregation,0.0,0.0005877017974853
Polars,Adult,1.0.0,v2,10,Aggregation,0.0,0.0007164478302001
Polars,Adult,1.0.0,v2,10,Aggregation,0.010742,0.0009243488311767
Polars,Adult,1.0.0,v2,10,Aggregation,0.001709,0.0009453296661376
Polars,Adult,1.0.0,v2,10,Aggregation,0.002685,0.0009629726409912
Polars,Adult,1.0.0,v2,10,Row/Column,0.008851,0.0010924339294433
Polars,Adult,1.0.0,v2,10,I/O,0.096313,0.0042221546173095
Polars,Adult,1.0.0,v2,10,I/O,0.910153,0.1125380992889404
Polars,Adult,1.0.0,v2,10,I/O,0.118285,0.0124382972717285
Polars,Adult,1.0.0,v2,10,I/O,0.266357,0.0374355316162109
Polars,Adult,1.0.0,v2,10,Missing,0.00708,0.0007603168487548
Polars,Adult,1.0.0,v2,10,Missing,0.006958,0.0016942024230957
Polars,Adult,1.0.0,v2,10,Missing,0.010864,0.0016229152679443
Polars,Adult,1.0.0,v2,10,Row/Column,0.0,0.0006296634674072
Polars,Adult,1.0.0,v2,10,Aggregation,0.028564,0.0023050308227539
Polars,Adult,1.0.0,v2,10,Row/Column,0.0,0.0007038116455078
Polars,Adult,1.0.0,v2,10,Row/Column,0.068054,0.0057697296142578
Polars,Adult,1.0.0,v2,10,Row/Column,15.586203,0.4579200744628906
Polars,Adult,1.0.0,v2,10,Aggregation,0.0,0.0007910728454589
Polars,Adult,1.0.0,v2,10,Aggregation,0.001282,0.0005381107330322
Polars,Adult,1.0.0,v2,10,Aggregation,0.006287,0.0009636878967285
Polars,Adult,1.0.0,v2,10,Aggregation,0.0,0.0008583068847656
Polars,Adult,1.0.0,v2,10,Aggregation,0.011352,0.0009191036224365
Polars,Adult,1.0.0,v2,10,Row/Column,0.010498,0.0010504722595214
Polars,Adult,1.0.0,v2,10,I/O,0.119568,0.0042405128479003
Polars,Adult,1.0.0,v2,10,I/O,0.880614,0.1066701412200927
Polars,Adult,1.0.0,v2,10,I/O,0.114929,0.0125489234924316
Polars,Adult,1.0.0,v2,10,I/O,0.274169,0.0369105339050293
Polars,Adult,1.0.0,v2,10,Missing,0.001587,0.0009281635284423
Polars,Adult,1.0.0,v2,10,Missing,0.012207,0.0020577907562255
Polars,Adult,1.0.0,v2,10,Missing,0.010437,0.0010902881622314
Polars,Adult,1.0.0,v2,10,Row/Column,0.003418,0.0006568431854248
Polars,Adult,1.0.0,v2,10,Aggregation,0.015441,0.0016624927520751
Polars,Adult,1.0.0,v2,10,Row/Column,0.004334,0.0005877017974853
Polars,Adult,1.0.0,v2,10,Row/Column,0.052428,0.0061287879943847
Polars,Adult,1.0.0,v2,10,Row/Column,15.606039,0.4637305736541748
Polars,Adult,1.0.0,v2,10,Aggregation,0.0,0.0007812976837158
Polars,Adult,1.0.0,v2,10,Aggregation,0.0,0.0003292560577392
Polars,Adult,1.0.0,v2,10,Aggregation,0.001709,0.0006039142608642
Polars,Adult,1.0.0,v2,10,Aggregation,0.00647,0.0005884170532226
Polars,Adult,1.0.0,v2,10,Aggregation,0.003478,0.0008366107940673
Polars,Adult,1.0.0,v2,10,Row/Column,0.00879,0.00118088722229
Polars,Adult,1.0.0,v2,10,I/O,0.127197,0.0048787593841552
Polars,Adult,1.0.0,v2,10,I/O,0.888426,0.1078839302062988
Polars,Adult,1.0.0,v2,10,I/O,0.123901,0.012510061264038
Polars,Adult,1.0.0,v2,10,I/O,0.286743,0.039412498474121
Polars,Adult,1.0.0,v2,10,Missing,0.008362,0.0009429454803466
Polars,Adult,1.0.0,v2,10,Missing,0.007996,0.001786470413208
Polars,Adult,1.0.0,v2,10,Missing,0.024414,0.0031764507293701
Polars,Adult,1.0.0,v2,10,Row/Column,0.002014,0.0006611347198486
Polars,Adult,1.0.0,v2,10,Aggregation,0.011536,0.0017092227935791
Polars,Adult,1.0.0,v2,10,Row/Column,0.001404,0.0007596015930175
Polars,Adult,1.0.0,v2,10,Row/Column,0.061219,0.0058968067169189
Polars,Adult,1.0.0,v2,10,Row/Column,15.768452,0.4659466743469238
Polars,Adult,1.0.0,v2,10,Aggregation,0.0,0.0008103847503662
Polars,Adult,1.0.0,v2,10,Aggregation,0.001343,0.000704288482666
Polars,Adult,1.0.0,v2,10,Aggregation,0.001709,0.0009458065032958
Polars,Adult,1.0.0,v2,10,Aggregation,0.008606,0.0009322166442871
Polars,Adult,1.0.0,v2,10,Aggregation,0.001709,0.0008542537689208
Polars,Adult,1.0.0,v2,10,Row/Column,0.015381,0.0012285709381103
Polars,Adult,0.20.0,v0,10,I/O,0.269836,0.0195510387420654
Polars,Adult,0.20.0,v0,10,I/O,0.926511,0.1171362400054931
Polars,Adult,0.20.0,v0,10,I/O,0.215149,0.0148406028747558
Polars,Adult,0.20.0,v0,10,I/O,0.112365,0.0184390544891357
Polars,Adult,0.20.0,v0,10,Missing,0.057189,0.0136528015136718
Polars,Adult,0.20.0,v0,10,Missing,0.048279,0.0096147060394287
Polars,Adult,0.20.0,v0,10,Missing,0.017151,0.0072641372680664
Polars,Adult,0.20.0,v0,10,Row/Column,0.026612,0.006850242614746
Polars,Adult,0.20.0,v0,10,Aggregation,0.100952,0.0141737461090087
Polars,Adult,0.20.0,v0,10,Row/Column,0.056824,0.0119199752807617
Polars,Adult,0.20.0,v0,10,Row/Column,0.092224,0.0103206634521484
Polars,Adult,0.20.0,v0,10,Row/Column,53.903183,1.781287670135498
Polars,Adult,0.20.0,v0,10,Aggregation,0.014098,0.0071439743041992
Polars,Adult,0.20.0,v0,10,Aggregation,0.009888,0.0011115074157714
Polars,Adult,0.20.0,v0,10,Aggregation,0.028504,0.0074813365936279
Polars,Adult,0.20.0,v0,10,Aggregation,0.001647,0.0009191036224365
Polars,Adult,0.20.0,v0,10,Aggregation,0.001587,0.0009787082672119
Polars,Adult,0.20.0,v0,10,Row/Column,0.026733,0.008439302444458
Polars,Adult,0.20.0,v0,10,I/O,0.126832,0.0050258636474609
Polars,Adult,0.20.0,v0,10,I/O,0.880368,0.1092028617858886
Polars,Adult,0.20.0,v0,10,I/O,0.218261,0.0142085552215576
Polars,Adult,0.20.0,v0,10,I/O,0.099182,0.01165771484375
Polars,Adult,0.20.0,v0,10,Missing,0.0,0.0007283687591552
Polars,Adult,0.20.0,v0,10,Missing,0.0,0.0008702278137207
Polars,Adult,0.20.0,v0,10,Missing,0.001404,0.0008482933044433
Polars,Adult,0.20.0,v0,10,Row/Column,0.0,0.000288963317871
Polars,Adult,0.20.0,v0,10,Aggregation,0.011779,0.0016937255859375
Polars,Adult,0.20.0,v0,10,Row/Column,0.019227,0.0018000602722167
Polars,Adult,0.20.0,v0,10,Row/Column,0.062134,0.0029499530792236
Polars,Adult,0.20.0,v0,10,Row/Column,55.114362,1.8924994468688965
Polars,Adult,0.20.0,v0,10,Aggregation,0.0,0.0005185604095458
Polars,Adult,0.20.0,v0,10,Aggregation,0.005921,0.0006957054138183
Polars,Adult,0.20.0,v0,10,Aggregation,0.01062,0.0010151863098144
Polars,Adult,0.20.0,v0,10,Aggregation,0.001526,0.000925064086914
Polars,Adult,0.20.0,v0,10,Aggregation,0.01532,0.0021524429321289
Polars,Adult,0.20.0,v0,10,Row/Column,0.006164,0.0012180805206298
Polars,Adult,0.20.0,v0,10,I/O,0.138916,0.0064284801483154
Polars,Adult,0.20.0,v0,10,I/O,0.902586,0.1084730625152587
Polars,Adult,0.20.0,v0,10,I/O,0.226867,0.0143542289733886
Polars,Adult,0.20.0,v0,10,I/O,0.089783,0.0114803314208984
Polars,Adult,0.20.0,v0,10,Missing,0.007142,0.0011041164398193
Polars,Adult,0.20.0,v0,10,Missing,0.007263,0.0014224052429199
Polars,Adult,0.20.0,v0,10,Missing,0.0,0.0005412101745605
Polars,Adult,0.20.0,v0,10,Row/Column,0.0,0.0006411075592041
Polars,Adult,0.20.0,v0,10,Aggregation,0.011719,0.001924991607666
Polars,Adult,0.20.0,v0,10,Row/Column,0.041564,0.0056841373443603
Polars,Adult,0.20.0,v0,10,Row/Column,0.064819,0.0032036304473876
Polars,Adult,0.20.0,v0,10,Row/Column,53.555648,1.7271935939788818
Polars,Adult,0.20.0,v0,10,Aggregation,0.0,0.0006306171417236
Polars,Adult,0.20.0,v0,10,Aggregation,0.0,0.0005366802215576
Polars,Adult,0.20.0,v0,10,Aggregation,0.012084,0.0010492801666259
Polars,Adult,0.20.0,v0,10,Aggregation,0.001586,0.000993013381958
Polars,Adult,0.20.0,v0,10,Aggregation,0.001648,0.0009729862213134
Polars,Adult,0.20.0,v0,10,Row/Column,0.014464,0.0011708736419677
Polars,Adult,0.20.0,v0,10,I/O,0.091797,0.0038414001464843
Polars,Adult,0.20.0,v0,10,I/O,0.893981,0.1103179454803466
Polars,Adult,0.20.0,v0,10,I/O,0.224364,0.014197826385498
Polars,Adult,0.20.0,v0,10,I/O,0.095215,0.0115175247192382
Polars,Adult,0.20.0,v0,10,Missing,0.0,0.0007033348083496
Polars,Adult,0.20.0,v0,10,Missing,0.005615,0.0008378028869628
Polars,Adult,0.20.0,v0,10,Missing,0.0,0.0008471012115478
Polars,Adult,0.20.0,v0,10,Row/Column,0.0,0.000643253326416
Polars,Adult,0.20.0,v0,10,Aggregation,0.038818,0.0040621757507324
Polars,Adult,0.20.0,v0,10,Row/Column,0.018432,0.0020482540130615
Polars,Adult,0.20.0,v0,10,Row/Column,0.074829,0.0029716491699218
Polars,Adult,0.20.0,v0,10,Row/Column,53.271042,1.7191171646118164
Polars,Adult,0.20.0,v0,10,Aggregation,0.0,0.0006701946258544
Polars,Adult,0.20.0,v0,10,Aggregation,0.004334,0.0013167858123779
Polars,Adult,0.20.0,v0,10,Aggregation,0.002136,0.0006256103515625
Polars,Adult,0.20.0,v0,10,Aggregation,0.001038,0.0006182193756103
Polars,Adult,0.20.0,v0,10,Aggregation,0.001404,0.0005912780761718
Polars,Adult,0.20.0,v0,10,Row/Column,0.014038,0.0011279582977294
Polars,Adult,0.20.0,v0,10,I/O,0.106017,0.0044906139373779
Polars,Adult,0.20.0,v0,10,I/O,0.90814,0.113253116607666
Polars,Adult,0.20.0,v0,10,I/O,0.212828,0.0142650604248046
Polars,Adult,0.20.0,v0,10,I/O,0.094604,0.0113046169281005
Polars,Adult,0.20.0,v0,10,Missing,0.0,0.0003416538238525
Polars,Adult,0.20.0,v0,10,Missing,0.004089,0.0009131431579589
Polars,Adult,0.20.0,v0,10,Missing,0.0,0.0008268356323242
Polars,Adult,0.20.0,v0,10,Row/Column,0.001831,0.0006721019744873
Polars,Adult,0.20.0,v0,10,Aggregation,0.03418,0.0033235549926757
Polars,Adult,0.20.0,v0,10,Row/Column,0.017883,0.0023801326751708
Polars,Adult,0.20.0,v0,10,Row/Column,0.072265,0.0029830932617187
Polars,Adult,0.20.0,v0,10,Row/Column,54.167707,1.7605443000793457
Polars,Adult,0.20.0,v0,10,Aggregation,0.00647,0.0006582736968994
Polars,Adult,0.20.0,v0,10,Aggregation,0.0,0.0007004737854003
Polars,Adult,0.20.0,v0,10,Aggregation,0.010559,0.0009844303131103
Polars,Adult,0.20.0,v0,10,Aggregation,0.008728,0.0009517669677734
Polars,Adult,0.20.0,v0,10,Aggregation,0.001648,0.0009489059448242
Polars,Adult,0.20.0,v0,10,Row/Column,0.011109,0.0013163089752197
Polars,Adult,0.20.0,v0,10,I/O,0.137084,0.0060987472534179
Polars,Adult,0.20.0,v0,10,I/O,0.89514,0.1095023155212402
Polars,Adult,0.20.0,v0,10,I/O,0.211363,0.0137932300567626
Polars,Adult,0.20.0,v0,10,I/O,0.09552,0.0115916728973388
Polars,Adult,0.20.0,v0,10,Missing,0.0,0.0007059574127197
Polars,Adult,0.20.0,v0,10,Missing,0.0,0.0008206367492675
Polars,Adult,0.20.0,v0,10,Missing,0.001526,0.0008704662322998
Polars,Adult,0.20.0,v0,10,Row/Column,0.0,0.0005004405975341
Polars,Adult,0.20.0,v0,10,Aggregation,0.009644,0.0017206668853759
Polars,Adult,0.20.0,v0,10,Row/Column,0.039978,0.0055704116821289
Polars,Adult,0.20.0,v0,10,Row/Column,0.05603,0.0031943321228027
Polars,Adult,0.20.0,v0,10,Row/Column,54.751325,1.7012996673583984
Polars,Adult,0.20.0,v0,10,Aggregation,0.003906,0.0006828308105468
Polars,Adult,0.20.0,v0,10,Aggregation,0.0,0.0005300045013427
Polars,Adult,0.20.0,v0,10,Aggregation,0.008056,0.0009829998016357
Polars,Adult,0.20.0,v0,10,Aggregation,0.001586,0.0008952617645263
Polars,Adult,0.20.0,v0,10,Aggregation,0.001465,0.0005841255187988
Polars,Adult,0.20.0,v0,10,Row/Column,0.013488,0.0010361671447753
Polars,Adult,0.20.0,v0,10,I/O,0.106079,0.0039875507354736
Polars,Adult,0.20.0,v0,10,I/O,0.885435,0.1102969646453857
Polars,Adult,0.20.0,v0,10,I/O,0.226929,0.0142085552215576
Polars,Adult,0.20.0,v0,10,I/O,0.091797,0.0111839771270751
Polars,Adult,0.20.0,v0,10,Missing,0.009644,0.0014464855194091
Polars,Adult,0.20.0,v0,10,Missing,0.003541,0.0008988380432128
Polars,Adult,0.20.0,v0,10,Missing,0.005066,0.000880479812622
Polars,Adult,0.20.0,v0,10,Row/Column,0.005126,0.000676155090332
Polars,Adult,0.20.0,v0,10,Aggregation,0.02069,0.0027534961700439
Polars,Adult,0.20.0,v0,10,Row/Column,0.039246,0.0057039260864257
Polars,Adult,0.20.0,v0,10,Row/Column,0.045593,0.0029096603393554
Polars,Adult,0.20.0,v0,10,Row/Column,54.075301,1.8962085247039795
Polars,Adult,0.20.0,v0,10,Aggregation,0.002076,0.0005431175231933
Polars,Adult,0.20.0,v0,10,Aggregation,0.0,0.0006890296936035
Polars,Adult,0.20.0,v0,10,Aggregation,0.009337,0.0010178089141845
Polars,Adult,0.20.0,v0,10,Aggregation,0.005127,0.0009708404541015
Polars,Adult,0.20.0,v0,10,Aggregation,0.00531,0.0009760856628417
Polars,Adult,0.20.0,v0,10,Row/Column,0.010803,0.0011966228485107
Polars,Adult,0.20.0,v0,10,I/O,0.108581,0.0047712326049804
Polars,Adult,0.20.0,v0,10,I/O,0.881223,0.1066381931304931
Polars,Adult,0.20.0,v0,10,I/O,0.219054,0.0149042606353759
Polars,Adult,0.20.0,v0,10,I/O,0.091553,0.0115101337432861
Polars,Adult,0.20.0,v0,10,Missing,0.001465,0.0006952285766601
Polars,Adult,0.20.0,v0,10,Missing,0.000672,0.0007205009460449
Polars,Adult,0.20.0,v0,10,Missing,0.0,0.0005252361297607
Polars,Adult,0.20.0,v0,10,Row/Column,0.0,0.000586986541748
Polars,Adult,0.20.0,v0,10,Aggregation,0.010682,0.0017445087432861
Polars,Adult,0.20.0,v0,10,Row/Column,0.019775,0.0020132064819335
Polars,Adult,0.20.0,v0,10,Row/Column,0.075622,0.0031473636627197
Polars,Adult,0.20.0,v0,10,Row/Column,54.990704,1.7124695777893066
Polars,Adult,0.20.0,v0,10,Aggregation,0.0,0.0004947185516357
Polars,Adult,0.20.0,v0,10,Aggregation,0.004028,0.0005333423614501
Polars,Adult,0.20.0,v0,10,Aggregation,0.001464,0.0006546974182128
Polars,Adult,0.20.0,v0,10,Aggregation,0.005371,0.0007681846618652
Polars,Adult,0.20.0,v0,10,Aggregation,0.001465,0.0006723403930664
Polars,Adult,0.20.0,v0,10,Row/Column,0.00708,0.0011126995086669
Polars,Adult,0.20.0,v0,10,I/O,0.141418,0.006005048751831
Polars,Adult,0.20.0,v0,10,I/O,0.888608,0.1063983440399169
Polars,Adult,0.20.0,v0,10,I/O,0.233032,0.0150914192199707
Polars,Adult,0.20.0,v0,10,I/O,0.089171,0.0112438201904296
Polars,Adult,0.20.0,v0,10,Missing,0.0,0.0003478527069091
Polars,Adult,0.20.0,v0,10,Missing,0.0,0.0005850791931152
Polars,Adult,0.20.0,v0,10,Missing,0.001464,0.0008647441864013
Polars,Adult,0.20.0,v0,10,Row/Column,0.0,0.00065279006958
Polars,Adult,0.20.0,v0,10,Aggregation,0.029481,0.0019202232360839
Polars,Adult,0.20.0,v0,10,Row/Column,0.019044,0.0020334720611572
Polars,Adult,0.20.0,v0,10,Row/Column,0.077332,0.003908634185791
Polars,Adult,0.20.0,v0,10,Row/Column,54.928143,1.966986894607544
Polars,Adult,0.20.0,v0,10,Aggregation,0.0,0.000370979309082
Polars,Adult,0.20.0,v0,10,Aggregation,0.0,0.0003890991210937
Polars,Adult,0.20.0,v0,10,Aggregation,0.0,0.0006814002990722
Polars,Adult,0.20.0,v0,10,Aggregation,0.001648,0.0009248256683349
Polars,Adult,0.20.0,v0,10,Aggregation,0.008667,0.0009748935699462
Polars,Adult,0.20.0,v0,10,Row/Column,0.016052,0.0012001991271972
Polars,Adult,0.20.0,v0,10,I/O,0.12207,0.0050816535949707
Polars,Adult,0.20.0,v0,10,I/O,0.871641,0.1055128574371337
Polars,Adult,0.20.0,v0,10,I/O,0.216003,0.0141854286193847
Polars,Adult,0.20.0,v0,10,I/O,0.093079,0.0114707946777343
Polars,Adult,0.20.0,v0,10,Missing,0.0,0.0003623962402343
Polars,Adult,0.20.0,v0,10,Missing,0.0,0.0005333423614501
Polars,Adult,0.20.0,v0,10,Missing,0.001586,0.0008895397186279
Polars,Adult,0.20.0,v0,10,Row/Column,0.0,0.0006482601165771
Polars,Adult,0.20.0,v0,10,Aggregation,0.023254,0.0035717487335205
Polars,Adult,0.20.0,v0,10,Row/Column,0.039794,0.0055196285247802
Polars,Adult,0.20.0,v0,10,Row/Column,0.060546,0.0028836727142333
Polars,Adult,0.20.0,v0,10,Row/Column,54.899578,1.5823640823364258
Polars,Adult,0.20.0,v0,10,Aggregation,0.0,0.0003762245178222
Polars,Adult,0.20.0,v0,10,Aggregation,0.00116,0.000525951385498
Polars,Adult,0.20.0,v0,10,Aggregation,0.0,0.0006682872772216
Polars,Adult,0.20.0,v0,10,Aggregation,0.006958,0.0009593963623046
Polars,Adult,0.20.0,v0,10,Aggregation,0.007446,0.000917911529541
Polars,Adult,0.20.0,v0,10,Row/Column,0.009704,0.0011987686157226
Polars,Bank Marketing,1.31.0,v1,10,I/O,0.240295,0.0083756446838378
Polars,Bank Marketing,1.31.0,v1,10,I/O,1.264462,0.1465415954589843
Polars,Bank Marketing,1.31.0,v1,10,I/O,0.253173,0.0180740356445312
Polars,Bank Marketing,1.31.0,v1,10,I/O,0.266967,0.0315339565277099
Polars,Bank Marketing,1.31.0,v1,10,Missing,0.089477,0.0170106887817382
Polars,Bank Marketing,1.31.0,v1,10,Missing,0.114379,0.0138280391693115
Polars,Bank Marketing,1.31.0,v1,10,Missing,0.051941,0.0106515884399414
Polars,Bank Marketing,1.31.0,v1,10,Missing,0.110534,0.0144040584564208
Polars,Bank Marketing,1.31.0,v1,10,Row/Column,0.021362,0.0068693161010742
Polars,Bank Marketing,1.31.0,v1,10,Aggregation,0.086547,0.0134227275848388
Polars,Bank Marketing,1.31.0,v1,10,Row/Column,0.022095,0.0077865123748779
Polars,Bank Marketing,1.31.0,v1,10,Row/Column,0.108459,0.0105669498443603
Polars,Bank Marketing,1.31.0,v1,10,Row/Column,54.628644,1.7218637466430664
Polars,Bank Marketing,1.31.0,v1,10,Aggregation,0.022523,0.0070140361785888
Polars,Bank Marketing,1.31.0,v1,10,Aggregation,0.020508,0.0072832107543945
Polars,Bank Marketing,1.31.0,v1,10,Aggregation,0.018616,0.0077340602874755
Polars,Bank Marketing,1.31.0,v1,10,Aggregation,0.018127,0.0068178176879882
Polars,Bank Marketing,1.31.0,v1,10,Row/Column,0.022094,0.0076510906219482
Polars,Bank Marketing,1.31.0,v1,10,I/O,0.173034,0.0058405399322509
Polars,Bank Marketing,1.31.0,v1,10,I/O,1.004941,0.1138362884521484
Polars,Bank Marketing,1.31.0,v1,10,I/O,0.229125,0.017035961151123
Polars,Bank Marketing,1.31.0,v1,10,I/O,0.266845,0.0307140350341796
Polars,Bank Marketing,1.31.0,v1,10,Missing,0.018738,0.0023620128631591
Polars,Bank Marketing,1.31.0,v1,10,Missing,0.055847,0.0035042762756347
Polars,Bank Marketing,1.31.0,v1,10,Missing,0.0224,0.002793550491333
Polars,Bank Marketing,1.31.0,v1,10,Missing,0.043274,0.003026008605957
Polars,Bank Marketing,1.31.0,v1,10,Row/Column,0.0,0.0003430843353271
Polars,Bank Marketing,1.31.0,v1,10,Aggregation,0.03125,0.0039241313934326
Polars,Bank Marketing,1.31.0,v1,10,Row/Column,0.009644,0.0012130737304687
Polars,Bank Marketing,1.31.0,v1,10,Row/Column,0.072571,0.0038444995880126
Polars,Bank Marketing,1.31.0,v1,10,Row/Column,44.89112,1.5003068447113037
Polars,Bank Marketing,1.31.0,v1,10,Aggregation,0.0,0.000845193862915
Polars,Bank Marketing,1.31.0,v1,10,Aggregation,0.00537,0.0007064342498779
Polars,Bank Marketing,1.31.0,v1,10,Aggregation,0.002929,0.0011124610900878
Polars,Bank Marketing,1.31.0,v1,10,Aggregation,0.003051,0.0006556510925292
Polars,Bank Marketing,1.31.0,v1,10,Row/Column,0.00708,0.0016467571258544
Polars,Bank Marketing,1.31.0,v1,10,I/O,0.177062,0.005927562713623
Polars,Bank Marketing,1.31.0,v1,10,I/O,0.994383,0.1102769374847412
Polars,Bank Marketing,1.31.0,v1,10,I/O,0.237547,0.014582872390747
Polars,Bank Marketing,1.31.0,v1,10,I/O,0.268798,0.0311040878295898
Polars,Bank Marketing,1.31.0,v1,10,Missing,0.023255,0.0025694370269775
Polars,Bank Marketing,1.31.0,v1,10,Missing,0.054626,0.0035886764526367
Polars,Bank Marketing,1.31.0,v1,10,Missing,0.018617,0.0028755664825439
Polars,Bank Marketing,1.31.0,v1,10,Missing,0.024476,0.0028431415557861
Polars,Bank Marketing,1.31.0,v1,10,Row/Column,0.0,0.0006279945373535
Polars,Bank Marketing,1.31.0,v1,10,Aggregation,0.037047,0.0041260719299316
Polars,Bank Marketing,1.31.0,v1,10,Row/Column,0.008545,0.0012760162353515
Polars,Bank Marketing,1.31.0,v1,10,Row/Column,0.071655,0.0038137435913085
Polars,Bank Marketing,1.31.0,v1,10,Row/Column,44.665291,1.4870619773864746
Polars,Bank Marketing,1.31.0,v1,10,Aggregation,0.0,0.0007307529449462
Polars,Bank Marketing,1.31.0,v1,10,Aggregation,0.0,0.0006539821624755
Polars,Bank Marketing,1.31.0,v1,10,Aggregation,0.013244,0.001133918762207
Polars,Bank Marketing,1.31.0,v1,10,Aggregation,0.0,0.0005965232849121
Polars,Bank Marketing,1.31.0,v1,10,Row/Column,0.004822,0.001633882522583
Polars,Bank Marketing,1.31.0,v1,10,I/O,0.174315,0.0059189796447753
Polars,Bank Marketing,1.31.0,v1,10,I/O,1.0332,0.1170988082885742
Polars,Bank Marketing,1.31.0,v1,10,I/O,0.243835,0.017324686050415
Polars,Bank Marketing,1.31.0,v1,10,I/O,0.276672,0.0310182571411132
Polars,Bank Marketing,1.31.0,v1,10,Missing,0.015747,0.0024647712707519
Polars,Bank Marketing,1.31.0,v1,10,Missing,0.061523,0.0036823749542236
Polars,Bank Marketing,1.31.0,v1,10,Missing,0.023376,0.0028474330902099
Polars,Bank Marketing,1.31.0,v1,10,Missing,0.041565,0.0030345916748046
Polars,Bank Marketing,1.31.0,v1,10,Row/Column,0.001953,0.0006821155548095
Polars,Bank Marketing,1.31.0,v1,10,Aggregation,0.033447,0.0040719509124755
Polars,Bank Marketing,1.31.0,v1,10,Row/Column,0.009461,0.0013694763183593
Polars,Bank Marketing,1.31.0,v1,10,Row/Column,0.093261,0.0041027069091796
Polars,Bank Marketing,1.31.0,v1,10,Row/Column,44.210336,1.542103290557861
Polars,Bank Marketing,1.31.0,v1,10,Aggregation,0.0,0.0007898807525634
Polars,Bank Marketing,1.31.0,v1,10,Aggregation,0.003357,0.0007534027099609
Polars,Bank Marketing,1.31.0,v1,10,Aggregation,0.008973,0.0010783672332763
Polars,Bank Marketing,1.31.0,v1,10,Aggregation,0.002991,0.000734806060791
Polars,Bank Marketing,1.31.0,v1,10,Row/Column,0.005067,0.0014200210571289
Polars,Bank Marketing,1.31.0,v1,10,I/O,0.169311,0.0058066844940185
Polars,Bank Marketing,1.31.0,v1,10,I/O,0.988645,0.1108961105346679
Polars,Bank Marketing,1.31.0,v1,10,I/O,0.24237,0.0172827243804931
Polars,Bank Marketing,1.31.0,v1,10,I/O,0.270019,0.0308587551116943
Polars,Bank Marketing,1.31.0,v1,10,Missing,0.015136,0.0022764205932617
Polars,Bank Marketing,1.31.0,v1,10,Missing,0.047546,0.003396987915039
Polars,Bank Marketing,1.31.0,v1,10,Missing,0.022949,0.0027596950531005
Polars,Bank Marketing,1.31.0,v1,10,Missing,0.020324,0.0028543472290039
Polars,Bank Marketing,1.31.0,v1,10,Row/Column,0.005554,0.0006837844848632
Polars,Bank Marketing,1.31.0,v1,10,Aggregation,0.054932,0.0043714046478271
Polars,Bank Marketing,1.31.0,v1,10,Row/Column,0.009583,0.0010781288146972
Polars,Bank Marketing,1.31.0,v1,10,Row/Column,0.075134,0.0038886070251464
Polars,Bank Marketing,1.31.0,v1,10,Row/Column,42.847302,1.459786891937256
Polars,Bank Marketing,1.31.0,v1,10,Aggregation,0.0,0.0006089210510253
Polars,Bank Marketing,1.31.0,v1,10,Aggregation,0.0,0.0007746219635009
Polars,Bank Marketing,1.31.0,v1,10,Aggregation,0.0083,0.001155138015747
Polars,Bank Marketing,1.31.0,v1,10,Aggregation,0.0,0.0007362365722656
Polars,Bank Marketing,1.31.0,v1,10,Row/Column,0.007507,0.0016348361968994
Polars,Bank Marketing,1.31.0,v1,10,I/O,0.169067,0.0058929920196533
Polars,Bank Marketing,1.31.0,v1,10,I/O,1.033017,0.1157088279724121
Polars,Bank Marketing,1.31.0,v1,10,I/O,0.242248,0.0171830654144287
Polars,Bank Marketing,1.31.0,v1,10,I/O,0.274535,0.0313167572021484
Polars,Bank Marketing,1.31.0,v1,10,Missing,0.012817,0.002242088317871
Polars,Bank Marketing,1.31.0,v1,10,Missing,0.049805,0.0031673908233642
Polars,Bank Marketing,1.31.0,v1,10,Missing,0.028321,0.002514362335205
Polars,Bank Marketing,1.31.0,v1,10,Missing,0.037475,0.0029094219207763
Polars,Bank Marketing,1.31.0,v1,10,Row/Column,0.002258,0.0006897449493408
Polars,Bank Marketing,1.31.0,v1,10,Aggregation,0.049744,0.0040674209594726
Polars,Bank Marketing,1.31.0,v1,10,Row/Column,0.013794,0.0013473033905029
Polars,Bank Marketing,1.31.0,v1,10,Row/Column,0.072387,0.0038061141967773
Polars,Bank Marketing,1.31.0,v1,10,Row/Column,43.830271,1.5265069007873535
Polars,Bank Marketing,1.31.0,v1,10,Aggregation,0.005066,0.0007932186126708
Polars,Bank Marketing,1.31.0,v1,10,Aggregation,0.0,0.000746726989746
Polars,Bank Marketing,1.31.0,v1,10,Aggregation,0.008545,0.0011556148529052
Polars,Bank Marketing,1.31.0,v1,10,Aggregation,0.0,0.0005943775177001
Polars,Bank Marketing,1.31.0,v1,10,Row/Column,0.008118,0.0015556812286376
Polars,Bank Marketing,1.31.0,v1,10,I/O,0.171508,0.0056784152984619
Polars,Bank Marketing,1.31.0,v1,10,I/O,1.061703,0.1185808181762695
Polars,Bank Marketing,1.31.0,v1,10,I/O,0.240905,0.0176005363464355
Polars,Bank Marketing,1.31.0,v1,10,I/O,0.265808,0.0312964916229248
Polars,Bank Marketing,1.31.0,v1,10,Missing,0.016723,0.0024378299713134
Polars,Bank Marketing,1.31.0,v1,10,Missing,0.053102,0.003476858139038
Polars,Bank Marketing,1.31.0,v1,10,Missing,0.028138,0.0028364658355712
Polars,Bank Marketing,1.31.0,v1,10,Missing,0.02069,0.0028800964355468
Polars,Bank Marketing,1.31.0,v1,10,Row/Column,0.0,0.0006814002990722
Polars,Bank Marketing,1.31.0,v1,10,Aggregation,0.030457,0.0037899017333984
Polars,Bank Marketing,1.31.0,v1,10,Row/Column,0.007874,0.0014007091522216
Polars,Bank Marketing,1.31.0,v1,10,Row/Column,0.094971,0.0041475296020507
Polars,Bank Marketing,1.31.0,v1,10,Row/Column,43.196911,1.4278404712677002
Polars,Bank Marketing,1.31.0,v1,10,Aggregation,0.002075,0.0007643699645996
Polars,Bank Marketing,1.31.0,v1,10,Aggregation,0.004822,0.0006060600280761
Polars,Bank Marketing,1.31.0,v1,10,Aggregation,0.007995,0.0012323856353759
Polars,Bank Marketing,1.31.0,v1,10,Aggregation,0.0,0.0007600784301757
Polars,Bank Marketing,1.31.0,v1,10,Row/Column,0.013855,0.0016272068023681
Polars,Bank Marketing,1.31.0,v1,10,I/O,0.179015,0.0059354305267333
Polars,Bank Marketing,1.31.0,v1,10,I/O,1.052244,0.1204862594604492
Polars,Bank Marketing,1.31.0,v1,10,I/O,0.244567,0.0176646709442138
Polars,Bank Marketing,1.31.0,v1,10,I/O,0.279113,0.0312135219573974
Polars,Bank Marketing,1.31.0,v1,10,Missing,0.016419,0.0024244785308837
Polars,Bank Marketing,1.31.0,v1,10,Missing,0.052735,0.0035088062286376
Polars,Bank Marketing,1.31.0,v1,10,Missing,0.032105,0.0025184154510498
Polars,Bank Marketing,1.31.0,v1,10,Missing,0.036317,0.0025820732116699
Polars,Bank Marketing,1.31.0,v1,10,Row/Column,0.0,0.0006887912750244
Polars,Bank Marketing,1.31.0,v1,10,Aggregation,0.048461,0.0040476322174072
Polars,Bank Marketing,1.31.0,v1,10,Row/Column,0.008483,0.0014433860778808
Polars,Bank Marketing,1.31.0,v1,10,Row/Column,0.090088,0.0040390491485595
Polars,Bank Marketing,1.31.0,v1,10,Row/Column,43.439648,1.480459690093994
Polars,Bank Marketing,1.31.0,v1,10,Aggregation,0.0,0.0006632804870605
Polars,Bank Marketing,1.31.0,v1,10,Aggregation,0.003724,0.0007529258728027
Polars,Bank Marketing,1.31.0,v1,10,Aggregation,0.009399,0.0010883808135986
Polars,Bank Marketing,1.31.0,v1,10,Aggregation,0.001952,0.0007414817810058
Polars,Bank Marketing,1.31.0,v1,10,Row/Column,0.013428,0.0016281604766845
Polars,Bank Marketing,1.31.0,v1,10,I/O,0.170593,0.0058445930480957
Polars,Bank Marketing,1.31.0,v1,10,I/O,1.016722,0.1152420043945312
Polars,Bank Marketing,1.31.0,v1,10,I/O,0.240173,0.0170137882232666
Polars,Bank Marketing,1.31.0,v1,10,I/O,0.282531,0.0316078662872314
Polars,Bank Marketing,1.31.0,v1,10,Missing,0.018432,0.0024001598358154
Polars,Bank Marketing,1.31.0,v1,10,Missing,0.051696,0.003507375717163
Polars,Bank Marketing,1.31.0,v1,10,Missing,0.041442,0.0029242038726806
Polars,Bank Marketing,1.31.0,v1,10,Missing,0.037963,0.0028889179229736
Polars,Bank Marketing,1.31.0,v1,10,Row/Column,0.002198,0.0005483627319335
Polars,Bank Marketing,1.31.0,v1,10,Aggregation,0.052612,0.0040473937988281
Polars,Bank Marketing,1.31.0,v1,10,Row/Column,0.007569,0.0014255046844482
Polars,Bank Marketing,1.31.0,v1,10,Row/Column,0.073181,0.0040693283081054
Polars,Bank Marketing,1.31.0,v1,10,Row/Column,45.269719,1.5787432193756104
Polars,Bank Marketing,1.31.0,v1,10,Aggregation,0.003479,0.0006661415100097
Polars,Bank Marketing,1.31.0,v1,10,Aggregation,0.002991,0.0006673336029052
Polars,Bank Marketing,1.31.0,v1,10,Aggregation,0.002687,0.0011134147644042
Polars,Bank Marketing,1.31.0,v1,10,Aggregation,0.003784,0.0007526874542236
Polars,Bank Marketing,1.31.0,v1,10,Row/Column,0.007874,0.0016450881958007
Polars,Bank Marketing,1.31.0,v1,10,I/O,0.174499,0.0057909488677978
Polars,Bank Marketing,1.31.0,v1,10,I/O,1.001157,0.1138556003570556
Polars,Bank Marketing,1.31.0,v1,10,I/O,0.237915,0.0170049667358398
Polars,Bank Marketing,1.31.0,v1,10,I/O,0.267334,0.0307919979095459
Polars,Bank Marketing,1.31.0,v1,10,Missing,0.020874,0.0023989677429199
Polars,Bank Marketing,1.31.0,v1,10,Missing,0.05426,0.0033521652221679
Polars,Bank Marketing,1.31.0,v1,10,Missing,0.02069,0.0028338432312011
Polars,Bank Marketing,1.31.0,v1,10,Missing,0.018676,0.0029363632202148
Polars,Bank Marketing,1.31.0,v1,10,Row/Column,0.002502,0.0003244876861572
Polars,Bank Marketing,1.31.0,v1,10,Aggregation,0.03125,0.0037126541137695
Polars,Bank Marketing,1.31.0,v1,10,Row/Column,0.009217,0.0013160705566406
Polars,Bank Marketing,1.31.0,v1,10,Row/Column,0.069152,0.0039138793945312
Polars,Bank Marketing,1.31.0,v1,10,Row/Column,42.262587,1.4389798641204834
Polars,Bank Marketing,1.31.0,v1,10,Aggregation,0.0,0.00079345703125
Polars,Bank Marketing,1.31.0,v1,10,Aggregation,0.004821,0.0007631778717041
Polars,Bank Marketing,1.31.0,v1,10,Aggregation,0.001709,0.00118088722229
Polars,Bank Marketing,1.31.0,v1,10,Aggregation,0.005494,0.0007548332214355
Polars,Bank Marketing,1.31.0,v1,10,Row/Column,0.007812,0.0015273094177246
Polars,Bank Marketing,1.0.0,v2,10,I/O,0.259521,0.0118446350097656
Polars,Bank Marketing,1.0.0,v2,10,I/O,1.473874,0.1792385578155517
Polars,Bank Marketing,1.0.0,v2,10,I/O,0.150024,0.0130770206451416
Polars,Bank Marketing,1.0.0,v2,10,I/O,0.335265,0.0441234111785888
Polars,Bank Marketing,1.0.0,v2,10,Missing,0.076598,0.016214370727539
Polars,Bank Marketing,1.0.0,v2,10,Missing,0.066711,0.0117661952972412
Polars,Bank Marketing,1.0.0,v2,10,Missing,0.037231,0.0090997219085693
Polars,Bank Marketing,1.0.0,v2,10,Missing,0.059326,0.010209321975708
Polars,Bank Marketing,1.0.0,v2,10,Row/Column,0.02063,0.00687837600708
Polars,Bank Marketing,1.0.0,v2,10,Aggregation,0.077331,0.0116505622863769
Polars,Bank Marketing,1.0.0,v2,10,Row/Column,0.021241,0.0068552494049072
Polars,Bank Marketing,1.0.0,v2,10,Row/Column,0.085693,0.0070199966430664
Polars,Bank Marketing,1.0.0,v2,10,Row/Column,29.527452,0.8397226333618164
Polars,Bank Marketing,1.0.0,v2,10,Aggregation,0.016174,0.00712251663208
Polars,Bank Marketing,1.0.0,v2,10,Aggregation,0.026124,0.0073232650756835
Polars,Bank Marketing,1.0.0,v2,10,Aggregation,0.019836,0.0076916217803955
Polars,Bank Marketing,1.0.0,v2,10,Aggregation,0.0,0.000638723373413
Polars,Bank Marketing,1.0.0,v2,10,Row/Column,0.003783,0.00132417678833
Polars,Bank Marketing,1.0.0,v2,10,I/O,0.184326,0.0061173439025878
Polars,Bank Marketing,1.0.0,v2,10,I/O,1.488827,0.1775319576263427
Polars,Bank Marketing,1.0.0,v2,10,I/O,0.145752,0.0135209560394287
Polars,Bank Marketing,1.0.0,v2,10,I/O,0.323058,0.0434968471527099
Polars,Bank Marketing,1.0.0,v2,10,Missing,0.009155,0.0009639263153076
Polars,Bank Marketing,1.0.0,v2,10,Missing,0.026855,0.0034554004669189
Polars,Bank Marketing,1.0.0,v2,10,Missing,0.007507,0.0011210441589355
Polars,Bank Marketing,1.0.0,v2,10,Missing,0.031739,0.0050058364868164
Polars,Bank Marketing,1.0.0,v2,10,Row/Column,0.001037,0.0006630420684814
Polars,Bank Marketing,1.0.0,v2,10,Aggregation,0.01654,0.0026507377624511
Polars,Bank Marketing,1.0.0,v2,10,Row/Column,0.002198,0.0007650852203369
Polars,Bank Marketing,1.0.0,v2,10,Row/Column,0.081359,0.0072159767150878
Polars,Bank Marketing,1.0.0,v2,10,Row/Column,29.175768,0.8108625411987305
Polars,Bank Marketing,1.0.0,v2,10,Aggregation,0.0,0.0007929801940917
Polars,Bank Marketing,1.0.0,v2,10,Aggregation,0.0,0.000709056854248
Polars,Bank Marketing,1.0.0,v2,10,Aggregation,0.001709,0.0008726119995117
Polars,Bank Marketing,1.0.0,v2,10,Aggregation,0.003052,0.0006930828094482
Polars,Bank Marketing,1.0.0,v2,10,Row/Column,0.003907,0.0013051033020019
Polars,Bank Marketing,1.0.0,v2,10,I/O,0.199158,0.0066897869110107
Polars,Bank Marketing,1.0.0,v2,10,I/O,1.479061,0.1801729202270507
Polars,Bank Marketing,1.0.0,v2,10,I/O,0.141966,0.0131301879882812
Polars,Bank Marketing,1.0.0,v2,10,I/O,0.346984,0.0444822311401367
Polars,Bank Marketing,1.0.0,v2,10,Missing,0.0,0.0007600784301757
Polars,Bank Marketing,1.0.0,v2,10,Missing,0.022583,0.0036056041717529
Polars,Bank Marketing,1.0.0,v2,10,Missing,0.008484,0.0011181831359863
Polars,Bank Marketing,1.0.0,v2,10,Missing,0.046082,0.0055744647979736
Polars,Bank Marketing,1.0.0,v2,10,Row/Column,0.0,0.0005524158477783
Polars,Bank Marketing,1.0.0,v2,10,Aggregation,0.008728,0.0017337799072265
Polars,Bank Marketing,1.0.0,v2,10,Row/Column,0.0,0.0007519721984863
Polars,Bank Marketing,1.0.0,v2,10,Row/Column,0.093994,0.0070219039916992
Polars,Bank Marketing,1.0.0,v2,10,Row/Column,29.26085,0.8499948978424072
Polars,Bank Marketing,1.0.0,v2,10,Aggregation,0.001159,0.0007963180541992
Polars,Bank Marketing,1.0.0,v2,10,Aggregation,0.004517,0.0006959438323974
Polars,Bank Marketing,1.0.0,v2,10,Aggregation,0.005554,0.001033067703247
Polars,Bank Marketing,1.0.0,v2,10,Aggregation,0.00647,0.0006520748138427
Polars,Bank Marketing,1.0.0,v2,10,Row/Column,0.007506,0.0015749931335449
Polars,Bank Marketing,1.0.0,v2,10,I/O,0.193542,0.0063531398773193
Polars,Bank Marketing,1.0.0,v2,10,I/O,1.466732,0.1751542091369629
Polars,Bank Marketing,1.0.0,v2,10,I/O,0.14972,0.0139379501342773
Polars,Bank Marketing,1.0.0,v2,10,I/O,0.326171,0.0438299179077148
Polars,Bank Marketing,1.0.0,v2,10,Missing,0.033265,0.0042455196380615
Polars,Bank Marketing,1.0.0,v2,10,Missing,0.039978,0.0047910213470458
Polars,Bank Marketing,1.0.0,v2,10,Missing,0.008484,0.001103401184082
Polars,Bank Marketing,1.0.0,v2,10,Missing,0.002868,0.0013520717620849
Polars,Bank Marketing,1.0.0,v2,10,Row/Column,0.0,0.0006539821624755
Polars,Bank Marketing,1.0.0,v2,10,Aggregation,0.007812,0.0019149780273437
Polars,Bank Marketing,1.0.0,v2,10,Row/Column,0.0,0.0005488395690917
Polars,Bank Marketing,1.0.0,v2,10,Row/Column,0.072204,0.0067729949951171
Polars,Bank Marketing,1.0.0,v2,10,Row/Column,29.241807,0.8239877223968506
Polars,Bank Marketing,1.0.0,v2,10,Aggregation,0.0,0.0007953643798828
Polars,Bank Marketing,1.0.0,v2,10,Aggregation,0.0,0.0006859302520751
Polars,Bank Marketing,1.0.0,v2,10,Aggregation,0.005554,0.0010576248168945
Polars,Bank Marketing,1.0.0,v2,10,Aggregation,0.000916,0.0006971359252929
Polars,Bank Marketing,1.0.0,v2,10,Row/Column,0.004334,0.0012259483337402
Polars,Bank Marketing,1.0.0,v2,10,I/O,0.1922,0.0064477920532226
Polars,Bank Marketing,1.0.0,v2,10,I/O,1.50262,0.1810522079467773
Polars,Bank Marketing,1.0.0,v2,10,I/O,0.149963,0.0136780738830566
Polars,Bank Marketing,1.0.0,v2,10,I/O,0.340637,0.0419971942901611
Polars,Bank Marketing,1.0.0,v2,10,Missing,0.023071,0.0033850669860839
Polars,Bank Marketing,1.0.0,v2,10,Missing,0.043884,0.0050830841064453
Polars,Bank Marketing,1.0.0,v2,10,Missing,0.007445,0.0010721683502197
Polars,Bank Marketing,1.0.0,v2,10,Missing,0.007996,0.0012693405151367
Polars,Bank Marketing,1.0.0,v2,10,Row/Column,0.0,0.0006701946258544
Polars,Bank Marketing,1.0.0,v2,10,Aggregation,0.028015,0.002260684967041
Polars,Bank Marketing,1.0.0,v2,10,Row/Column,0.00177,0.0007209777832031
Polars,Bank Marketing,1.0.0,v2,10,Row/Column,0.091979,0.0070343017578125
Polars,Bank Marketing,1.0.0,v2,10,Row/Column,29.117724,0.8193767070770264
Polars,Bank Marketing,1.0.0,v2,10,Aggregation,0.001464,0.0007705688476562
Polars,Bank Marketing,1.0.0,v2,10,Aggregation,0.0,0.0007224082946777
Polars,Bank Marketing,1.0.0,v2,10,Aggregation,0.002441,0.001011848449707
Polars,Bank Marketing,1.0.0,v2,10,Aggregation,0.0,0.0006296634674072
Polars,Bank Marketing,1.0.0,v2,10,Row/Column,0.007447,0.001408576965332
Polars,Bank Marketing,1.0.0,v2,10,I/O,0.161499,0.0057299137115478
Polars,Bank Marketing,1.0.0,v2,10,I/O,1.488584,0.1778597831726074
Polars,Bank Marketing,1.0.0,v2,10,I/O,0.147887,0.0134980678558349
Polars,Bank Marketing,1.0.0,v2,10,I/O,0.356199,0.044330358505249
Polars,Bank Marketing,1.0.0,v2,10,Missing,0.025269,0.0034863948822021
Polars,Bank Marketing,1.0.0,v2,10,Missing,0.036682,0.005195140838623
Polars,Bank Marketing,1.0.0,v2,10,Missing,0.008666,0.0015139579772949
Polars,Bank Marketing,1.0.0,v2,10,Missing,0.008056,0.0012106895446777
Polars,Bank Marketing,1.0.0,v2,10,Row/Column,0.000427,0.0006396770477294
Polars,Bank Marketing,1.0.0,v2,10,Aggregation,0.007384,0.0019290447235107
Polars,Bank Marketing,1.0.0,v2,10,Row/Column,0.00116,0.0007755756378173
Polars,Bank Marketing,1.0.0,v2,10,Row/Column,0.092284,0.0070047378540039
Polars,Bank Marketing,1.0.0,v2,10,Row/Column,29.294052,0.8308093547821045
Polars,Bank Marketing,1.0.0,v2,10,Aggregation,0.002748,0.0007808208465576
Polars,Bank Marketing,1.0.0,v2,10,Aggregation,0.00415,0.0006353855133056
Polars,Bank Marketing,1.0.0,v2,10,Aggregation,0.003419,0.0010170936584472
Polars,Bank Marketing,1.0.0,v2,10,Aggregation,0.00537,0.0007100105285644
Polars,Bank Marketing,1.0.0,v2,10,Row/Column,0.008301,0.0013349056243896
Polars,Bank Marketing,1.0.0,v2,10,I/O,0.191162,0.0063676834106445
Polars,Bank Marketing,1.0.0,v2,10,I/O,1.478024,0.1751177310943603
Polars,Bank Marketing,1.0.0,v2,10,I/O,0.146117,0.0134329795837402
Polars,Bank Marketing,1.0.0,v2,10,I/O,0.377013,0.0482561588287353
Polars,Bank Marketing,1.0.0,v2,10,Missing,0.005006,0.0016098022460937
Polars,Bank Marketing,1.0.0,v2,10,Missing,0.003906,0.0012722015380859
Polars,Bank Marketing,1.0.0,v2,10,Missing,0.003724,0.0012180805206298
Polars,Bank Marketing,1.0.0,v2,10,Missing,0.004577,0.0011944770812988
Polars,Bank Marketing,1.0.0,v2,10,Row/Column,0.0,0.0006392002105712
Polars,Bank Marketing,1.0.0,v2,10,Aggregation,0.030883,0.0020530223846435
Polars,Bank Marketing,1.0.0,v2,10,Row/Column,0.0,0.0004425048828125
Polars,Bank Marketing,1.0.0,v2,10,Row/Column,0.086365,0.0068740844726562
Polars,Bank Marketing,1.0.0,v2,10,Row/Column,28.998461,0.8454601764678955
Polars,Bank Marketing,1.0.0,v2,10,Aggregation,0.010742,0.0005772113800048
Polars,Bank Marketing,1.0.0,v2,10,Aggregation,0.0,0.0007033348083496
Polars,Bank Marketing,1.0.0,v2,10,Aggregation,0.002197,0.0010144710540771
Polars,Bank Marketing,1.0.0,v2,10,Aggregation,0.000549,0.0006866455078125
Polars,Bank Marketing,1.0.0,v2,10,Row/Column,0.011658,0.0014667510986328
Polars,Bank Marketing,1.0.0,v2,10,I/O,0.192505,0.0066339969635009
Polars,Bank Marketing,1.0.0,v2,10,I/O,1.437619,0.1788740158081054
Polars,Bank Marketing,1.0.0,v2,10,I/O,0.143738,0.0138907432556152
Polars,Bank Marketing,1.0.0,v2,10,I/O,0.334716,0.0434546470642089
Polars,Bank Marketing,1.0.0,v2,10,Missing,0.004089,0.0009419918060302
Polars,Bank Marketing,1.0.0,v2,10,Missing,0.041259,0.004922866821289
Polars,Bank Marketing,1.0.0,v2,10,Missing,0.030456,0.0039536952972412
Polars,Bank Marketing,1.0.0,v2,10,Missing,0.007751,0.0012195110321044
Polars,Bank Marketing,1.0.0,v2,10,Row/Column,0.001708,0.0006487369537353
Polars,Bank Marketing,1.0.0,v2,10,Aggregation,0.021667,0.0019083023071289
Polars,Bank Marketing,1.0.0,v2,10,Row/Column,0.0,0.00057053565979
Polars,Bank Marketing,1.0.0,v2,10,Row/Column,0.095031,0.0074367523193359
Polars,Bank Marketing,1.0.0,v2,10,Row/Column,29.29741,0.8333356380462646
Polars,Bank Marketing,1.0.0,v2,10,Aggregation,0.005189,0.000791311264038
Polars,Bank Marketing,1.0.0,v2,10,Aggregation,0.001403,0.0006988048553466
Polars,Bank Marketing,1.0.0,v2,10,Aggregation,0.009887,0.001011848449707
Polars,Bank Marketing,1.0.0,v2,10,Aggregation,0.004639,0.0006995201110839
Polars,Bank Marketing,1.0.0,v2,10,Row/Column,0.009278,0.0018253326416015
Polars,Bank Marketing,1.0.0,v2,10,I/O,0.188659,0.00596284866333
Polars,Bank Marketing,1.0.0,v2,10,I/O,1.475277,0.1761753559112548
Polars,Bank Marketing,1.0.0,v2,10,I/O,0.14624,0.0133075714111328
Polars,Bank Marketing,1.0.0,v2,10,I/O,0.373901,0.0475494861602783
Polars,Bank Marketing,1.0.0,v2,10,Missing,0.001526,0.000948429107666
Polars,Bank Marketing,1.0.0,v2,10,Missing,0.039733,0.0056781768798828
Polars,Bank Marketing,1.0.0,v2,10,Missing,0.00476,0.0010876655578613
Polars,Bank Marketing,1.0.0,v2,10,Missing,0.003723,0.0013263225555419
Polars,Bank Marketing,1.0.0,v2,10,Row/Column,0.0,0.0006735324859619
Polars,Bank Marketing,1.0.0,v2,10,Aggregation,0.011413,0.0019083023071289
Polars,Bank Marketing,1.0.0,v2,10,Row/Column,0.0,0.0005762577056884
Polars,Bank Marketing,1.0.0,v2,10,Row/Column,0.085266,0.0072839260101318
Polars,Bank Marketing,1.0.0,v2,10,Row/Column,29.041673,0.8062386512756348
Polars,Bank Marketing,1.0.0,v2,10,Aggregation,0.0,0.0007987022399902
Polars,Bank Marketing,1.0.0,v2,10,Aggregation,0.001892,0.0003528594970703
Polars,Bank Marketing,1.0.0,v2,10,Aggregation,0.0,0.0007824897766113
Polars,Bank Marketing,1.0.0,v2,10,Aggregation,0.0,0.000356912612915
Polars,Bank Marketing,1.0.0,v2,10,Row/Column,0.007569,0.0010647773742675
Polars,Bank Marketing,1.0.0,v2,10,I/O,0.199828,0.0069193840026855
Polars,Bank Marketing,1.0.0,v2,10,I/O,1.509945,0.1798982620239257
Polars,Bank Marketing,1.0.0,v2,10,I/O,0.159058,0.0132954120635986
Polars,Bank Marketing,1.0.0,v2,10,I/O,0.35034,0.0432004928588867
Polars,Bank Marketing,1.0.0,v2,10,Missing,0.00116,0.000927448272705
Polars,Bank Marketing,1.0.0,v2,10,Missing,0.016174,0.0020227432250976
Polars,Bank Marketing,1.0.0,v2,10,Missing,0.024781,0.0032651424407958
Polars,Bank Marketing,1.0.0,v2,10,Missing,0.01416,0.0011751651763916
Polars,Bank Marketing,1.0.0,v2,10,Row/Column,0.0,0.000664472579956
Polars,Bank Marketing,1.0.0,v2,10,Aggregation,0.0094,0.0018620491027832
Polars,Bank Marketing,1.0.0,v2,10,Row/Column,0.0,0.0007379055023193
Polars,Bank Marketing,1.0.0,v2,10,Row/Column,0.071532,0.0069601535797119
Polars,Bank Marketing,1.0.0,v2,10,Row/Column,28.962572,0.8164389133453369
Polars,Bank Marketing,1.0.0,v2,10,Aggregation,0.001159,0.0006167888641357
Polars,Bank Marketing,1.0.0,v2,10,Aggregation,0.003174,0.0005652904510498
Polars,Bank Marketing,1.0.0,v2,10,Aggregation,0.004028,0.001131534576416
Polars,Bank Marketing,1.0.0,v2,10,Aggregation,0.005371,0.0005474090576171
Polars,Bank Marketing,1.0.0,v2,10,Row/Column,0.006958,0.0014176368713378
Polars,Bank Marketing,0.20.0,v0,10,I/O,0.251892,0.0107684135437011
Polars,Bank Marketing,0.20.0,v0,10,I/O,1.469724,0.1753530502319336
Polars,Bank Marketing,0.20.0,v0,10,I/O,0.307372,0.0103952884674072
Polars,Bank Marketing,0.20.0,v0,10,I/O,0.11798,0.0148634910583496
Polars,Bank Marketing,0.20.0,v0,10,Missing,0.046081,0.0121593475341796
Polars,Bank Marketing,0.20.0,v0,10,Missing,0.047973,0.0092847347259521
Polars,Bank Marketing,0.20.0,v0,10,Missing,0.017028,0.0075070858001708
Polars,Bank Marketing,0.20.0,v0,10,Missing,0.031861,0.0095889568328857
Polars,Bank Marketing,0.20.0,v0,10,Row/Column,0.017273,0.0070104598999023
Polars,Bank Marketing,0.20.0,v0,10,Aggregation,0.108398,0.0183522701263427
Polars,Bank Marketing,0.20.0,v0,10,Row/Column,0.058899,0.0123918056488037
Polars,Bank Marketing,0.20.0,v0,10,Row/Column,0.108337,0.010434865951538
Polars,Bank Marketing,0.20.0,v0,10,Row/Column,79.841226,2.61834979057312
Polars,Bank Marketing,0.20.0,v0,10,Aggregation,0.016235,0.0069115161895751
Polars,Bank Marketing,0.20.0,v0,10,Aggregation,0.017823,0.0072152614593505
Polars,Bank Marketing,0.20.0,v0,10,Aggregation,0.021117,0.0077857971191406
Polars,Bank Marketing,0.20.0,v0,10,Aggregation,0.00238,0.0007209777832031
Polars,Bank Marketing,0.20.0,v0,10,Row/Column,0.020752,0.0078556537628173
Polars,Bank Marketing,0.20.0,v0,10,I/O,0.176818,0.0063974857330322
Polars,Bank Marketing,0.20.0,v0,10,I/O,1.472776,0.1760451793670654
Polars,Bank Marketing,0.20.0,v0,10,I/O,0.310669,0.0168533325195312
Polars,Bank Marketing,0.20.0,v0,10,I/O,0.128723,0.0151927471160888
Polars,Bank Marketing,0.20.0,v0,10,Missing,0.0,0.0006730556488037
Polars,Bank Marketing,0.20.0,v0,10,Missing,0.001465,0.0009100437164306
Polars,Bank Marketing,0.20.0,v0,10,Missing,0.001465,0.0008950233459472
Polars,Bank Marketing,0.20.0,v0,10,Missing,0.010437,0.0018327236175537
Polars,Bank Marketing,0.20.0,v0,10,Row/Column,0.002686,0.0006630420684814
Polars,Bank Marketing,0.20.0,v0,10,Aggregation,0.026306,0.0038177967071533
Polars,Bank Marketing,0.20.0,v0,10,Row/Column,0.043945,0.0050835609436035
Polars,Bank Marketing,0.20.0,v0,10,Row/Column,0.066771,0.0030775070190429
Polars,Bank Marketing,0.20.0,v0,10,Row/Column,79.87449,2.5176501274108887
Polars,Bank Marketing,0.20.0,v0,10,Aggregation,0.0,0.0003931522369384
Polars,Bank Marketing,0.20.0,v0,10,Aggregation,0.002441,0.0003578662872314
Polars,Bank Marketing,0.20.0,v0,10,Aggregation,0.003967,0.0007352828979492
Polars,Bank Marketing,0.20.0,v0,10,Aggregation,0.0,0.0003552436828613
Polars,Bank Marketing,0.20.0,v0,10,Row/Column,0.011048,0.0011730194091796
Polars,Bank Marketing,0.20.0,v0,10,I/O,0.178283,0.0065693855285644
Polars,Bank Marketing,0.20.0,v0,10,I/O,1.462459,0.1765100955963134
Polars,Bank Marketing,0.20.0,v0,10,I/O,0.309875,0.0164752006530761
Polars,Bank Marketing,0.20.0,v0,10,I/O,0.127563,0.0150175094604492
Polars,Bank Marketing,0.20.0,v0,10,Missing,0.004334,0.0007002353668212
Polars,Bank Marketing,0.20.0,v0,10,Missing,0.00592,0.0009455680847167
Polars,Bank Marketing,0.20.0,v0,10,Missing,0.038329,0.0052108764648437
Polars,Bank Marketing,0.20.0,v0,10,Missing,0.023255,0.0030598640441894
Polars,Bank Marketing,0.20.0,v0,10,Row/Column,0.0,0.0006558895111083
Polars,Bank Marketing,0.20.0,v0,10,Aggregation,0.011718,0.0020234584808349
Polars,Bank Marketing,0.20.0,v0,10,Row/Column,0.050109,0.0061357021331787
Polars,Bank Marketing,0.20.0,v0,10,Row/Column,0.088135,0.0037806034088134
Polars,Bank Marketing,0.20.0,v0,10,Row/Column,79.173565,2.491267442703247
Polars,Bank Marketing,0.20.0,v0,10,Aggregation,0.0,0.0006594657897949
Polars,Bank Marketing,0.20.0,v0,10,Aggregation,0.0,0.0007033348083496
Polars,Bank Marketing,0.20.0,v0,10,Aggregation,0.008789,0.0010340213775634
Polars,Bank Marketing,0.20.0,v0,10,Aggregation,0.0,0.000701904296875
Polars,Bank Marketing,0.20.0,v0,10,Row/Column,0.00708,0.0014400482177734
Polars,Bank Marketing,0.20.0,v0,10,I/O,0.186279,0.0071241855621337
Polars,Bank Marketing,0.20.0,v0,10,I/O,1.453365,0.1714613437652588
Polars,Bank Marketing,0.20.0,v0,10,I/O,0.301086,0.016653299331665
Polars,Bank Marketing,0.20.0,v0,10,I/O,0.13562,0.0151655673980712
Polars,Bank Marketing,0.20.0,v0,10,Missing,0.0,0.0006556510925292
Polars,Bank Marketing,0.20.0,v0,10,Missing,0.009033,0.0009090900421142
Polars,Bank Marketing,0.20.0,v0,10,Missing,0.0,0.0008761882781982
Polars,Bank Marketing,0.20.0,v0,10,Missing,0.007201,0.0018177032470703
Polars,Bank Marketing,0.20.0,v0,10,Row/Column,0.002442,0.0006592273712158
Polars,Bank Marketing,0.20.0,v0,10,Aggregation,0.029846,0.0045700073242187
Polars,Bank Marketing,0.20.0,v0,10,Row/Column,0.049378,0.0059843063354492
Polars,Bank Marketing,0.20.0,v0,10,Row/Column,0.092774,0.0042018890380859
Polars,Bank Marketing,0.20.0,v0,10,Row/Column,79.9777,2.741704225540161
Polars,Bank Marketing,0.20.0,v0,10,Aggregation,0.0,0.0006959438323974
Polars,Bank Marketing,0.20.0,v0,10,Aggregation,0.0,0.0007178783416748
Polars,Bank Marketing,0.20.0,v0,10,Aggregation,0.012573,0.001131534576416
Polars,Bank Marketing,0.20.0,v0,10,Aggregation,0.003417,0.000598669052124
Polars,Bank Marketing,0.20.0,v0,10,Row/Column,0.007324,0.0014314651489257
Polars,Bank Marketing,0.20.0,v0,10,I/O,0.169494,0.0064053535461425
Polars,Bank Marketing,0.20.0,v0,10,I/O,1.451289,0.1775920391082763
Polars,Bank Marketing,0.20.0,v0,10,I/O,0.294006,0.016822338104248
Polars,Bank Marketing,0.20.0,v0,10,I/O,0.127746,0.0150210857391357
Polars,Bank Marketing,0.20.0,v0,10,Missing,0.0,0.0003652572631835
Polars,Bank Marketing,0.20.0,v0,10,Missing,0.026123,0.0031580924987792
Polars,Bank Marketing,0.20.0,v0,10,Missing,0.0,0.0007469654083251
Polars,Bank Marketing,0.20.0,v0,10,Missing,0.006408,0.0014669895172119
Polars,Bank Marketing,0.20.0,v0,10,Row/Column,0.0,0.0006697177886962
Polars,Bank Marketing,0.20.0,v0,10,Aggregation,0.04071,0.0056338310241699
Polars,Bank Marketing,0.20.0,v0,10,Row/Column,0.047973,0.0060489177703857
Polars,Bank Marketing,0.20.0,v0,10,Row/Column,0.082153,0.0033075809478759
Polars,Bank Marketing,0.20.0,v0,10,Row/Column,78.455609,2.1915621757507324
Polars,Bank Marketing,0.20.0,v0,10,Aggregation,0.0,0.0003283023834228
Polars,Bank Marketing,0.20.0,v0,10,Aggregation,0.0,0.0005459785461425
Polars,Bank Marketing,0.20.0,v0,10,Aggregation,0.001709,0.0010652542114257
Polars,Bank Marketing,0.20.0,v0,10,Aggregation,0.002075,0.0003869533538818
Polars,Bank Marketing,0.20.0,v0,10,Row/Column,0.011414,0.0011920928955078
Polars,Bank Marketing,0.20.0,v0,10,I/O,0.166809,0.0063519477844238
Polars,Bank Marketing,0.20.0,v0,10,I/O,1.44012,0.1737504005432129
Polars,Bank Marketing,0.20.0,v0,10,I/O,0.310912,0.0164906978607177
Polars,Bank Marketing,0.20.0,v0,10,I/O,0.126892,0.0147371292114257
Polars,Bank Marketing,0.20.0,v0,10,Missing,0.0,0.0003581047058105
Polars,Bank Marketing,0.20.0,v0,10,Missing,0.005127,0.0005621910095214
Polars,Bank Marketing,0.20.0,v0,10,Missing,0.019042,0.0020837783813476
Polars,Bank Marketing,0.20.0,v0,10,Missing,0.010864,0.0017876625061035
Polars,Bank Marketing,0.20.0,v0,10,Row/Column,0.007813,0.0006451606750488
Polars,Bank Marketing,0.20.0,v0,10,Aggregation,0.058228,0.0061476230621337
Polars,Bank Marketing,0.20.0,v0,10,Row/Column,0.049133,0.0060791969299316
Polars,Bank Marketing,0.20.0,v0,10,Row/Column,0.076843,0.0035557746887207
Polars,Bank Marketing,0.20.0,v0,10,Row/Column,78.258161,2.5023772716522217
Polars,Bank Marketing,0.20.0,v0,10,Aggregation,0.0,0.0006835460662841
Polars,Bank Marketing,0.20.0,v0,10,Aggregation,0.0,0.0006890296936035
Polars,Bank Marketing,0.20.0,v0,10,Aggregation,0.00177,0.0010058879852294
Polars,Bank Marketing,0.20.0,v0,10,Aggregation,0.002136,0.0006971359252929
Polars,Bank Marketing,0.20.0,v0,10,Row/Column,0.00708,0.0015320777893066
Polars,Bank Marketing,0.20.0,v0,10,I/O,0.156494,0.0058674812316894
Polars,Bank Marketing,0.20.0,v0,10,I/O,1.471799,0.1779119968414306
Polars,Bank Marketing,0.20.0,v0,10,I/O,0.32965,0.0208837985992431
Polars,Bank Marketing,0.20.0,v0,10,I/O,0.122924,0.0150187015533447
Polars,Bank Marketing,0.20.0,v0,10,Missing,0.0,0.0006020069122314
Polars,Bank Marketing,0.20.0,v0,10,Missing,0.0,0.000734806060791
Polars,Bank Marketing,0.20.0,v0,10,Missing,0.001281,0.0008912086486816
Polars,Bank Marketing,0.20.0,v0,10,Missing,0.008972,0.0017657279968261
Polars,Bank Marketing,0.20.0,v0,10,Row/Column,0.0,0.0006606578826904
Polars,Bank Marketing,0.20.0,v0,10,Aggregation,0.018493,0.0021727085113525
Polars,Bank Marketing,0.20.0,v0,10,Row/Column,0.048279,0.0059938430786132
Polars,Bank Marketing,0.20.0,v0,10,Row/Column,0.082641,0.0030984878540039
Polars,Bank Marketing,0.20.0,v0,10,Row/Column,79.316081,2.375929117202759
Polars,Bank Marketing,0.20.0,v0,10,Aggregation,0.002258,0.0006871223449707
Polars,Bank Marketing,0.20.0,v0,10,Aggregation,0.0,0.0006837844848632
Polars,Bank Marketing,0.20.0,v0,10,Aggregation,0.006654,0.0010223388671875
Polars,Bank Marketing,0.20.0,v0,10,Aggregation,0.002809,0.000683307647705
Polars,Bank Marketing,0.20.0,v0,10,Row/Column,0.007324,0.0014903545379638
Polars,Bank Marketing,0.20.0,v0,10,I/O,0.18927,0.0069866180419921
Polars,Bank Marketing,0.20.0,v0,10,I/O,1.453792,0.1767306327819824
Polars,Bank Marketing,0.20.0,v0,10,I/O,0.320923,0.0169551372528076
Polars,Bank Marketing,0.20.0,v0,10,I/O,0.12738,0.0152175426483154
Polars,Bank Marketing,0.20.0,v0,10,Missing,0.0,0.000683307647705
Polars,Bank Marketing,0.20.0,v0,10,Missing,0.022583,0.0032727718353271
Polars,Bank Marketing,0.20.0,v0,10,Missing,0.0,0.000838279724121
Polars,Bank Marketing,0.20.0,v0,10,Missing,0.007812,0.0017356872558593
Polars,Bank Marketing,0.20.0,v0,10,Row/Column,0.0,0.0003321170806884
Polars,Bank Marketing,0.20.0,v0,10,Aggregation,0.030395,0.0019378662109375
Polars,Bank Marketing,0.20.0,v0,10,Row/Column,0.044616,0.0060634613037109
Polars,Bank Marketing,0.20.0,v0,10,Row/Column,0.083922,0.0032806396484375
Polars,Bank Marketing,0.20.0,v0,10,Row/Column,78.79881,2.697868585586548
Polars,Bank Marketing,0.20.0,v0,10,Aggregation,0.0,0.0006804466247558
Polars,Bank Marketing,0.20.0,v0,10,Aggregation,0.007507,0.0007028579711914
Polars,Bank Marketing,0.20.0,v0,10,Aggregation,0.010682,0.0010373592376708
Polars,Bank Marketing,0.20.0,v0,10,Aggregation,0.0,0.0007021427154541
Polars,Bank Marketing,0.20.0,v0,10,Row/Column,0.007569,0.001516580581665
Polars,Bank Marketing,0.20.0,v0,10,I/O,0.174622,0.0061056613922119
Polars,Bank Marketing,0.20.0,v0,10,I/O,1.442929,0.1761238574981689
Polars,Bank Marketing,0.20.0,v0,10,I/O,0.302245,0.0168588161468505
Polars,Bank Marketing,0.20.0,v0,10,I/O,0.126708,0.0152461528778076
Polars,Bank Marketing,0.20.0,v0,10,Missing,0.003234,0.0006208419799804
Polars,Bank Marketing,0.20.0,v0,10,Missing,0.008911,0.0009124279022216
Polars,Bank Marketing,0.20.0,v0,10,Missing,0.002258,0.0008606910705566
Polars,Bank Marketing,0.20.0,v0,10,Missing,0.005919,0.0017502307891845
Polars,Bank Marketing,0.20.0,v0,10,Row/Column,0.001403,0.000633955001831
Polars,Bank Marketing,0.20.0,v0,10,Aggregation,0.040405,0.0042893886566162
Polars,Bank Marketing,0.20.0,v0,10,Row/Column,0.032471,0.0047717094421386
Polars,Bank Marketing,0.20.0,v0,10,Row/Column,0.09143,0.0031847953796386
Polars,Bank Marketing,0.20.0,v0,10,Row/Column,78.780682,2.4035885334014893
Polars,Bank Marketing,0.20.0,v0,10,Aggregation,0.0,0.0006909370422363
Polars,Bank Marketing,0.20.0,v0,10,Aggregation,0.00354,0.0007052421569824
Polars,Bank Marketing,0.20.0,v0,10,Aggregation,0.009216,0.001145601272583
Polars,Bank Marketing,0.20.0,v0,10,Aggregation,0.001404,0.0006847381591796
Polars,Bank Marketing,0.20.0,v0,10,Row/Column,0.007264,0.001490831375122
Polars,Bank Marketing,0.20.0,v0,10,I/O,0.172852,0.0068175792694091
Polars,Bank Marketing,0.20.0,v0,10,I/O,1.479488,0.1801254749298095
Polars,Bank Marketing,0.20.0,v0,10,I/O,0.326598,0.01991868019104
Polars,Bank Marketing,0.20.0,v0,10,I/O,0.124817,0.0149159431457519
Polars,Bank Marketing,0.20.0,v0,10,Missing,0.0,0.0005855560302734
Polars,Bank Marketing,0.20.0,v0,10,Missing,0.00653,0.0015020370483398
Polars,Bank Marketing,0.20.0,v0,10,Missing,0.003723,0.001502513885498
Polars,Bank Marketing,0.20.0,v0,10,Missing,0.012451,0.0024445056915283
Polars,Bank Marketing,0.20.0,v0,10,Row/Column,0.005616,0.0006461143493652
Polars,Bank Marketing,0.20.0,v0,10,Aggregation,0.012878,0.0021014213562011
Polars,Bank Marketing,0.20.0,v0,10,Row/Column,0.049683,0.0061056613922119
Polars,Bank Marketing,0.20.0,v0,10,Row/Column,0.08252,0.00411057472229
Polars,Bank Marketing,0.20.0,v0,10,Row/Column,78.926739,2.305093050003052
Polars,Bank Marketing,0.20.0,v0,10,Aggregation,0.0,0.0006771087646484
Polars,Bank Marketing,0.20.0,v0,10,Aggregation,0.004089,0.000699758529663
Polars,Bank Marketing,0.20.0,v0,10,Aggregation,0.005555,0.0010159015655517
Polars,Bank Marketing,0.20.0,v0,10,Aggregation,0.001526,0.0007035732269287
Polars,Bank Marketing,0.20.0,v0,10,Row/Column,0.010315,0.001406192779541
Polars,US Census 1990,1.31.0,v1,10,I/O,23.780457,0.7063784599304199
Polars,US Census 1990,1.31.0,v1,10,I/O,504.450247,59.838420152664185
Polars,US Census 1990,1.31.0,v1,10,I/O,23.131715,1.116787672042847
Polars,US Census 1990,1.31.0,v1,10,I/O,72.934872,8.43755054473877
Polars,US Census 1990,1.31.0,v1,10,Missing,0.114441,0.0233087539672851
Polars,US Census 1990,1.31.0,v1,10,Missing,0.136962,0.0131318569183349
Polars,US Census 1990,1.31.0,v1,10,Missing,0.035826,0.0109047889709472
Polars,US Census 1990,1.31.0,v1,10,Missing,0.516418,0.0227038860321044
Polars,US Census 1990,1.31.0,v1,10,Row/Column,0.026428,0.0074880123138427
Polars,US Census 1990,1.31.0,v1,10,Aggregation,0.273193,0.0253505706787109
Polars,US Census 1990,1.31.0,v1,10,Row/Column,0.063111,0.011120319366455
Polars,US Census 1990,1.31.0,v1,10,Row/Column,16.056477,1.035863161087036
Polars,US Census 1990,1.31.0,v1,10,Row/Column,0.0,0.0003018379211425
Polars,US Census 1990,1.31.0,v1,10,Aggregation,0.018798,0.0073394775390625
Polars,US Census 1990,1.31.0,v1,10,Aggregation,0.033386,0.0090634822845458
Polars,US Census 1990,1.31.0,v1,10,Aggregation,1.172238,0.0492918491363525
Polars,US Census 1990,1.31.0,v1,10,Aggregation,1.121029,0.047412633895874
Polars,US Census 1990,1.31.0,v1,10,Aggregation,1.101438,0.0475778579711914
Polars,US Census 1990,1.31.0,v1,10,Row/Column,0.249998,0.0282857418060302
Polars,US Census 1990,1.31.0,v1,10,I/O,22.792849,0.5966451168060303
Polars,US Census 1990,1.31.0,v1,10,I/O,476.442506,55.24466562271118
Polars,US Census 1990,1.31.0,v1,10,I/O,23.360963,1.145838737487793
Polars,US Census 1990,1.31.0,v1,10,I/O,78.420514,9.352094411849976
Polars,US Census 1990,1.31.0,v1,10,Missing,0.149841,0.0292916297912597
Polars,US Census 1990,1.31.0,v1,10,Missing,0.186279,0.0189681053161621
Polars,US Census 1990,1.31.0,v1,10,Missing,0.05017,0.0093541145324707
Polars,US Census 1990,1.31.0,v1,10,Missing,0.542175,0.0209467411041259
Polars,US Census 1990,1.31.0,v1,10,Row/Column,0.010987,0.0015864372253417
Polars,US Census 1990,1.31.0,v1,10,Aggregation,0.454039,0.0382132530212402
Polars,US Census 1990,1.31.0,v1,10,Row/Column,0.033141,0.0040912628173828
Polars,US Census 1990,1.31.0,v1,10,Row/Column,16.142659,1.0330286026000977
Polars,US Census 1990,1.31.0,v1,10,Row/Column,0.002502,0.0005884170532226
Polars,US Census 1990,1.31.0,v1,10,Aggregation,0.021851,0.0076470375061035
Polars,US Census 1990,1.31.0,v1,10,Aggregation,0.021791,0.002697467803955
Polars,US Census 1990,1.31.0,v1,10,Aggregation,1.228391,0.0535008907318115
Polars,US Census 1990,1.31.0,v1,10,Aggregation,1.114073,0.0477187633514404
Polars,US Census 1990,1.31.0,v1,10,Aggregation,1.117184,0.0485167503356933
Polars,US Census 1990,1.31.0,v1,10,Row/Column,0.23828,0.0275599956512451
Polars,US Census 1990,1.31.0,v1,10,I/O,22.663943,0.6004579067230225
Polars,US Census 1990,1.31.0,v1,10,I/O,456.608573,53.9225857257843
Polars,US Census 1990,1.31.0,v1,10,I/O,23.091616,1.1297521591186523
Polars,US Census 1990,1.31.0,v1,10,I/O,77.938705,9.356646299362184
Polars,US Census 1990,1.31.0,v1,10,Missing,0.151245,0.0258679389953613
Polars,US Census 1990,1.31.0,v1,10,Missing,0.155456,0.0154628753662109
Polars,US Census 1990,1.31.0,v1,10,Missing,0.094604,0.0289065837860107
Polars,US Census 1990,1.31.0,v1,10,Missing,0.538084,0.0197150707244873
Polars,US Census 1990,1.31.0,v1,10,Row/Column,0.014221,0.001835823059082
Polars,US Census 1990,1.31.0,v1,10,Aggregation,0.421325,0.0383484363555908
Polars,US Census 1990,1.31.0,v1,10,Row/Column,0.032409,0.0040204524993896
Polars,US Census 1990,1.31.0,v1,10,Row/Column,16.082052,1.026716232299805
Polars,US Census 1990,1.31.0,v1,10,Row/Column,0.0,0.0003895759582519
Polars,US Census 1990,1.31.0,v1,10,Aggregation,0.021973,0.0075752735137939
Polars,US Census 1990,1.31.0,v1,10,Aggregation,0.026794,0.0033876895904541
Polars,US Census 1990,1.31.0,v1,10,Aggregation,1.179562,0.0505893230438232
Polars,US Census 1990,1.31.0,v1,10,Aggregation,1.112668,0.0474789142608642
Polars,US Census 1990,1.31.0,v1,10,Aggregation,1.093016,0.0476796627044677
Polars,US Census 1990,1.31.0,v1,10,Row/Column,0.243164,0.0282261371612548
Polars,US Census 1990,1.31.0,v1,10,I/O,22.708927,0.59737229347229
Polars,US Census 1990,1.31.0,v1,10,I/O,460.719889,53.59476923942566
Polars,US Census 1990,1.31.0,v1,10,I/O,23.181093,1.1286392211914062
Polars,US Census 1990,1.31.0,v1,10,I/O,75.916614,9.127330541610718
Polars,US Census 1990,1.31.0,v1,10,Missing,0.129272,0.0274255275726318
Polars,US Census 1990,1.31.0,v1,10,Missing,0.14453,0.0149083137512207
Polars,US Census 1990,1.31.0,v1,10,Missing,0.044983,0.0071451663970947
Polars,US Census 1990,1.31.0,v1,10,Missing,0.551757,0.0270478725433349
Polars,US Census 1990,1.31.0,v1,10,Row/Column,0.023376,0.0077574253082275
Polars,US Census 1990,1.31.0,v1,10,Aggregation,0.448668,0.0403375625610351
Polars,US Census 1990,1.31.0,v1,10,Row/Column,0.036438,0.0098047256469726
Polars,US Census 1990,1.31.0,v1,10,Row/Column,16.109517,1.0300843715667725
Polars,US Census 1990,1.31.0,v1,10,Row/Column,0.001038,0.0004084110260009
Polars,US Census 1990,1.31.0,v1,10,Aggregation,0.018006,0.0074198246002197
Polars,US Census 1990,1.31.0,v1,10,Aggregation,0.029785,0.0089557170867919
Polars,US Census 1990,1.31.0,v1,10,Aggregation,1.16705,0.05070161819458
Polars,US Census 1990,1.31.0,v1,10,Aggregation,1.109677,0.0474443435668945
Polars,US Census 1990,1.31.0,v1,10,Aggregation,1.130551,0.0511021614074707
Polars,US Census 1990,1.31.0,v1,10,Row/Column,0.238464,0.0273816585540771
Polars,US Census 1990,1.31.0,v1,10,I/O,23.815369,0.7173211574554443
Polars,US Census 1990,1.31.0,v1,10,I/O,473.62928,55.40669822692871
Polars,US Census 1990,1.31.0,v1,10,I/O,22.664492,1.0287773609161377
Polars,US Census 1990,1.31.0,v1,10,I/O,73.10278,8.348615884780884
Polars,US Census 1990,1.31.0,v1,10,Missing,0.136902,0.024315595626831
Polars,US Census 1990,1.31.0,v1,10,Missing,0.151,0.0145180225372314
Polars,US Census 1990,1.31.0,v1,10,Missing,0.042358,0.0103430747985839
Polars,US Census 1990,1.31.0,v1,10,Missing,0.534972,0.0246834754943847
Polars,US Census 1990,1.31.0,v1,10,Row/Column,0.018616,0.0074288845062255
Polars,US Census 1990,1.31.0,v1,10,Aggregation,0.265625,0.0264437198638916
Polars,US Census 1990,1.31.0,v1,10,Row/Column,0.040894,0.0092732906341552
Polars,US Census 1990,1.31.0,v1,10,Row/Column,16.187336,1.0374822616577148
Polars,US Census 1990,1.31.0,v1,10,Row/Column,0.000611,0.0002350807189941
Polars,US Census 1990,1.31.0,v1,10,Aggregation,0.014221,0.0068113803863525
Polars,US Census 1990,1.31.0,v1,10,Aggregation,0.024598,0.0026290416717529
Polars,US Census 1990,1.31.0,v1,10,Aggregation,1.165646,0.0486440658569335
Polars,US Census 1990,1.31.0,v1,10,Aggregation,1.099545,0.0469982624053955
Polars,US Census 1990,1.31.0,v1,10,Aggregation,1.109251,0.0470387935638427
Polars,US Census 1990,1.31.0,v1,10,Row/Column,0.234618,0.0277173519134521
Polars,US Census 1990,1.31.0,v1,10,I/O,22.669558,0.5939750671386719
Polars,US Census 1990,1.31.0,v1,10,I/O,469.568989,54.71850109100342
Polars,US Census 1990,1.31.0,v1,10,I/O,22.57172,1.0336031913757324
Polars,US Census 1990,1.31.0,v1,10,I/O,73.248409,8.419886827468872
Polars,US Census 1990,1.31.0,v1,10,Missing,4.73418,0.5452277660369873
Polars,US Census 1990,1.31.0,v1,10,Missing,0.188721,0.018096923828125
Polars,US Census 1990,1.31.0,v1,10,Missing,0.039734,0.0137882232666015
Polars,US Census 1990,1.31.0,v1,10,Missing,0.563842,0.0236096382141113
Polars,US Census 1990,1.31.0,v1,10,Row/Column,0.008302,0.0015912055969238
Polars,US Census 1990,1.31.0,v1,10,Aggregation,0.414917,0.0353434085845947
Polars,US Census 1990,1.31.0,v1,10,Row/Column,0.02301,0.0023319721221923
Polars,US Census 1990,1.31.0,v1,10,Row/Column,16.476764,1.048064947128296
Polars,US Census 1990,1.31.0,v1,10,Row/Column,0.0,0.0005860328674316
Polars,US Census 1990,1.31.0,v1,10,Aggregation,0.022095,0.0079634189605712
Polars,US Census 1990,1.31.0,v1,10,Aggregation,0.018005,0.0024898052215576
Polars,US Census 1990,1.31.0,v1,10,Aggregation,1.200863,0.0529758930206298
Polars,US Census 1990,1.31.0,v1,10,Aggregation,1.135556,0.0472636222839355
Polars,US Census 1990,1.31.0,v1,10,Aggregation,1.112546,0.0472886562347412
Polars,US Census 1990,1.31.0,v1,10,Row/Column,0.234618,0.0285720825195312
Polars,US Census 1990,1.31.0,v1,10,I/O,22.726932,0.5951905250549316
Polars,US Census 1990,1.31.0,v1,10,I/O,483.794111,55.26316785812378
Polars,US Census 1990,1.31.0,v1,10,I/O,23.229189,1.1297049522399902
Polars,US Census 1990,1.31.0,v1,10,I/O,79.331402,9.552935361862184
Polars,US Census 1990,1.31.0,v1,10,Missing,0.150878,0.0256524085998535
Polars,US Census 1990,1.31.0,v1,10,Missing,0.167236,0.0163795948028564
Polars,US Census 1990,1.31.0,v1,10,Missing,0.044373,0.0081853866577148
Polars,US Census 1990,1.31.0,v1,10,Missing,0.542723,0.0192348957061767
Polars,US Census 1990,1.31.0,v1,10,Row/Column,0.011901,0.001922607421875
Polars,US Census 1990,1.31.0,v1,10,Aggregation,0.507017,0.041703462600708
Polars,US Census 1990,1.31.0,v1,10,Row/Column,0.030151,0.0044150352478027
Polars,US Census 1990,1.31.0,v1,10,Row/Column,16.258197,1.0440073013305664
Polars,US Census 1990,1.31.0,v1,10,Row/Column,0.0,0.0002224445343017
Polars,US Census 1990,1.31.0,v1,10,Aggregation,0.028381,0.0081310272216796
Polars,US Census 1990,1.31.0,v1,10,Aggregation,0.022279,0.0030505657196044
Polars,US Census 1990,1.31.0,v1,10,Aggregation,1.207883,0.0517756938934326
Polars,US Census 1990,1.31.0,v1,10,Aggregation,1.111324,0.0477309226989746
Polars,US Census 1990,1.31.0,v1,10,Aggregation,1.104855,0.0476553440093994
Polars,US Census 1990,1.31.0,v1,10,Row/Column,0.25232,0.0276060104370117
Polars,US Census 1990,1.31.0,v1,10,I/O,22.664676,0.5991170406341553
Polars,US Census 1990,1.31.0,v1,10,I/O,475.768375,53.61396551132202
Polars,US Census 1990,1.31.0,v1,10,I/O,26.682304,1.427504062652588
Polars,US Census 1990,1.31.0,v1,10,I/O,73.42248,8.675318717956543
Polars,US Census 1990,1.31.0,v1,10,Missing,0.147522,0.0237886905670166
Polars,US Census 1990,1.31.0,v1,10,Missing,0.162659,0.017698049545288
Polars,US Census 1990,1.31.0,v1,10,Missing,0.051209,0.0082197189331054
Polars,US Census 1990,1.31.0,v1,10,Missing,0.546691,0.0207791328430175
Polars,US Census 1990,1.31.0,v1,10,Row/Column,0.012269,0.0016334056854248
Polars,US Census 1990,1.31.0,v1,10,Aggregation,0.442748,0.0396723747253418
Polars,US Census 1990,1.31.0,v1,10,Row/Column,0.02765,0.00411057472229
Polars,US Census 1990,1.31.0,v1,10,Row/Column,16.061117,1.037217378616333
Polars,US Census 1990,1.31.0,v1,10,Row/Column,0.004334,0.0004274845123291
Polars,US Census 1990,1.31.0,v1,10,Aggregation,0.033142,0.0084455013275146
Polars,US Census 1990,1.31.0,v1,10,Aggregation,0.023498,0.0090672969818115
Polars,US Census 1990,1.31.0,v1,10,Aggregation,1.181272,0.0516626834869384
Polars,US Census 1990,1.31.0,v1,10,Aggregation,1.122801,0.0485060214996337
Polars,US Census 1990,1.31.0,v1,10,Aggregation,1.149167,0.0499072074890136
Polars,US Census 1990,1.31.0,v1,10,Row/Column,0.243346,0.027667760848999
Polars,US Census 1990,1.31.0,v1,10,I/O,22.726932,0.5951905250549316
Polars,US Census 1990,1.31.0,v1,10,I/O,483.794111,55.26316785812378
Polars,US Census 1990,1.31.0,v1,10,I/O,23.229189,1.1297049522399902
Polars,US Census 1990,1.31.0,v1,10,I/O,79.331402,9.552935361862184
Polars,US Census 1990,1.31.0,v1,10,Missing,0.150878,0.0256524085998535
Polars,US Census 1990,1.31.0,v1,10,Missing,0.167236,0.0163795948028564
Polars,US Census 1990,1.31.0,v1,10,Missing,0.044373,0.0081853866577148
Polars,US Census 1990,1.31.0,v1,10,Missing,0.542723,0.0192348957061767
Polars,US Census 1990,1.31.0,v1,10,Row/Column,0.011901,0.001922607421875
Polars,US Census 1990,1.31.0,v1,10,Aggregation,0.507017,0.041703462600708
Polars,US Census 1990,1.31.0,v1,10,Row/Column,0.030151,0.0044150352478027
Polars,US Census 1990,1.31.0,v1,10,Row/Column,16.258197,1.0440073013305664
Polars,US Census 1990,1.31.0,v1,10,Row/Column,0.0,0.0002224445343017
Polars,US Census 1990,1.31.0,v1,10,Aggregation,0.028381,0.0081310272216796
Polars,US Census 1990,1.31.0,v1,10,Aggregation,0.022279,0.0030505657196044
Polars,US Census 1990,1.31.0,v1,10,Aggregation,1.207883,0.0517756938934326
Polars,US Census 1990,1.31.0,v1,10,Aggregation,1.111324,0.0477309226989746
Polars,US Census 1990,1.31.0,v1,10,Aggregation,1.104855,0.0476553440093994
Polars,US Census 1990,1.31.0,v1,10,Row/Column,0.25232,0.0276060104370117
Polars,US Census 1990,1.31.0,v1,10,I/O,22.726932,0.5951905250549316
Polars,US Census 1990,1.31.0,v1,10,I/O,483.794111,55.26316785812378
Polars,US Census 1990,1.31.0,v1,10,I/O,23.229189,1.1297049522399902
Polars,US Census 1990,1.31.0,v1,10,I/O,79.331402,9.552935361862184
Polars,US Census 1990,1.31.0,v1,10,Missing,0.150878,0.0256524085998535
Polars,US Census 1990,1.31.0,v1,10,Missing,0.167236,0.0163795948028564
Polars,US Census 1990,1.31.0,v1,10,Missing,0.044373,0.0081853866577148
Polars,US Census 1990,1.31.0,v1,10,Missing,0.542723,0.0192348957061767
Polars,US Census 1990,1.31.0,v1,10,Row/Column,0.011901,0.001922607421875
Polars,US Census 1990,1.31.0,v1,10,Aggregation,0.507017,0.041703462600708
Polars,US Census 1990,1.31.0,v1,10,Row/Column,0.030151,0.0044150352478027
Polars,US Census 1990,1.31.0,v1,10,Row/Column,16.258197,1.0440073013305664
Polars,US Census 1990,1.31.0,v1,10,Row/Column,0.0,0.0002224445343017
Polars,US Census 1990,1.31.0,v1,10,Aggregation,0.028381,0.0081310272216796
Polars,US Census 1990,1.31.0,v1,10,Aggregation,0.022279,0.0030505657196044
Polars,US Census 1990,1.31.0,v1,10,Aggregation,1.207883,0.0517756938934326
Polars,US Census 1990,1.31.0,v1,10,Aggregation,1.111324,0.0477309226989746
Polars,US Census 1990,1.31.0,v1,10,Aggregation,1.104855,0.0476553440093994
Polars,US Census 1990,1.31.0,v1,10,Row/Column,0.25232,0.0276060104370117
Polars,US Census 1990,1.0.0,v2,10,I/O,23.472535,0.6727437973022461
Polars,US Census 1990,1.0.0,v2,10,I/O,411.872725,44.417691230773926
Polars,US Census 1990,1.0.0,v2,10,I/O,42.430921,1.9319214820861816
Polars,US Census 1990,1.0.0,v2,10,I/O,74.412895,8.205596208572388
Polars,US Census 1990,1.0.0,v2,10,Missing,0.121825,0.0185346603393554
Polars,US Census 1990,1.0.0,v2,10,Missing,0.307617,0.0230283737182617
Polars,US Census 1990,1.0.0,v2,10,Missing,0.080628,0.0141506195068359
Polars,US Census 1990,1.0.0,v2,10,Missing,0.62811,0.0338735580444335
Polars,US Census 1990,1.0.0,v2,10,Row/Column,0.023315,0.0069928169250488
Polars,US Census 1990,1.0.0,v2,10,Aggregation,0.260192,0.0235335826873779
Polars,US Census 1990,1.0.0,v2,10,Row/Column,0.039672,0.009573221206665
Polars,US Census 1990,1.0.0,v2,10,Row/Column,12.539275,0.4923532009124756
Polars,US Census 1990,1.0.0,v2,10,Row/Column,0.005553,0.0005922317504882
Polars,US Census 1990,1.0.0,v2,10,Aggregation,0.0,0.000882863998413
Polars,US Census 1990,1.0.0,v2,10,Aggregation,0.042541,0.0084738731384277
Polars,US Census 1990,1.0.0,v2,10,Aggregation,1.184384,0.0495235919952392
Polars,US Census 1990,1.0.0,v2,10,Aggregation,1.101865,0.0473856925964355
Polars,US Census 1990,1.0.0,v2,10,Aggregation,1.055235,0.0409934520721435
Polars,US Census 1990,1.0.0,v2,10,Row/Column,0.203369,0.0230457782745361
Polars,US Census 1990,1.0.0,v2,10,I/O,21.050239,0.5387802124023438
Polars,US Census 1990,1.0.0,v2,10,I/O,450.106209,46.9127824306488
Polars,US Census 1990,1.0.0,v2,10,I/O,42.749951,1.8217077255249023
Polars,US Census 1990,1.0.0,v2,10,I/O,74.113336,8.284175872802734
Polars,US Census 1990,1.0.0,v2,10,Missing,0.159668,0.0205781459808349
Polars,US Census 1990,1.0.0,v2,10,Missing,0.394164,0.0299358367919921
Polars,US Census 1990,1.0.0,v2,10,Missing,0.116759,0.0190944671630859
Polars,US Census 1990,1.0.0,v2,10,Missing,0.632872,0.0384962558746337
Polars,US Census 1990,1.0.0,v2,10,Row/Column,0.019104,0.0069637298583984
Polars,US Census 1990,1.0.0,v2,10,Aggregation,0.276671,0.026914358139038
Polars,US Census 1990,1.0.0,v2,10,Row/Column,0.030394,0.0038685798645019
Polars,US Census 1990,1.0.0,v2,10,Row/Column,12.520904,0.494464635848999
Polars,US Census 1990,1.0.0,v2,10,Row/Column,0.016723,0.0067768096923828
Polars,US Census 1990,1.0.0,v2,10,Aggregation,0.038695,0.0076963901519775
Polars,US Census 1990,1.0.0,v2,10,Aggregation,0.044556,0.0083270072937011
Polars,US Census 1990,1.0.0,v2,10,Aggregation,1.187253,0.0502231121063232
Polars,US Census 1990,1.0.0,v2,10,Aggregation,1.09033,0.0474305152893066
Polars,US Census 1990,1.0.0,v2,10,Aggregation,1.0827,0.0475564002990722
Polars,US Census 1990,1.0.0,v2,10,Row/Column,0.193237,0.0235428810119628
Polars,US Census 1990,1.0.0,v2,10,I/O,21.113532,0.5429387092590332
Polars,US Census 1990,1.0.0,v2,10,I/O,495.315139,54.45555305480957
Polars,US Census 1990,1.0.0,v2,10,I/O,43.716867,2.0445749759674072
Polars,US Census 1990,1.0.0,v2,10,I/O,78.855145,9.01624608039856
Polars,US Census 1990,1.0.0,v2,10,Missing,0.153747,0.0215241909027099
Polars,US Census 1990,1.0.0,v2,10,Missing,0.335021,0.0252826213836669
Polars,US Census 1990,1.0.0,v2,10,Missing,0.084534,0.0147275924682617
Polars,US Census 1990,1.0.0,v2,10,Missing,0.626097,0.0376808643341064
Polars,US Census 1990,1.0.0,v2,10,Row/Column,0.017944,0.0074653625488281
Polars,US Census 1990,1.0.0,v2,10,Aggregation,0.273681,0.02506685256958
Polars,US Census 1990,1.0.0,v2,10,Row/Column,0.03772,0.010028600692749
Polars,US Census 1990,1.0.0,v2,10,Row/Column,12.669523,0.4836146831512451
Polars,US Census 1990,1.0.0,v2,10,Row/Column,0.0,0.0005829334259033
Polars,US Census 1990,1.0.0,v2,10,Aggregation,0.024781,0.0083379745483398
Polars,US Census 1990,1.0.0,v2,10,Aggregation,0.053284,0.0093398094177246
Polars,US Census 1990,1.0.0,v2,10,Aggregation,1.192563,0.0502984523773193
Polars,US Census 1990,1.0.0,v2,10,Aggregation,1.077086,0.0411844253540039
Polars,US Census 1990,1.0.0,v2,10,Aggregation,1.089109,0.0475127696990966
Polars,US Census 1990,1.0.0,v2,10,Row/Column,0.212707,0.0230474472045898
Polars,US Census 1990,1.0.0,v2,10,I/O,21.166022,0.5457353591918945
Polars,US Census 1990,1.0.0,v2,10,I/O,454.403378,47.451887130737305
Polars,US Census 1990,1.0.0,v2,10,I/O,42.120193,1.7379958629608154
Polars,US Census 1990,1.0.0,v2,10,I/O,79.187725,9.199430465698242
Polars,US Census 1990,1.0.0,v2,10,Missing,0.119996,0.0150277614593505
Polars,US Census 1990,1.0.0,v2,10,Missing,0.370665,0.0285184383392334
Polars,US Census 1990,1.0.0,v2,10,Missing,0.080871,0.0134990215301513
Polars,US Census 1990,1.0.0,v2,10,Missing,0.628844,0.0347020626068115
Polars,US Census 1990,1.0.0,v2,10,Row/Column,0.020019,0.0073657035827636
Polars,US Census 1990,1.0.0,v2,10,Aggregation,0.243285,0.0238628387451171
Polars,US Census 1990,1.0.0,v2,10,Row/Column,0.042785,0.0103917121887207
Polars,US Census 1990,1.0.0,v2,10,Row/Column,12.495452,0.485278844833374
Polars,US Census 1990,1.0.0,v2,10,Row/Column,0.01355,0.0070860385894775
Polars,US Census 1990,1.0.0,v2,10,Aggregation,0.022033,0.0072689056396484
Polars,US Census 1990,1.0.0,v2,10,Aggregation,0.036315,0.008732795715332
Polars,US Census 1990,1.0.0,v2,10,Aggregation,1.188046,0.0494294166564941
Polars,US Census 1990,1.0.0,v2,10,Aggregation,1.049863,0.0411005020141601
Polars,US Census 1990,1.0.0,v2,10,Aggregation,1.088803,0.0478107929229736
Polars,US Census 1990,1.0.0,v2,10,Row/Column,0.20404,0.0230998992919921
Polars,US Census 1990,1.0.0,v2,10,I/O,23.45331,0.6667027473449707
Polars,US Census 1990,1.0.0,v2,10,I/O,409.270804,44.57390761375427
Polars,US Census 1990,1.0.0,v2,10,I/O,42.9958,1.920637845993042
Polars,US Census 1990,1.0.0,v2,10,I/O,75.575734,8.355528354644775
Polars,US Census 1990,1.0.0,v2,10,Missing,0.147521,0.0224461555480957
Polars,US Census 1990,1.0.0,v2,10,Missing,0.313965,0.0248827934265136
Polars,US Census 1990,1.0.0,v2,10,Missing,0.072876,0.0135018825531005
Polars,US Census 1990,1.0.0,v2,10,Missing,0.63635,0.0349335670471191
Polars,US Census 1990,1.0.0,v2,10,Row/Column,0.016847,0.006831407546997
Polars,US Census 1990,1.0.0,v2,10,Aggregation,0.261963,0.0232846736907959
Polars,US Census 1990,1.0.0,v2,10,Row/Column,0.038757,0.0096020698547363
Polars,US Census 1990,1.0.0,v2,10,Row/Column,12.407013,0.4848694801330566
Polars,US Census 1990,1.0.0,v2,10,Row/Column,0.001648,0.0004177093505859
Polars,US Census 1990,1.0.0,v2,10,Aggregation,0.017761,0.0075399875640869
Polars,US Census 1990,1.0.0,v2,10,Aggregation,0.042664,0.008836030960083
Polars,US Census 1990,1.0.0,v2,10,Aggregation,1.201413,0.0520656108856201
Polars,US Census 1990,1.0.0,v2,10,Aggregation,1.084775,0.0474631786346435
Polars,US Census 1990,1.0.0,v2,10,Aggregation,1.06616,0.0410442352294921
Polars,US Census 1990,1.0.0,v2,10,Row/Column,0.203491,0.023416519165039
Polars,US Census 1990,1.0.0,v2,10,I/O,21.228828,0.5508718490600586
Polars,US Census 1990,1.0.0,v2,10,I/O,542.981398,60.83920478820801
Polars,US Census 1990,1.0.0,v2,10,I/O,41.202347,1.7794110774993896
Polars,US Census 1990,1.0.0,v2,10,I/O,89.452896,11.18129062652588
Polars,US Census 1990,1.0.0,v2,10,Missing,0.154601,0.0206787586212158
Polars,US Census 1990,1.0.0,v2,10,Missing,0.347106,0.0283718109130859
Polars,US Census 1990,1.0.0,v2,10,Missing,0.105103,0.0147759914398193
Polars,US Census 1990,1.0.0,v2,10,Missing,0.639891,0.0375435352325439
Polars,US Census 1990,1.0.0,v2,10,Row/Column,0.027099,0.0090539455413818
Polars,US Census 1990,1.0.0,v2,10,Aggregation,0.333678,0.0382919311523437
Polars,US Census 1990,1.0.0,v2,10,Row/Column,0.045105,0.0063123703002929
Polars,US Census 1990,1.0.0,v2,10,Row/Column,12.494413,0.4883079528808594
Polars,US Census 1990,1.0.0,v2,10,Row/Column,0.016418,0.0071215629577636
Polars,US Census 1990,1.0.0,v2,10,Aggregation,0.070373,0.0182602405548095
Polars,US Census 1990,1.0.0,v2,10,Aggregation,0.055542,0.0104150772094726
Polars,US Census 1990,1.0.0,v2,10,Aggregation,1.214291,0.0536103248596191
Polars,US Census 1990,1.0.0,v2,10,Aggregation,1.098874,0.048196792602539
Polars,US Census 1990,1.0.0,v2,10,Aggregation,1.067563,0.0476913452148437
Polars,US Census 1990,1.0.0,v2,10,Row/Column,0.203368,0.0258245468139648
Polars,US Census 1990,1.0.0,v2,10,I/O,21.159369,0.5473215579986572
Polars,US Census 1990,1.0.0,v2,10,I/O,450.05323,47.38953518867493
Polars,US Census 1990,1.0.0,v2,10,I/O,41.507767,1.7407169342041016
Polars,US Census 1990,1.0.0,v2,10,I/O,77.164414,8.578835010528564
Polars,US Census 1990,1.0.0,v2,10,Missing,0.148193,0.0225129127502441
Polars,US Census 1990,1.0.0,v2,10,Missing,0.3291,0.0256128311157226
Polars,US Census 1990,1.0.0,v2,10,Missing,0.08667,0.0166044235229492
Polars,US Census 1990,1.0.0,v2,10,Missing,0.628234,0.0357325077056884
Polars,US Census 1990,1.0.0,v2,10,Row/Column,0.02185,0.0074279308319091
Polars,US Census 1990,1.0.0,v2,10,Aggregation,0.261779,0.0240578651428222
Polars,US Census 1990,1.0.0,v2,10,Row/Column,0.041077,0.0098071098327636
Polars,US Census 1990,1.0.0,v2,10,Row/Column,12.557219,0.4817278385162353
Polars,US Census 1990,1.0.0,v2,10,Row/Column,0.001037,0.0004973411560058
Polars,US Census 1990,1.0.0,v2,10,Aggregation,0.01947,0.0077884197235107
Polars,US Census 1990,1.0.0,v2,10,Aggregation,0.053651,0.0111260414123535
Polars,US Census 1990,1.0.0,v2,10,Aggregation,1.198849,0.0523803234100341
Polars,US Census 1990,1.0.0,v2,10,Aggregation,1.080442,0.0411193370819091
Polars,US Census 1990,1.0.0,v2,10,Aggregation,1.079527,0.047731876373291
Polars,US Census 1990,1.0.0,v2,10,Row/Column,0.204955,0.0235743522644042
Polars,US Census 1990,1.0.0,v2,10,I/O,21.078742,0.5441634654998779
Polars,US Census 1990,1.0.0,v2,10,I/O,464.411653,47.57643914222717
Polars,US Census 1990,1.0.0,v2,10,I/O,42.011978,1.7279925346374512
Polars,US Census 1990,1.0.0,v2,10,I/O,82.047458,9.620089054107666
Polars,US Census 1990,1.0.0,v2,10,Missing,0.115356,0.0136218070983886
Polars,US Census 1990,1.0.0,v2,10,Missing,0.331054,0.0267977714538574
Polars,US Census 1990,1.0.0,v2,10,Missing,0.10968,0.0182418823242187
Polars,US Census 1990,1.0.0,v2,10,Missing,0.649596,0.0384721755981445
Polars,US Census 1990,1.0.0,v2,10,Row/Column,0.016968,0.0074477195739746
Polars,US Census 1990,1.0.0,v2,10,Aggregation,0.250305,0.0238714218139648
Polars,US Census 1990,1.0.0,v2,10,Row/Column,0.053956,0.012988805770874
Polars,US Census 1990,1.0.0,v2,10,Row/Column,12.53958,0.4881544113159179
Polars,US Census 1990,1.0.0,v2,10,Row/Column,0.0,0.0002477169036865
Polars,US Census 1990,1.0.0,v2,10,Aggregation,0.029785,0.0088398456573486
Polars,US Census 1990,1.0.0,v2,10,Aggregation,0.059265,0.0113093852996826
Polars,US Census 1990,1.0.0,v2,10,Aggregation,1.196651,0.050389289855957
Polars,US Census 1990,1.0.0,v2,10,Aggregation,1.085324,0.0498485565185546
Polars,US Census 1990,1.0.0,v2,10,Aggregation,1.062376,0.0408878326416015
Polars,US Census 1990,1.0.0,v2,10,Row/Column,0.196838,0.023423433303833
Polars,US Census 1990,1.0.0,v2,10,I/O,23.706727,0.7126016616821289
Polars,US Census 1990,1.0.0,v2,10,I/O,409.401661,44.4522910118103
Polars,US Census 1990,1.0.0,v2,10,I/O,43.667429,2.0895493030548096
Polars,US Census 1990,1.0.0,v2,10,I/O,77.877609,8.824027061462402
Polars,US Census 1990,1.0.0,v2,10,Missing,0.132203,0.0185809135437011
Polars,US Census 1990,1.0.0,v2,10,Missing,0.313537,0.0277373790740966
Polars,US Census 1990,1.0.0,v2,10,Missing,0.082337,0.0180733203887939
Polars,US Census 1990,1.0.0,v2,10,Missing,0.654785,0.0438551902770996
Polars,US Census 1990,1.0.0,v2,10,Row/Column,0.017517,0.0075597763061523
Polars,US Census 1990,1.0.0,v2,10,Aggregation,0.319458,0.0362522602081298
Polars,US Census 1990,1.0.0,v2,10,Row/Column,0.06195,0.0123066902160644
Polars,US Census 1990,1.0.0,v2,10,Row/Column,12.386504,0.4962482452392578
Polars,US Census 1990,1.0.0,v2,10,Row/Column,0.001282,0.0004186630249023
Polars,US Census 1990,1.0.0,v2,10,Aggregation,0.0,0.0006985664367675
Polars,US Census 1990,1.0.0,v2,10,Aggregation,0.045471,0.0088164806365966
Polars,US Census 1990,1.0.0,v2,10,Aggregation,1.186642,0.0491716861724853
Polars,US Census 1990,1.0.0,v2,10,Aggregation,1.070371,0.0410995483398437
Polars,US Census 1990,1.0.0,v2,10,Aggregation,1.091245,0.0473155975341796
Polars,US Census 1990,1.0.0,v2,10,Row/Column,0.212646,0.0233392715454101
Polars,US Census 1990,1.0.0,v2,10,I/O,21.126106,0.5376307964324951
Polars,US Census 1990,1.0.0,v2,10,I/O,521.812751,55.30194997787476
Polars,US Census 1990,1.0.0,v2,10,I/O,42.760083,1.9500675201416016
Polars,US Census 1990,1.0.0,v2,10,I/O,84.548612,9.835949897766112
Polars,US Census 1990,1.0.0,v2,10,Missing,0.190306,0.0290119647979736
Polars,US Census 1990,1.0.0,v2,10,Missing,0.387999,0.0362935066223144
Polars,US Census 1990,1.0.0,v2,10,Missing,0.126769,0.0205457210540771
Polars,US Census 1990,1.0.0,v2,10,Missing,0.674009,0.0391170978546142
Polars,US Census 1990,1.0.0,v2,10,Row/Column,0.003723,0.0011916160583496
Polars,US Census 1990,1.0.0,v2,10,Aggregation,0.300415,0.0292227268218994
Polars,US Census 1990,1.0.0,v2,10,Row/Column,0.069397,0.0137135982513427
Polars,US Census 1990,1.0.0,v2,10,Row/Column,12.702727,0.4933559894561767
Polars,US Census 1990,1.0.0,v2,10,Row/Column,0.018799,0.0071301460266113
Polars,US Census 1990,1.0.0,v2,10,Aggregation,0.06189,0.0164794921875
Polars,US Census 1990,1.0.0,v2,10,Aggregation,0.0708,0.0151596069335937
Polars,US Census 1990,1.0.0,v2,10,Aggregation,1.247616,0.0655288696289062
Polars,US Census 1990,1.0.0,v2,10,Aggregation,1.092649,0.0492255687713623
Polars,US Census 1990,1.0.0,v2,10,Aggregation,1.077756,0.0410666465759277
Polars,US Census 1990,1.0.0,v2,10,Row/Column,0.203186,0.0237038135528564
Polars,US Census 1990,0.20.0,v0,10,I/O,23.76886,0.6957287788391113
Polars,US Census 1990,0.20.0,v0,10,I/O,552.188223,59.19699454307556
Polars,US Census 1990,0.20.0,v0,10,I/O,20.982917,0.6867740154266357
Polars,US Census 1990,0.20.0,v0,10,I/O,75.151418,7.864709377288818
Polars,US Census 1990,0.20.0,v0,10,Missing,1.493099,0.1759669780731201
Polars,US Census 1990,0.20.0,v0,10,Missing,0.127258,0.0078401565551757
Polars,US Census 1990,0.20.0,v0,10,Missing,0.028565,0.0059294700622558
Polars,US Census 1990,0.20.0,v0,10,Missing,0.560851,0.027278184890747
Polars,US Census 1990,0.20.0,v0,10,Row/Column,0.026672,0.0091185569763183
Polars,US Census 1990,0.20.0,v0,10,Aggregation,0.285828,0.0295081138610839
Polars,US Census 1990,0.20.0,v0,10,Row/Column,0.034668,0.0093014240264892
Polars,US Census 1990,0.20.0,v0,10,Row/Column,17.078936,1.0375795364379885
Polars,US Census 1990,0.20.0,v0,10,Row/Column,0.001037,0.0002903938293457
Polars,US Census 1990,0.20.0,v0,10,Aggregation,0.007446,0.0009927749633789
Polars,US Census 1990,0.20.0,v0,10,Aggregation,0.039184,0.0102846622467041
Polars,US Census 1990,0.20.0,v0,10,Aggregation,1.216184,0.0508835315704345
Polars,US Census 1990,0.20.0,v0,10,Aggregation,1.110594,0.0416858196258544
Polars,US Census 1990,0.20.0,v0,10,Aggregation,1.132077,0.0486514568328857
Polars,US Census 1990,0.20.0,v0,10,Row/Column,0.242553,0.0218768119812011
Polars,US Census 1990,0.20.0,v0,10,I/O,27.956532,0.8693475723266602
Polars,US Census 1990,0.20.0,v0,10,I/O,542.546829,61.053486585617065
Polars,US Census 1990,0.20.0,v0,10,I/O,64.249714,1.9144952297210691
Polars,US Census 1990,0.20.0,v0,10,I/O,29.587082,3.295407295227051
Polars,US Census 1990,0.20.0,v0,10,Missing,0.085327,0.0133764743804931
Polars,US Census 1990,0.20.0,v0,10,Missing,3.74822,0.4455106258392334
Polars,US Census 1990,0.20.0,v0,10,Missing,0.040222,0.0098292827606201
Polars,US Census 1990,0.20.0,v0,10,Missing,1.066404,0.1128513813018798
Polars,US Census 1990,0.20.0,v0,10,Row/Column,0.023254,0.0074844360351562
Polars,US Census 1990,0.20.0,v0,10,Aggregation,0.394469,0.0452363491058349
Polars,US Census 1990,0.20.0,v0,10,Row/Column,5.100512,0.5857563018798828
Polars,US Census 1990,0.20.0,v0,10,Row/Column,10.47269,0.367347240447998
Polars,US Census 1990,0.20.0,v0,10,Row/Column,0.0,0.0006194114685058
Polars,US Census 1990,0.20.0,v0,10,Aggregation,0.000793,0.0006971359252929
Polars,US Census 1990,0.20.0,v0,10,Aggregation,0.037841,0.0080585479736328
Polars,US Census 1990,0.20.0,v0,10,Aggregation,1.239804,0.0535244941711425
Polars,US Census 1990,0.20.0,v0,10,Aggregation,1.07971,0.0484845638275146
Polars,US Census 1990,0.20.0,v0,10,Aggregation,1.093992,0.0415396690368652
Polars,US Census 1990,0.20.0,v0,10,Row/Column,0.253783,0.0281033515930175
Polars,US Census 1990,0.20.0,v0,10,I/O,26.680352,0.761796236038208
Polars,US Census 1990,0.20.0,v0,10,I/O,540.229574,62.88136339187622
Polars,US Census 1990,0.20.0,v0,10,I/O,64.086445,1.925049066543579
Polars,US Census 1990,0.20.0,v0,10,I/O,29.13756,3.304203748703003
Polars,US Census 1990,0.20.0,v0,10,Missing,0.120483,0.0251073837280273
Polars,US Census 1990,0.20.0,v0,10,Missing,0.236206,0.0158436298370361
Polars,US Census 1990,0.20.0,v0,10,Missing,0.033447,0.0059542655944824
Polars,US Census 1990,0.20.0,v0,10,Missing,1.055966,0.1155312061309814
Polars,US Census 1990,0.20.0,v0,10,Row/Column,0.021057,0.0080687999725341
Polars,US Census 1990,0.20.0,v0,10,Aggregation,0.351501,0.0273852348327636
Polars,US Census 1990,0.20.0,v0,10,Row/Column,5.205859,0.5762741565704346
Polars,US Census 1990,0.20.0,v0,10,Row/Column,10.667087,0.3720846176147461
Polars,US Census 1990,0.20.0,v0,10,Row/Column,0.002259,0.0005850791931152
Polars,US Census 1990,0.20.0,v0,10,Aggregation,0.006348,0.000704288482666
Polars,US Census 1990,0.20.0,v0,10,Aggregation,0.045227,0.0083372592926025
Polars,US Census 1990,0.20.0,v0,10,Aggregation,1.21832,0.0468950271606445
Polars,US Census 1990,0.20.0,v0,10,Aggregation,1.09155,0.0407173633575439
Polars,US Census 1990,0.20.0,v0,10,Aggregation,1.124875,0.0453264713287353
Polars,US Census 1990,0.20.0,v0,10,Row/Column,0.254333,0.0295832157135009
Polars,US Census 1990,0.20.0,v0,10,I/O,26.304804,0.7444226741790771
Polars,US Census 1990,0.20.0,v0,10,I/O,535.52933,62.103288650512695
Polars,US Census 1990,0.20.0,v0,10,I/O,63.858906,1.8981966972351076
Polars,US Census 1990,0.20.0,v0,10,I/O,28.893054,3.2773115634918213
Polars,US Census 1990,0.20.0,v0,10,Missing,0.073973,0.0172131061553955
Polars,US Census 1990,0.20.0,v0,10,Missing,0.170655,0.0115344524383544
Polars,US Census 1990,0.20.0,v0,10,Missing,0.006836,0.0071086883544921
Polars,US Census 1990,0.20.0,v0,10,Missing,1.082517,0.1156201362609863
Polars,US Census 1990,0.20.0,v0,10,Row/Column,0.021423,0.0071203708648681
Polars,US Census 1990,0.20.0,v0,10,Aggregation,0.369932,0.0311038494110107
Polars,US Census 1990,0.20.0,v0,10,Row/Column,5.333971,0.5978217124938965
Polars,US Census 1990,0.20.0,v0,10,Row/Column,10.514682,0.3718142509460449
Polars,US Census 1990,0.20.0,v0,10,Row/Column,0.0,0.0002710819244384
Polars,US Census 1990,0.20.0,v0,10,Aggregation,0.015747,0.0022428035736083
Polars,US Census 1990,0.20.0,v0,10,Aggregation,0.039002,0.007781982421875
Polars,US Census 1990,0.20.0,v0,10,Aggregation,1.207455,0.0494685173034668
Polars,US Census 1990,0.20.0,v0,10,Aggregation,1.097104,0.0411295890808105
Polars,US Census 1990,0.20.0,v0,10,Aggregation,1.084104,0.0418949127197265
Polars,US Census 1990,0.20.0,v0,10,Row/Column,0.251831,0.0295896530151367
Polars,US Census 1990,0.20.0,v0,10,I/O,26.388909,0.7480218410491943
Polars,US Census 1990,0.20.0,v0,10,I/O,553.769518,62.97457480430603
Polars,US Census 1990,0.20.0,v0,10,I/O,62.941184,1.7649013996124268
Polars,US Census 1990,0.20.0,v0,10,I/O,27.350638,2.97664737701416
Polars,US Census 1990,0.20.0,v0,10,Missing,1.576594,0.1997101306915283
Polars,US Census 1990,0.20.0,v0,10,Missing,0.185913,0.0166065692901611
Polars,US Census 1990,0.20.0,v0,10,Missing,0.038208,0.006000280380249
Polars,US Census 1990,0.20.0,v0,10,Missing,1.078366,0.1152811050415039
Polars,US Census 1990,0.20.0,v0,10,Row/Column,0.02417,0.0077826976776123
Polars,US Census 1990,0.20.0,v0,10,Aggregation,0.561582,0.0519471168518066
Polars,US Census 1990,0.20.0,v0,10,Row/Column,5.219347,0.5839784145355225
Polars,US Census 1990,0.20.0,v0,10,Row/Column,10.466526,0.3680653572082519
Polars,US Census 1990,0.20.0,v0,10,Row/Column,0.002504,0.000230073928833
Polars,US Census 1990,0.20.0,v0,10,Aggregation,0.0,0.0007088184356689
Polars,US Census 1990,0.20.0,v0,10,Aggregation,0.012757,0.0017228126525878
Polars,US Census 1990,0.20.0,v0,10,Aggregation,1.279049,0.0518808364868164
Polars,US Census 1990,0.20.0,v0,10,Aggregation,1.105405,0.046950340270996
Polars,US Census 1990,0.20.0,v0,10,Aggregation,1.329099,0.0869455337524414
Polars,US Census 1990,0.20.0,v0,10,Row/Column,0.259337,0.028224229812622
Polars,US Census 1990,0.20.0,v0,10,I/O,27.861868,0.8748903274536133
Polars,US Census 1990,0.20.0,v0,10,I/O,534.43308,60.21251893043518
Polars,US Census 1990,0.20.0,v0,10,I/O,64.058918,1.8262643814086916
Polars,US Census 1990,0.20.0,v0,10,I/O,29.114185,3.267051935195923
Polars,US Census 1990,0.20.0,v0,10,Missing,0.171264,0.0365691184997558
Polars,US Census 1990,0.20.0,v0,10,Missing,0.168213,0.0094878673553466
Polars,US Census 1990,0.20.0,v0,10,Missing,0.034423,0.0128464698791503
Polars,US Census 1990,0.20.0,v0,10,Missing,1.091732,0.1161024570465087
Polars,US Census 1990,0.20.0,v0,10,Row/Column,0.029784,0.0076632499694824
Polars,US Census 1990,0.20.0,v0,10,Aggregation,0.352904,0.0311524868011474
Polars,US Census 1990,0.20.0,v0,10,Row/Column,5.311327,0.5760159492492676
Polars,US Census 1990,0.20.0,v0,10,Row/Column,10.486546,0.3665828704833984
Polars,US Census 1990,0.20.0,v0,10,Row/Column,0.0,0.0004312992095947
Polars,US Census 1990,0.20.0,v0,10,Aggregation,0.0,0.000706672668457
Polars,US Census 1990,0.20.0,v0,10,Aggregation,0.043701,0.0081739425659179
Polars,US Census 1990,0.20.0,v0,10,Aggregation,1.210569,0.0508267879486084
Polars,US Census 1990,0.20.0,v0,10,Aggregation,1.095822,0.0407953262329101
Polars,US Census 1990,0.20.0,v0,10,Aggregation,1.078427,0.0407962799072265
Polars,US Census 1990,0.20.0,v0,10,Row/Column,0.258727,0.0281870365142822
Polars,US Census 1990,0.20.0,v0,10,I/O,26.537224,0.7541089057922363
Polars,US Census 1990,0.20.0,v0,10,I/O,546.85004,62.97761511802673
Polars,US Census 1990,0.20.0,v0,10,I/O,64.068439,1.9128878116607664
Polars,US Census 1990,0.20.0,v0,10,I/O,29.735275,3.2898781299591064
Polars,US Census 1990,0.20.0,v0,10,Missing,0.115967,0.0215263366699218
Polars,US Census 1990,0.20.0,v0,10,Missing,0.248901,0.0236937999725341
Polars,US Census 1990,0.20.0,v0,10,Missing,0.029113,0.0088372230529785
Polars,US Census 1990,0.20.0,v0,10,Missing,1.101744,0.1158094406127929
Polars,US Census 1990,0.20.0,v0,10,Row/Column,0.026184,0.0078904628753662
Polars,US Census 1990,0.20.0,v0,10,Aggregation,0.463805,0.0407040119171142
Polars,US Census 1990,0.20.0,v0,10,Row/Column,5.049364,0.58156418800354
Polars,US Census 1990,0.20.0,v0,10,Row/Column,10.50333,0.3679182529449463
Polars,US Census 1990,0.20.0,v0,10,Row/Column,0.0,0.0005829334259033
Polars,US Census 1990,0.20.0,v0,10,Aggregation,0.040038,0.0080807209014892
Polars,US Census 1990,0.20.0,v0,10,Aggregation,0.027832,0.0079414844512939
Polars,US Census 1990,0.20.0,v0,10,Aggregation,1.252011,0.0563786029815673
Polars,US Census 1990,0.20.0,v0,10,Aggregation,1.084042,0.0408120155334472
Polars,US Census 1990,0.20.0,v0,10,Aggregation,1.078917,0.0407984256744384
Polars,US Census 1990,0.20.0,v0,10,Row/Column,0.252869,0.0284211635589599
Polars,US Census 1990,0.20.0,v0,10,I/O,27.727407,0.8665585517883301
Polars,US Census 1990,0.20.0,v0,10,I/O,519.199476,59.280219316482544
Polars,US Census 1990,0.20.0,v0,10,I/O,65.551407,2.190669059753418
Polars,US Census 1990,0.20.0,v0,10,I/O,30.199935,3.375106811523437
Polars,US Census 1990,0.20.0,v0,10,Missing,1.070555,0.1407637596130371
Polars,US Census 1990,0.20.0,v0,10,Missing,0.263061,0.0247206687927246
Polars,US Census 1990,0.20.0,v0,10,Missing,1.266415,0.1554930210113525
Polars,US Census 1990,0.20.0,v0,10,Missing,2.011348,0.2242419719696045
Polars,US Census 1990,0.20.0,v0,10,Row/Column,0.006653,0.001415729522705
Polars,US Census 1990,0.20.0,v0,10,Aggregation,0.332763,0.0244507789611816
Polars,US Census 1990,0.20.0,v0,10,Row/Column,5.164598,0.5898423194885254
Polars,US Census 1990,0.20.0,v0,10,Row/Column,10.488499,0.3679308891296386
Polars,US Census 1990,0.20.0,v0,10,Row/Column,0.000732,0.000582218170166
Polars,US Census 1990,0.20.0,v0,10,Aggregation,0.0,0.000701904296875
Polars,US Census 1990,0.20.0,v0,10,Aggregation,0.041442,0.0077435970306396
Polars,US Census 1990,0.20.0,v0,10,Aggregation,1.20416,0.049964427947998
Polars,US Census 1990,0.20.0,v0,10,Aggregation,1.094479,0.0470030307769775
Polars,US Census 1990,0.20.0,v0,10,Aggregation,1.069333,0.0407321453094482
Polars,US Census 1990,0.20.0,v0,10,Row/Column,0.250915,0.0296771526336669
Polars,US Census 1990,0.20.0,v0,10,I/O,26.525017,0.7455389499664307
Polars,US Census 1990,0.20.0,v0,10,I/O,550.406855,63.98623681068421
Polars,US Census 1990,0.20.0,v0,10,I/O,64.282306,1.9456672668457031
Polars,US Census 1990,0.20.0,v0,10,I/O,30.12242,3.2741918563842773
Polars,US Census 1990,0.20.0,v0,10,Missing,0.093567,0.0236830711364746
Polars,US Census 1990,0.20.0,v0,10,Missing,0.174011,0.0120632648468017
Polars,US Census 1990,0.20.0,v0,10,Missing,0.030335,0.0056822299957275
Polars,US Census 1990,0.20.0,v0,10,Missing,1.070432,0.1144077777862548
Polars,US Census 1990,0.20.0,v0,10,Row/Column,0.013366,0.0021800994873046
Polars,US Census 1990,0.20.0,v0,10,Aggregation,0.360534,0.0287013053894042
Polars,US Census 1990,0.20.0,v0,10,Row/Column,5.108508,0.5811357498168945
Polars,US Census 1990,0.20.0,v0,10,Row/Column,10.441197,0.3665840625762939
Polars,US Census 1990,0.20.0,v0,10,Row/Column,0.0,0.000586986541748
Polars,US Census 1990,0.20.0,v0,10,Aggregation,0.0,0.0005092620849609
Polars,US Census 1990,0.20.0,v0,10,Aggregation,0.04364,0.0077476501464843
Polars,US Census 1990,0.20.0,v0,10,Aggregation,1.229856,0.0468752384185791
Polars,US Census 1990,0.20.0,v0,10,Aggregation,1.067746,0.0407209396362304
Polars,US Census 1990,0.20.0,v0,10,Aggregation,1.130978,0.0437967777252197
Polars,US Census 1990,0.20.0,v0,10,Row/Column,0.254211,0.0282950401306152
Polars,US Census 1990,0.20.0,v0,10,I/O,26.372125,0.7574658393859863
Polars,US Census 1990,0.20.0,v0,10,I/O,554.972212,64.40350580215454
Polars,US Census 1990,0.20.0,v0,10,I/O,70.740968,2.8771116733551025
Polars,US Census 1990,0.20.0,v0,10,I/O,29.899154,3.4160852432250977
Polars,US Census 1990,0.20.0,v0,10,Missing,0.114257,0.0269312858581542
Polars,US Census 1990,0.20.0,v0,10,Missing,0.243773,0.0185596942901611
Polars,US Census 1990,0.20.0,v0,10,Missing,0.04132,0.0072760581970214
Polars,US Census 1990,0.20.0,v0,10,Missing,1.095151,0.1182236671447753
Polars,US Census 1990,0.20.0,v0,10,Row/Column,0.007935,0.0016982555389404
Polars,US Census 1990,0.20.0,v0,10,Aggregation,0.337401,0.0269727706909179
Polars,US Census 1990,0.20.0,v0,10,Row/Column,5.099841,0.5767905712127686
Polars,US Census 1990,0.20.0,v0,10,Row/Column,10.45499,0.3684940338134765
Polars,US Census 1990,0.20.0,v0,10,Row/Column,0.0,0.0005667209625244
Polars,US Census 1990,0.20.0,v0,10,Aggregation,0.01062,0.0012671947479248
Polars,US Census 1990,0.20.0,v0,10,Aggregation,0.041748,0.0080440044403076
Polars,US Census 1990,0.20.0,v0,10,Aggregation,1.214169,0.0449891090393066
Polars,US Census 1990,0.20.0,v0,10,Aggregation,1.083494,0.0407934188842773
Polars,US Census 1990,0.20.0,v0,10,Aggregation,1.090024,0.0416219234466552
Polars,US Census 1990,0.20.0,v0,10,Row/Column,0.253479,0.0298206806182861
Polars,US Census 1990,0.20.0,v0,10,I/O,26.244195,0.762523889541626
Polars,US Census 1990,0.20.0,v0,10,I/O,551.725517,63.91780781745911
Polars,US Census 1990,0.20.0,v0,10,I/O,64.361407,1.9362764358520508
Polars,US Census 1990,0.20.0,v0,10,I/O,28.997179,3.289323329925537
Polars,US Census 1990,0.20.0,v0,10,Missing,0.059082,0.0171151161193847
Polars,US Census 1990,0.20.0,v0,10,Missing,0.16742,0.0139400959014892
Polars,US Census 1990,0.20.0,v0,10,Missing,0.037109,0.0103180408477783
Polars,US Census 1990,0.20.0,v0,10,Missing,1.094907,0.1151285171508789
Polars,US Census 1990,0.20.0,v0,10,Row/Column,0.014221,0.0019783973693847
Polars,US Census 1990,0.20.0,v0,10,Aggregation,0.353453,0.0270893573760986
Polars,US Census 1990,0.20.0,v0,10,Row/Column,5.091295,0.5839970111846924
Polars,US Census 1990,0.20.0,v0,10,Row/Column,10.42612,0.3663499355316162
Polars,US Census 1990,0.20.0,v0,10,Row/Column,0.0,0.0005362033843994
Polars,US Census 1990,0.20.0,v0,10,Aggregation,0.0,0.0005087852478027
Polars,US Census 1990,0.20.0,v0,10,Aggregation,0.026307,0.0078957080841064
Polars,US Census 1990,0.20.0,v0,10,Aggregation,1.209957,0.0448677539825439
Polars,US Census 1990,0.20.0,v0,10,Aggregation,1.088193,0.0407700538635253
Polars,US Census 1990,0.20.0,v0,10,Aggregation,1.277281,0.0794291496276855
Polars,US Census 1990,0.20.0,v0,10,Row/Column,0.254943,0.0280709266662597
Polars,Drug Review,1.31.0,v1,10,I/O,1.311337,0.0547833442687988
Polars,Drug Review,1.31.0,v1,10,I/O,10.685641,1.2048966884613037
Polars,Drug Review,1.31.0,v1,10,I/O,1.158505,0.1019494533538818
Polars,Drug Review,1.31.0,v1,10,I/O,2.378229,0.2833983898162842
Polars,Drug Review,1.31.0,v1,10,Missing,0.069396,0.0148696899414062
Polars,Drug Review,1.31.0,v1,10,Missing,0.123902,0.0135021209716796
Polars,Drug Review,1.31.0,v1,10,Missing,0.060852,0.0059003829956054
Polars,Drug Review,1.31.0,v1,10,Missing,0.379637,0.0205843448638916
Polars,Drug Review,1.31.0,v1,10,Row/Column,0.015259,0.0068354606628417
Polars,Drug Review,1.31.0,v1,10,Aggregation,0.070373,0.011697769165039
Polars,Drug Review,1.31.0,v1,10,Row/Column,0.00769,0.0010292530059814
Polars,Drug Review,1.31.0,v1,10,Row/Column,0.166259,0.014864444732666
Polars,Drug Review,1.31.0,v1,10,Row/Column,0.0,0.0005946159362792
Polars,Drug Review,1.31.0,v1,10,Aggregation,0.0,0.0005040168762207
Polars,Drug Review,1.31.0,v1,10,Aggregation,0.036621,0.0078985691070556
Polars,Drug Review,1.31.0,v1,10,Aggregation,0.00769,0.0014345645904541
Polars,Drug Review,1.31.0,v1,10,Aggregation,0.003417,0.0005714893341064
Polars,Drug Review,1.31.0,v1,10,Row/Column,0.052856,0.01070237159729
Polars,Drug Review,1.31.0,v1,10,I/O,1.030698,0.0385301113128662
Polars,Drug Review,1.31.0,v1,10,I/O,10.018956,1.0976746082305908
Polars,Drug Review,1.31.0,v1,10,I/O,1.1004,0.0952301025390625
Polars,Drug Review,1.31.0,v1,10,I/O,1.831355,0.2161109447479248
Polars,Drug Review,1.31.0,v1,10,Missing,0.007324,0.0014638900756835
Polars,Drug Review,1.31.0,v1,10,Missing,0.071167,0.0030751228332519
Polars,Drug Review,1.31.0,v1,10,Missing,0.014343,0.0024964809417724
Polars,Drug Review,1.31.0,v1,10,Missing,0.304808,0.011686086654663
Polars,Drug Review,1.31.0,v1,10,Row/Column,0.0,0.0007071495056152
Polars,Drug Review,1.31.0,v1,10,Aggregation,0.019775,0.002354621887207
Polars,Drug Review,1.31.0,v1,10,Row/Column,0.009155,0.0010530948638916
Polars,Drug Review,1.31.0,v1,10,Row/Column,0.144897,0.0067784786224365
Polars,Drug Review,1.31.0,v1,10,Row/Column,0.0,0.0005955696105957
Polars,Drug Review,1.31.0,v1,10,Aggregation,0.0,0.0004510879516601
Polars,Drug Review,1.31.0,v1,10,Aggregation,0.002869,0.00057053565979
Polars,Drug Review,1.31.0,v1,10,Aggregation,0.003479,0.0008556842803955
Polars,Drug Review,1.31.0,v1,10,Aggregation,0.0,0.0006494522094726
Polars,Drug Review,1.31.0,v1,10,Row/Column,0.034424,0.0043807029724121
Polars,Drug Review,1.31.0,v1,10,I/O,1.049496,0.0391120910644531
Polars,Drug Review,1.31.0,v1,10,I/O,9.653356,1.0937180519104004
Polars,Drug Review,1.31.0,v1,10,I/O,1.098874,0.0902552604675293
Polars,Drug Review,1.31.0,v1,10,I/O,1.506771,0.1631290912628173
Polars,Drug Review,1.31.0,v1,10,Missing,0.00647,0.0016243457794189
Polars,Drug Review,1.31.0,v1,10,Missing,0.057068,0.0031540393829345
Polars,Drug Review,1.31.0,v1,10,Missing,0.042602,0.0025296211242675
Polars,Drug Review,1.31.0,v1,10,Missing,0.325255,0.0122046470642089
Polars,Drug Review,1.31.0,v1,10,Row/Column,0.002258,0.0005390644073486
Polars,Drug Review,1.31.0,v1,10,Aggregation,0.023682,0.0026624202728271
Polars,Drug Review,1.31.0,v1,10,Row/Column,0.006165,0.0011384487152099
Polars,Drug Review,1.31.0,v1,10,Row/Column,0.13208,0.0066792964935302
Polars,Drug Review,1.31.0,v1,10,Row/Column,0.003112,0.0005872249603271
Polars,Drug Review,1.31.0,v1,10,Aggregation,0.012268,0.0004913806915283
Polars,Drug Review,1.31.0,v1,10,Aggregation,0.007203,0.0007257461547851
Polars,Drug Review,1.31.0,v1,10,Aggregation,0.009155,0.0011956691741943
Polars,Drug Review,1.31.0,v1,10,Aggregation,0.003845,0.0009288787841796
Polars,Drug Review,1.31.0,v1,10,Row/Column,0.032654,0.0043632984161376
Polars,Drug Review,1.31.0,v1,10,I/O,1.008115,0.0388586521148681
Polars,Drug Review,1.31.0,v1,10,I/O,9.538672,1.0929079055786133
Polars,Drug Review,1.31.0,v1,10,I/O,1.077878,0.0898096561431884
Polars,Drug Review,1.31.0,v1,10,I/O,1.533077,0.1653797626495361
Polars,Drug Review,1.31.0,v1,10,Missing,0.008118,0.001699686050415
Polars,Drug Review,1.31.0,v1,10,Missing,0.05664,0.0032501220703125
Polars,Drug Review,1.31.0,v1,10,Missing,0.041442,0.0025086402893066
Polars,Drug Review,1.31.0,v1,10,Missing,0.291564,0.0117590427398681
Polars,Drug Review,1.31.0,v1,10,Row/Column,0.003967,0.000711441040039
Polars,Drug Review,1.31.0,v1,10,Aggregation,0.020141,0.0022692680358886
Polars,Drug Review,1.31.0,v1,10,Row/Column,0.00232,0.0010955333709716
Polars,Drug Review,1.31.0,v1,10,Row/Column,0.132507,0.0075597763061523
Polars,Drug Review,1.31.0,v1,10,Row/Column,0.005981,0.0004923343658447
Polars,Drug Review,1.31.0,v1,10,Aggregation,0.006835,0.0007393360137939
Polars,Drug Review,1.31.0,v1,10,Aggregation,0.0,0.0009043216705322
Polars,Drug Review,1.31.0,v1,10,Aggregation,0.010498,0.0010931491851806
Polars,Drug Review,1.31.0,v1,10,Aggregation,0.008118,0.000934362411499
Polars,Drug Review,1.31.0,v1,10,Row/Column,0.034424,0.0043458938598632
Polars,Drug Review,1.31.0,v1,10,I/O,1.004026,0.0415980815887451
Polars,Drug Review,1.31.0,v1,10,I/O,9.782141,1.0929133892059326
Polars,Drug Review,1.31.0,v1,10,I/O,1.061399,0.0840344429016113
Polars,Drug Review,1.31.0,v1,10,I/O,1.846736,0.1689405441284179
Polars,Drug Review,1.31.0,v1,10,Missing,0.007447,0.0013961791992187
Polars,Drug Review,1.31.0,v1,10,Missing,0.057616,0.0029141902923583
Polars,Drug Review,1.31.0,v1,10,Missing,0.053284,0.0026299953460693
Polars,Drug Review,1.31.0,v1,10,Missing,0.304688,0.0112276077270507
Polars,Drug Review,1.31.0,v1,10,Row/Column,0.0,0.0006957054138183
Polars,Drug Review,1.31.0,v1,10,Aggregation,0.017639,0.0023784637451171
Polars,Drug Review,1.31.0,v1,10,Row/Column,0.009217,0.0011205673217773
Polars,Drug Review,1.31.0,v1,10,Row/Column,0.130493,0.0066707134246826
Polars,Drug Review,1.31.0,v1,10,Row/Column,0.0,0.0005810260772705
Polars,Drug Review,1.31.0,v1,10,Aggregation,0.001647,0.0008285045623779
Polars,Drug Review,1.31.0,v1,10,Aggregation,0.005493,0.0009393692016601
Polars,Drug Review,1.31.0,v1,10,Aggregation,0.008972,0.0010337829589843
Polars,Drug Review,1.31.0,v1,10,Aggregation,0.002259,0.0009379386901855
Polars,Drug Review,1.31.0,v1,10,Row/Column,0.033996,0.004310131072998
Polars,Drug Review,1.31.0,v1,10,I/O,1.03912,0.0390169620513916
Polars,Drug Review,1.31.0,v1,10,I/O,9.428809,1.0856897830963137
Polars,Drug Review,1.31.0,v1,10,I/O,1.072324,0.0891032218933105
Polars,Drug Review,1.31.0,v1,10,I/O,1.500912,0.1632797718048095
Polars,Drug Review,1.31.0,v1,10,Missing,0.008606,0.0014643669128417
Polars,Drug Review,1.31.0,v1,10,Missing,0.065613,0.0031285285949707
Polars,Drug Review,1.31.0,v1,10,Missing,0.034608,0.0024144649505615
Polars,Drug Review,1.31.0,v1,10,Missing,0.312133,0.0114212036132812
Polars,Drug Review,1.31.0,v1,10,Row/Column,0.001282,0.0006864070892333
Polars,Drug Review,1.31.0,v1,10,Aggregation,0.017274,0.0026898384094238
Polars,Drug Review,1.31.0,v1,10,Row/Column,0.006225,0.0008184909820556
Polars,Drug Review,1.31.0,v1,10,Row/Column,0.143493,0.00724458694458
Polars,Drug Review,1.31.0,v1,10,Row/Column,0.0,0.0002253055572509
Polars,Drug Review,1.31.0,v1,10,Aggregation,0.002259,0.0004565715789794
Polars,Drug Review,1.31.0,v1,10,Aggregation,0.001282,0.0005626678466796
Polars,Drug Review,1.31.0,v1,10,Aggregation,0.002685,0.0011687278747558
Polars,Drug Review,1.31.0,v1,10,Aggregation,0.001648,0.0009160041809082
Polars,Drug Review,1.31.0,v1,10,Row/Column,0.034668,0.0043725967407226
Polars,Drug Review,1.31.0,v1,10,I/O,1.048703,0.0388200283050537
Polars,Drug Review,1.31.0,v1,10,I/O,9.486792,1.084819793701172
Polars,Drug Review,1.31.0,v1,10,I/O,1.065977,0.0894174575805664
Polars,Drug Review,1.31.0,v1,10,I/O,1.504696,0.1646003723144531
Polars,Drug Review,1.31.0,v1,10,Missing,0.009582,0.0015637874603271
Polars,Drug Review,1.31.0,v1,10,Missing,0.071105,0.0030057430267333
Polars,Drug Review,1.31.0,v1,10,Missing,0.030883,0.0021603107452392
Polars,Drug Review,1.31.0,v1,10,Missing,0.294188,0.0118939876556396
Polars,Drug Review,1.31.0,v1,10,Row/Column,0.0,0.0003433227539062
Polars,Drug Review,1.31.0,v1,10,Aggregation,0.022949,0.0022451877593994
Polars,Drug Review,1.31.0,v1,10,Row/Column,0.005616,0.0011038780212402
Polars,Drug Review,1.31.0,v1,10,Row/Column,0.143493,0.0070710182189941
Polars,Drug Review,1.31.0,v1,10,Row/Column,0.001405,0.0005440711975097
Polars,Drug Review,1.31.0,v1,10,Aggregation,0.0,0.0008106231689453
Polars,Drug Review,1.31.0,v1,10,Aggregation,0.009582,0.000964879989624
Polars,Drug Review,1.31.0,v1,10,Aggregation,0.0,0.0008394718170166
Polars,Drug Review,1.31.0,v1,10,Aggregation,0.0,0.0005953311920166
Polars,Drug Review,1.31.0,v1,10,Row/Column,0.032593,0.0040328502655029
Polars,Drug Review,1.31.0,v1,10,I/O,1.013792,0.0408389568328857
Polars,Drug Review,1.31.0,v1,10,I/O,9.967198,1.0910637378692627
Polars,Drug Review,1.31.0,v1,10,I/O,1.089963,0.0895731449127197
Polars,Drug Review,1.31.0,v1,10,I/O,1.528256,0.1631414890289306
Polars,Drug Review,1.31.0,v1,10,Missing,0.006958,0.0016345977783203
Polars,Drug Review,1.31.0,v1,10,Missing,0.052368,0.003152847290039
Polars,Drug Review,1.31.0,v1,10,Missing,0.031189,0.0023984909057617
Polars,Drug Review,1.31.0,v1,10,Missing,0.295836,0.0117316246032714
Polars,Drug Review,1.31.0,v1,10,Row/Column,0.005493,0.0007016658782958
Polars,Drug Review,1.31.0,v1,10,Aggregation,0.0177,0.0025403499603271
Polars,Drug Review,1.31.0,v1,10,Row/Column,0.009216,0.0011661052703857
Polars,Drug Review,1.31.0,v1,10,Row/Column,0.138794,0.0068342685699462
Polars,Drug Review,1.31.0,v1,10,Row/Column,0.0,0.0005879402160644
Polars,Drug Review,1.31.0,v1,10,Aggregation,0.0,0.0008211135864257
Polars,Drug Review,1.31.0,v1,10,Aggregation,0.0,0.0007741451263427
Polars,Drug Review,1.31.0,v1,10,Aggregation,0.007691,0.0011119842529296
Polars,Drug Review,1.31.0,v1,10,Aggregation,0.009888,0.0009193420410156
Polars,Drug Review,1.31.0,v1,10,Row/Column,0.032776,0.0041892528533935
Polars,Drug Review,1.31.0,v1,10,I/O,0.997617,0.0388891696929931
Polars,Drug Review,1.31.0,v1,10,I/O,9.873327,1.0912063121795654
Polars,Drug Review,1.31.0,v1,10,I/O,1.088987,0.0889687538146972
Polars,Drug Review,1.31.0,v1,10,I/O,1.511227,0.1658015251159668
Polars,Drug Review,1.31.0,v1,10,Missing,0.005433,0.0012977123260498
Polars,Drug Review,1.31.0,v1,10,Missing,0.063476,0.0028693675994873
Polars,Drug Review,1.31.0,v1,10,Missing,0.035827,0.002195119857788
Polars,Drug Review,1.31.0,v1,10,Missing,0.302123,0.0114400386810302
Polars,Drug Review,1.31.0,v1,10,Row/Column,0.0,0.0004107952117919
Polars,Drug Review,1.31.0,v1,10,Aggregation,0.023071,0.0022149085998535
Polars,Drug Review,1.31.0,v1,10,Row/Column,0.0,0.0008189678192138
Polars,Drug Review,1.31.0,v1,10,Row/Column,0.13391,0.0065319538116455
Polars,Drug Review,1.31.0,v1,10,Row/Column,0.0,0.000279426574707
Polars,Drug Review,1.31.0,v1,10,Aggregation,0.0,0.0008227825164794
Polars,Drug Review,1.31.0,v1,10,Aggregation,0.001648,0.0009326934814453
Polars,Drug Review,1.31.0,v1,10,Aggregation,0.015137,0.0008516311645507
Polars,Drug Review,1.31.0,v1,10,Aggregation,0.0,0.0007879734039306
Polars,Drug Review,1.31.0,v1,10,Row/Column,0.027771,0.003951072692871
Polars,Drug Review,1.31.0,v1,10,I/O,1.000973,0.0388979911804199
Polars,Drug Review,1.31.0,v1,10,I/O,9.491675,1.090524673461914
Polars,Drug Review,1.31.0,v1,10,I/O,1.063536,0.0934705734252929
Polars,Drug Review,1.31.0,v1,10,I/O,1.486386,0.1657633781433105
Polars,Drug Review,1.31.0,v1,10,Missing,0.008606,0.0013387203216552
Polars,Drug Review,1.31.0,v1,10,Missing,0.041991,0.0029354095458984
Polars,Drug Review,1.31.0,v1,10,Missing,0.038208,0.0024755001068115
Polars,Drug Review,1.31.0,v1,10,Missing,0.367431,0.0137207508087158
Polars,Drug Review,1.31.0,v1,10,Row/Column,0.0,0.0003397464752197
Polars,Drug Review,1.31.0,v1,10,Aggregation,0.027527,0.0021662712097167
Polars,Drug Review,1.31.0,v1,10,Row/Column,0.004211,0.0007479190826416
Polars,Drug Review,1.31.0,v1,10,Row/Column,0.132019,0.0065474510192871
Polars,Drug Review,1.31.0,v1,10,Row/Column,0.0,0.0002601146697998
Polars,Drug Review,1.31.0,v1,10,Aggregation,0.0,0.0008156299591064
Polars,Drug Review,1.31.0,v1,10,Aggregation,0.0,0.0007431507110595
Polars,Drug Review,1.31.0,v1,10,Aggregation,0.004822,0.0008420944213867
Polars,Drug Review,1.31.0,v1,10,Aggregation,0.00531,0.0005688667297363
Polars,Drug Review,1.31.0,v1,10,Row/Column,0.026917,0.0042073726654052
Polars,Drug Review,1.0.0,v2,10,I/O,2.097406,0.1949238777160644
Polars,Drug Review,1.0.0,v2,10,I/O,10.835055,1.2769262790679932
Polars,Drug Review,1.0.0,v2,10,I/O,1.013608,0.0956990718841552
Polars,Drug Review,1.0.0,v2,10,I/O,2.452875,0.2987642288208008
Polars,Drug Review,1.0.0,v2,10,Missing,0.075989,0.0159804821014404
Polars,Drug Review,1.0.0,v2,10,Missing,0.07013,0.01029634475708
Polars,Drug Review,1.0.0,v2,10,Missing,0.039063,0.0089077949523925
Polars,Drug Review,1.0.0,v2,10,Missing,0.152465,0.0205488204956054
Polars,Drug Review,1.0.0,v2,10,Row/Column,0.029601,0.0071065425872802
Polars,Drug Review,1.0.0,v2,10,Aggregation,0.05249,0.010683536529541
Polars,Drug Review,1.0.0,v2,10,Row/Column,0.0,0.0007858276367187
Polars,Drug Review,1.0.0,v2,10,Row/Column,0.17334,0.0170862674713134
Polars,Drug Review,1.0.0,v2,10,Row/Column,0.0,0.000584602355957
Polars,Drug Review,1.0.0,v2,10,Aggregation,0.018859,0.0070180892944335
Polars,Drug Review,1.0.0,v2,10,Aggregation,0.02002,0.0073654651641845
Polars,Drug Review,1.0.0,v2,10,Aggregation,0.032226,0.0075054168701171
Polars,Drug Review,1.0.0,v2,10,Aggregation,0.0,0.0007538795471191
Polars,Drug Review,1.0.0,v2,10,Row/Column,0.050292,0.011479377746582
Polars,Drug Review,1.0.0,v2,10,I/O,1.967524,0.1923656463623047
Polars,Drug Review,1.0.0,v2,10,I/O,10.674044,1.219021558761597
Polars,Drug Review,1.0.0,v2,10,I/O,1.026182,0.0914204120635986
Polars,Drug Review,1.0.0,v2,10,I/O,2.378411,0.2851481437683105
Polars,Drug Review,1.0.0,v2,10,Missing,0.0,0.0008318424224853
Polars,Drug Review,1.0.0,v2,10,Missing,0.039489,0.0024559497833251
Polars,Drug Review,1.0.0,v2,10,Missing,0.006226,0.0013761520385742
Polars,Drug Review,1.0.0,v2,10,Missing,0.109619,0.0112013816833496
Polars,Drug Review,1.0.0,v2,10,Row/Column,0.001221,0.0006544589996337
Polars,Drug Review,1.0.0,v2,10,Aggregation,0.008545,0.0013842582702636
Polars,Drug Review,1.0.0,v2,10,Row/Column,0.0,0.0007028579711914
Polars,Drug Review,1.0.0,v2,10,Row/Column,0.191161,0.0158860683441162
Polars,Drug Review,1.0.0,v2,10,Row/Column,0.0,0.0005872249603271
Polars,Drug Review,1.0.0,v2,10,Aggregation,0.0,0.0007619857788085
Polars,Drug Review,1.0.0,v2,10,Aggregation,0.0,0.000744342803955
Polars,Drug Review,1.0.0,v2,10,Aggregation,0.010925,0.001101016998291
Polars,Drug Review,1.0.0,v2,10,Aggregation,0.0,0.0007369518280029
Polars,Drug Review,1.0.0,v2,10,Row/Column,0.034607,0.0045142173767089
Polars,Drug Review,1.0.0,v2,10,I/O,1.918269,0.1802587509155273
Polars,Drug Review,1.0.0,v2,10,I/O,10.737888,1.2205414772033691
Polars,Drug Review,1.0.0,v2,10,I/O,0.97778,0.0862276554107666
Polars,Drug Review,1.0.0,v2,10,I/O,2.233088,0.2729771137237549
Polars,Drug Review,1.0.0,v2,10,Missing,0.0,0.0006716251373291
Polars,Drug Review,1.0.0,v2,10,Missing,0.042724,0.0025620460510253
Polars,Drug Review,1.0.0,v2,10,Missing,0.009033,0.0013782978057861
Polars,Drug Review,1.0.0,v2,10,Missing,0.108338,0.0107955932617187
Polars,Drug Review,1.0.0,v2,10,Row/Column,0.0,0.0006344318389892
Polars,Drug Review,1.0.0,v2,10,Aggregation,0.027649,0.0022988319396972
Polars,Drug Review,1.0.0,v2,10,Row/Column,0.0,0.0007150173187255
Polars,Drug Review,1.0.0,v2,10,Row/Column,0.169006,0.0109319686889648
Polars,Drug Review,1.0.0,v2,10,Row/Column,0.0,0.000577688217163
Polars,Drug Review,1.0.0,v2,10,Aggregation,0.0,0.0007593631744384
Polars,Drug Review,1.0.0,v2,10,Aggregation,0.0,0.0007524490356445
Polars,Drug Review,1.0.0,v2,10,Aggregation,0.010192,0.001112937927246
Polars,Drug Review,1.0.0,v2,10,Aggregation,0.0,0.0007121562957763
Polars,Drug Review,1.0.0,v2,10,Row/Column,0.035828,0.0044794082641601
Polars,Drug Review,1.0.0,v2,10,I/O,1.934993,0.191852331161499
Polars,Drug Review,1.0.0,v2,10,I/O,10.454075,1.2055206298828125
Polars,Drug Review,1.0.0,v2,10,I/O,0.97064,0.0922873020172119
Polars,Drug Review,1.0.0,v2,10,I/O,2.214654,0.2706363201141357
Polars,Drug Review,1.0.0,v2,10,Missing,0.0,0.0008091926574707
Polars,Drug Review,1.0.0,v2,10,Missing,0.063781,0.0052568912506103
Polars,Drug Review,1.0.0,v2,10,Missing,0.0047,0.0013387203216552
Polars,Drug Review,1.0.0,v2,10,Missing,0.102661,0.0107145309448242
Polars,Drug Review,1.0.0,v2,10,Row/Column,0.0,0.0006558895111083
Polars,Drug Review,1.0.0,v2,10,Aggregation,0.009642,0.001380443572998
Polars,Drug Review,1.0.0,v2,10,Row/Column,0.0,0.0007131099700927
Polars,Drug Review,1.0.0,v2,10,Row/Column,0.194274,0.0153510570526123
Polars,Drug Review,1.0.0,v2,10,Row/Column,0.001892,0.0005860328674316
Polars,Drug Review,1.0.0,v2,10,Aggregation,0.0,0.0007944107055664
Polars,Drug Review,1.0.0,v2,10,Aggregation,0.0,0.000683307647705
Polars,Drug Review,1.0.0,v2,10,Aggregation,0.0094,0.0010638236999511
Polars,Drug Review,1.0.0,v2,10,Aggregation,0.0,0.0007593631744384
Polars,Drug Review,1.0.0,v2,10,Row/Column,0.039612,0.0055329799652099
Polars,Drug Review,1.0.0,v2,10,I/O,1.902949,0.1768102645874023
Polars,Drug Review,1.0.0,v2,10,I/O,10.434239,1.2184457778930664
Polars,Drug Review,1.0.0,v2,10,I/O,0.964902,0.0858523845672607
Polars,Drug Review,1.0.0,v2,10,I/O,2.311334,0.2818641662597656
Polars,Drug Review,1.0.0,v2,10,Missing,0.0,0.0007374286651611
Polars,Drug Review,1.0.0,v2,10,Missing,0.037658,0.0024137496948242
Polars,Drug Review,1.0.0,v2,10,Missing,0.011048,0.0013470649719238
Polars,Drug Review,1.0.0,v2,10,Missing,0.109557,0.0118544101715087
Polars,Drug Review,1.0.0,v2,10,Row/Column,0.0,0.0005979537963867
Polars,Drug Review,1.0.0,v2,10,Aggregation,0.038636,0.0029346942901611
Polars,Drug Review,1.0.0,v2,10,Row/Column,0.006104,0.000598669052124
Polars,Drug Review,1.0.0,v2,10,Row/Column,0.183654,0.015420913696289
Polars,Drug Review,1.0.0,v2,10,Row/Column,0.001587,0.0006022453308105
Polars,Drug Review,1.0.0,v2,10,Aggregation,0.004395,0.0007135868072509
Polars,Drug Review,1.0.0,v2,10,Aggregation,0.0,0.0007624626159667
Polars,Drug Review,1.0.0,v2,10,Aggregation,0.011169,0.0010230541229248
Polars,Drug Review,1.0.0,v2,10,Aggregation,0.002991,0.0007600784301757
Polars,Drug Review,1.0.0,v2,10,Row/Column,0.036316,0.0046722888946533
Polars,Drug Review,1.0.0,v2,10,I/O,1.947261,0.1929230690002441
Polars,Drug Review,1.0.0,v2,10,I/O,10.483738,1.223920822143555
Polars,Drug Review,1.0.0,v2,10,I/O,0.986936,0.085113525390625
Polars,Drug Review,1.0.0,v2,10,I/O,2.241693,0.2727103233337402
Polars,Drug Review,1.0.0,v2,10,Missing,0.0,0.0008177757263183
Polars,Drug Review,1.0.0,v2,10,Missing,0.045043,0.0026113986968994
Polars,Drug Review,1.0.0,v2,10,Missing,0.014221,0.0014209747314453
Polars,Drug Review,1.0.0,v2,10,Missing,0.111205,0.011214256286621
Polars,Drug Review,1.0.0,v2,10,Row/Column,0.0,0.0006637573242187
Polars,Drug Review,1.0.0,v2,10,Aggregation,0.011536,0.0013644695281982
Polars,Drug Review,1.0.0,v2,10,Row/Column,0.0,0.0007007122039794
Polars,Drug Review,1.0.0,v2,10,Row/Column,0.152466,0.0101659297943115
Polars,Drug Review,1.0.0,v2,10,Row/Column,0.0,0.0005981922149658
Polars,Drug Review,1.0.0,v2,10,Aggregation,0.00348,0.0007786750793457
Polars,Drug Review,1.0.0,v2,10,Aggregation,0.002319,0.0007777214050292
Polars,Drug Review,1.0.0,v2,10,Aggregation,0.00586,0.001115083694458
Polars,Drug Review,1.0.0,v2,10,Aggregation,0.000488,0.0007555484771728
Polars,Drug Review,1.0.0,v2,10,Row/Column,0.04242,0.0046749114990234
Polars,Drug Review,1.0.0,v2,10,I/O,1.897273,0.1770257949829101
Polars,Drug Review,1.0.0,v2,10,I/O,10.201634,1.20884370803833
Polars,Drug Review,1.0.0,v2,10,I/O,0.959044,0.0886025428771972
Polars,Drug Review,1.0.0,v2,10,I/O,2.212519,0.2716705799102783
Polars,Drug Review,1.0.0,v2,10,Missing,0.000916,0.0008444786071777
Polars,Drug Review,1.0.0,v2,10,Missing,0.04071,0.0026242733001708
Polars,Drug Review,1.0.0,v2,10,Missing,0.003357,0.0014224052429199
Polars,Drug Review,1.0.0,v2,10,Missing,0.100524,0.0108213424682617
Polars,Drug Review,1.0.0,v2,10,Row/Column,0.0,0.0006675720214843
Polars,Drug Review,1.0.0,v2,10,Aggregation,0.035645,0.0031483173370361
Polars,Drug Review,1.0.0,v2,10,Row/Column,0.003479,0.0007011890411376
Polars,Drug Review,1.0.0,v2,10,Row/Column,0.188782,0.0152609348297119
Polars,Drug Review,1.0.0,v2,10,Row/Column,0.002441,0.0005767345428466
Polars,Drug Review,1.0.0,v2,10,Aggregation,0.0,0.0007812976837158
Polars,Drug Review,1.0.0,v2,10,Aggregation,0.005555,0.0007705688476562
Polars,Drug Review,1.0.0,v2,10,Aggregation,0.010865,0.0010657310485839
Polars,Drug Review,1.0.0,v2,10,Aggregation,0.0,0.0007567405700683
Polars,Drug Review,1.0.0,v2,10,Row/Column,0.03241,0.0045623779296875
Polars,Drug Review,1.0.0,v2,10,I/O,1.916133,0.1867656707763672
Polars,Drug Review,1.0.0,v2,10,I/O,10.350559,1.2204487323760986
Polars,Drug Review,1.0.0,v2,10,I/O,0.984128,0.0922293663024902
Polars,Drug Review,1.0.0,v2,10,I/O,2.267145,0.2777905464172363
Polars,Drug Review,1.0.0,v2,10,Missing,0.004151,0.0008504390716552
Polars,Drug Review,1.0.0,v2,10,Missing,0.039001,0.0024335384368896
Polars,Drug Review,1.0.0,v2,10,Missing,0.002685,0.0010631084442138
Polars,Drug Review,1.0.0,v2,10,Missing,0.112854,0.0107288360595703
Polars,Drug Review,1.0.0,v2,10,Row/Column,0.0,0.0002808570861816
Polars,Drug Review,1.0.0,v2,10,Aggregation,0.006958,0.0012156963348388
Polars,Drug Review,1.0.0,v2,10,Row/Column,0.0,0.0007061958312988
Polars,Drug Review,1.0.0,v2,10,Row/Column,0.176513,0.0105657577514648
Polars,Drug Review,1.0.0,v2,10,Row/Column,0.0,0.0004253387451171
Polars,Drug Review,1.0.0,v2,10,Aggregation,0.0,0.0007705688476562
Polars,Drug Review,1.0.0,v2,10,Aggregation,0.0,0.0007662773132324
Polars,Drug Review,1.0.0,v2,10,Aggregation,0.010132,0.0010733604431152
Polars,Drug Review,1.0.0,v2,10,Aggregation,0.00409,0.0007586479187011
Polars,Drug Review,1.0.0,v2,10,Row/Column,0.03125,0.0045526027679443
Polars,Drug Review,1.0.0,v2,10,I/O,1.896968,0.1869585514068603
Polars,Drug Review,1.0.0,v2,10,I/O,10.507237,1.2215495109558103
Polars,Drug Review,1.0.0,v2,10,I/O,0.975522,0.0870170593261718
Polars,Drug Review,1.0.0,v2,10,I/O,2.269099,0.2790646553039551
Polars,Drug Review,1.0.0,v2,10,Missing,0.0,0.0008513927459716
Polars,Drug Review,1.0.0,v2,10,Missing,0.033814,0.0024476051330566
Polars,Drug Review,1.0.0,v2,10,Missing,0.013184,0.0018215179443359
Polars,Drug Review,1.0.0,v2,10,Missing,0.104857,0.010744571685791
Polars,Drug Review,1.0.0,v2,10,Row/Column,0.000732,0.0006372928619384
Polars,Drug Review,1.0.0,v2,10,Aggregation,0.003295,0.0012874603271484
Polars,Drug Review,1.0.0,v2,10,Row/Column,0.005249,0.0006699562072753
Polars,Drug Review,1.0.0,v2,10,Row/Column,0.148803,0.0099635124206542
Polars,Drug Review,1.0.0,v2,10,Row/Column,0.001465,0.0005967617034912
Polars,Drug Review,1.0.0,v2,10,Aggregation,0.0,0.00077486038208
Polars,Drug Review,1.0.0,v2,10,Aggregation,0.0,0.0007781982421875
Polars,Drug Review,1.0.0,v2,10,Aggregation,0.004394,0.000791311264038
Polars,Drug Review,1.0.0,v2,10,Aggregation,0.0,0.0007591247558593
Polars,Drug Review,1.0.0,v2,10,Row/Column,0.033386,0.0046701431274414
Polars,Drug Review,1.0.0,v2,10,I/O,1.941339,0.1914491653442382
Polars,Drug Review,1.0.0,v2,10,I/O,10.251927,1.2064335346221924
Polars,Drug Review,1.0.0,v2,10,I/O,0.966916,0.0869789123535156
Polars,Drug Review,1.0.0,v2,10,I/O,2.213374,0.2681457996368408
Polars,Drug Review,1.0.0,v2,10,Missing,0.002563,0.0007567405700683
Polars,Drug Review,1.0.0,v2,10,Missing,0.054687,0.0047411918640136
Polars,Drug Review,1.0.0,v2,10,Missing,0.014587,0.001101016998291
Polars,Drug Review,1.0.0,v2,10,Missing,0.103882,0.0104811191558837
Polars,Drug Review,1.0.0,v2,10,Row/Column,0.004699,0.0003585815429687
Polars,Drug Review,1.0.0,v2,10,Aggregation,0.016663,0.0026116371154785
Polars,Drug Review,1.0.0,v2,10,Row/Column,0.006348,0.0003695487976074
Polars,Drug Review,1.0.0,v2,10,Row/Column,0.190491,0.0154101848602294
Polars,Drug Review,1.0.0,v2,10,Row/Column,0.0,0.000277042388916
Polars,Drug Review,1.0.0,v2,10,Aggregation,0.0,0.0004680156707763
Polars,Drug Review,1.0.0,v2,10,Aggregation,0.0,0.0004608631134033
Polars,Drug Review,1.0.0,v2,10,Aggregation,0.010559,0.0007305145263671
Polars,Drug Review,1.0.0,v2,10,Aggregation,0.0,0.0004613399505615
Polars,Drug Review,1.0.0,v2,10,Row/Column,0.033325,0.004246711730957
Polars,Drug Review,0.20.0,v0,10,I/O,2.973137,0.2890119552612304
Polars,Drug Review,0.20.0,v0,10,I/O,11.4545,1.340864181518555
Polars,Drug Review,0.20.0,v0,10,I/O,1.465817,0.0710270404815673
Polars,Drug Review,0.20.0,v0,10,I/O,1.162046,0.1372270584106445
Polars,Drug Review,0.20.0,v0,10,Missing,0.066712,0.0138523578643798
Polars,Drug Review,0.20.0,v0,10,Missing,0.862852,0.0613903999328613
Polars,Drug Review,0.20.0,v0,10,Missing,0.056763,0.0101041793823242
Polars,Drug Review,0.20.0,v0,10,Missing,0.430969,0.0568978786468505
Polars,Drug Review,0.20.0,v0,10,Row/Column,0.014099,0.0072147846221923
Polars,Drug Review,0.20.0,v0,10,Aggregation,0.10968,0.0171396732330322
Polars,Drug Review,0.20.0,v0,10,Row/Column,0.693357,0.0867161750793457
Polars,Drug Review,0.20.0,v0,10,Row/Column,1.000669,0.0656580924987793
Polars,Drug Review,0.20.0,v0,10,Row/Column,0.0,0.0002460479736328
Polars,Drug Review,0.20.0,v0,10,Aggregation,0.0011,0.0003409385681152
Polars,Drug Review,0.20.0,v0,10,Aggregation,0.018188,0.0073754787445068
Polars,Drug Review,0.20.0,v0,10,Aggregation,0.026917,0.0085971355438232
Polars,Drug Review,0.20.0,v0,10,Aggregation,0.0,0.0008211135864257
Polars,Drug Review,0.20.0,v0,10,Row/Column,0.052917,0.0115480422973632
Polars,Drug Review,0.20.0,v0,10,I/O,2.547479,0.2549281120300293
Polars,Drug Review,0.20.0,v0,10,I/O,10.987216,1.266242265701294
Polars,Drug Review,0.20.0,v0,10,I/O,1.472165,0.0723581314086914
Polars,Drug Review,0.20.0,v0,10,I/O,1.136105,0.1306796073913574
Polars,Drug Review,0.20.0,v0,10,Missing,0.0,0.0004425048828125
Polars,Drug Review,0.20.0,v0,10,Missing,0.81732,0.0525286197662353
Polars,Drug Review,0.20.0,v0,10,Missing,0.024232,0.0026400089263916
Polars,Drug Review,0.20.0,v0,10,Missing,0.404539,0.0474879741668701
Polars,Drug Review,0.20.0,v0,10,Row/Column,0.002624,0.0005228519439697
Polars,Drug Review,0.20.0,v0,10,Aggregation,0.011231,0.0020341873168945
Polars,Drug Review,0.20.0,v0,10,Row/Column,0.641661,0.0759668350219726
Polars,Drug Review,0.20.0,v0,10,Row/Column,0.915587,0.0563704967498779
Polars,Drug Review,0.20.0,v0,10,Row/Column,0.002502,0.0005877017974853
Polars,Drug Review,0.20.0,v0,10,Aggregation,0.0,0.0007102489471435
Polars,Drug Review,0.20.0,v0,10,Aggregation,0.001709,0.0008559226989746
Polars,Drug Review,0.20.0,v0,10,Aggregation,0.007142,0.001340627670288
Polars,Drug Review,0.20.0,v0,10,Aggregation,0.0,0.0008671283721923
Polars,Drug Review,0.20.0,v0,10,Row/Column,0.041137,0.0049412250518798
Polars,Drug Review,0.20.0,v0,10,I/O,2.634759,0.2652184963226318
Polars,Drug Review,0.20.0,v0,10,I/O,11.061618,1.2718620300292969
Polars,Drug Review,0.20.0,v0,10,I/O,1.463437,0.0719444751739502
Polars,Drug Review,0.20.0,v0,10,I/O,1.134031,0.1307296752929687
Polars,Drug Review,0.20.0,v0,10,Missing,0.0,0.0007588863372802
Polars,Drug Review,0.20.0,v0,10,Missing,0.822752,0.0543556213378906
Polars,Drug Review,0.20.0,v0,10,Missing,0.02533,0.0029895305633544
Polars,Drug Review,0.20.0,v0,10,Missing,0.390685,0.0472223758697509
Polars,Drug Review,0.20.0,v0,10,Row/Column,0.0,0.0005435943603515
Polars,Drug Review,0.20.0,v0,10,Aggregation,0.03125,0.0032439231872558
Polars,Drug Review,0.20.0,v0,10,Row/Column,0.622801,0.0745518207550048
Polars,Drug Review,0.20.0,v0,10,Row/Column,0.915586,0.0585277080535888
Polars,Drug Review,0.20.0,v0,10,Row/Column,0.004518,0.0005812644958496
Polars,Drug Review,0.20.0,v0,10,Aggregation,0.00177,0.0007658004760742
Polars,Drug Review,0.20.0,v0,10,Aggregation,0.003968,0.0009019374847412
Polars,Drug Review,0.20.0,v0,10,Aggregation,0.00653,0.0013253688812255
Polars,Drug Review,0.20.0,v0,10,Aggregation,0.001831,0.0008840560913085
Polars,Drug Review,0.20.0,v0,10,Row/Column,0.039185,0.0047986507415771
Polars,Drug Review,0.20.0,v0,10,I/O,2.619379,0.2638885974884033
Polars,Drug Review,0.20.0,v0,10,I/O,10.88547,1.2609436511993408
Polars,Drug Review,0.20.0,v0,10,I/O,1.429318,0.0695488452911377
Polars,Drug Review,0.20.0,v0,10,I/O,1.120115,0.1308329105377197
Polars,Drug Review,0.20.0,v0,10,Missing,0.0,0.0007612705230712
Polars,Drug Review,0.20.0,v0,10,Missing,0.955686,0.0766124725341796
Polars,Drug Review,0.20.0,v0,10,Missing,0.022644,0.0028877258300781
Polars,Drug Review,0.20.0,v0,10,Missing,0.401855,0.0470693111419677
Polars,Drug Review,0.20.0,v0,10,Row/Column,0.0,0.0007076263427734
Polars,Drug Review,0.20.0,v0,10,Aggregation,0.00879,0.0019712448120117
Polars,Drug Review,0.20.0,v0,10,Row/Column,0.629942,0.0741689205169677
Polars,Drug Review,0.20.0,v0,10,Row/Column,0.885068,0.0590872764587402
Polars,Drug Review,0.20.0,v0,10,Row/Column,0.005677,0.0005803108215332
Polars,Drug Review,0.20.0,v0,10,Aggregation,0.0,0.0005104541778564
Polars,Drug Review,0.20.0,v0,10,Aggregation,0.0,0.0005476474761962
Polars,Drug Review,0.20.0,v0,10,Aggregation,0.00763,0.0013544559478759
Polars,Drug Review,0.20.0,v0,10,Aggregation,0.0,0.0007264614105224
Polars,Drug Review,0.20.0,v0,10,Row/Column,0.032959,0.004847764968872
Polars,Drug Review,0.20.0,v0,10,I/O,2.582818,0.2637121677398681
Polars,Drug Review,0.20.0,v0,10,I/O,10.83823,1.262336015701294
Polars,Drug Review,0.20.0,v0,10,I/O,1.456601,0.0711822509765625
Polars,Drug Review,0.20.0,v0,10,I/O,1.133114,0.1309833526611328
Polars,Drug Review,0.20.0,v0,10,Missing,0.002197,0.0007581710815429
Polars,Drug Review,0.20.0,v0,10,Missing,0.799864,0.0537009239196777
Polars,Drug Review,0.20.0,v0,10,Missing,0.019409,0.0026395320892333
Polars,Drug Review,0.20.0,v0,10,Missing,0.3927,0.0494327545166015
Polars,Drug Review,0.20.0,v0,10,Row/Column,0.001404,0.0004379749298095
Polars,Drug Review,0.20.0,v0,10,Aggregation,0.035218,0.0019035339355468
Polars,Drug Review,0.20.0,v0,10,Row/Column,0.627563,0.0730776786804199
Polars,Drug Review,0.20.0,v0,10,Row/Column,0.912291,0.0584549903869628
Polars,Drug Review,0.20.0,v0,10,Row/Column,0.0,0.0005898475646972
Polars,Drug Review,0.20.0,v0,10,Aggregation,0.0,0.0005369186401367
Polars,Drug Review,0.20.0,v0,10,Aggregation,0.003113,0.0008678436279296
Polars,Drug Review,0.20.0,v0,10,Aggregation,0.00885,0.0013303756713867
Polars,Drug Review,0.20.0,v0,10,Aggregation,0.001587,0.0008690357208251
Polars,Drug Review,0.20.0,v0,10,Row/Column,0.031861,0.0046374797821044
Polars,Drug Review,0.20.0,v0,10,I/O,2.791009,0.287883996963501
Polars,Drug Review,0.20.0,v0,10,I/O,10.990755,1.2603044509887695
Polars,Drug Review,0.20.0,v0,10,I/O,1.452632,0.0707094669342041
Polars,Drug Review,0.20.0,v0,10,I/O,1.142819,0.1313774585723877
Polars,Drug Review,0.20.0,v0,10,Missing,0.0,0.0006995201110839
Polars,Drug Review,0.20.0,v0,10,Missing,0.791685,0.0538787841796875
Polars,Drug Review,0.20.0,v0,10,Missing,0.022033,0.0029177665710449
Polars,Drug Review,0.20.0,v0,10,Missing,0.406798,0.0495369434356689
Polars,Drug Review,0.20.0,v0,10,Row/Column,0.012756,0.002418041229248
Polars,Drug Review,0.20.0,v0,10,Aggregation,0.020202,0.0034699440002441
Polars,Drug Review,0.20.0,v0,10,Row/Column,0.663144,0.0798335075378418
Polars,Drug Review,0.20.0,v0,10,Row/Column,0.898131,0.0583264827728271
Polars,Drug Review,0.20.0,v0,10,Row/Column,0.000733,0.0005767345428466
Polars,Drug Review,0.20.0,v0,10,Aggregation,0.0,0.0007083415985107
Polars,Drug Review,0.20.0,v0,10,Aggregation,0.00177,0.0009119510650634
Polars,Drug Review,0.20.0,v0,10,Aggregation,0.004211,0.0013041496276855
Polars,Drug Review,0.20.0,v0,10,Aggregation,0.001709,0.0009114742279052
Polars,Drug Review,0.20.0,v0,10,Row/Column,0.042114,0.0056104660034179
Polars,Drug Review,0.20.0,v0,10,I/O,2.582207,0.2629709243774414
Polars,Drug Review,0.20.0,v0,10,I/O,10.830723,1.280060052871704
Polars,Drug Review,0.20.0,v0,10,I/O,1.45367,0.0710525512695312
Polars,Drug Review,0.20.0,v0,10,I/O,1.153257,0.1311531066894531
Polars,Drug Review,0.20.0,v0,10,Missing,0.001831,0.0007538795471191
Polars,Drug Review,0.20.0,v0,10,Missing,0.810361,0.0534005165100097
Polars,Drug Review,0.20.0,v0,10,Missing,0.02057,0.0029041767120361
Polars,Drug Review,0.20.0,v0,10,Missing,0.41516,0.0503857135772705
Polars,Drug Review,0.20.0,v0,10,Row/Column,0.0,0.0006909370422363
Polars,Drug Review,0.20.0,v0,10,Aggregation,0.023682,0.0032968521118164
Polars,Drug Review,0.20.0,v0,10,Row/Column,0.643064,0.0740864276885986
Polars,Drug Review,0.20.0,v0,10,Row/Column,0.944638,0.0591936111450195
Polars,Drug Review,0.20.0,v0,10,Row/Column,0.0,0.0005233287811279
Polars,Drug Review,0.20.0,v0,10,Aggregation,0.0,0.0003643035888671
Polars,Drug Review,0.20.0,v0,10,Aggregation,0.001587,0.0005548000335693
Polars,Drug Review,0.20.0,v0,10,Aggregation,0.011963,0.002047061920166
Polars,Drug Review,0.20.0,v0,10,Aggregation,0.00232,0.0008776187896728
Polars,Drug Review,0.20.0,v0,10,Row/Column,0.032592,0.0045588016510009
Polars,Drug Review,0.20.0,v0,10,I/O,2.745964,0.2831852436065674
Polars,Drug Review,0.20.0,v0,10,I/O,10.881929,1.264648675918579
Polars,Drug Review,0.20.0,v0,10,I/O,1.458553,0.0707683563232421
Polars,Drug Review,0.20.0,v0,10,I/O,1.14819,0.1300041675567627
Polars,Drug Review,0.20.0,v0,10,Missing,0.0,0.0007550716400146
Polars,Drug Review,0.20.0,v0,10,Missing,0.796873,0.0535857677459716
Polars,Drug Review,0.20.0,v0,10,Missing,0.021851,0.00285005569458
Polars,Drug Review,0.20.0,v0,10,Missing,0.401305,0.0495162010192871
Polars,Drug Review,0.20.0,v0,10,Row/Column,0.0,0.0006630420684814
Polars,Drug Review,0.20.0,v0,10,Aggregation,0.024108,0.0020253658294677
Polars,Drug Review,0.20.0,v0,10,Row/Column,0.629881,0.0742819309234619
Polars,Drug Review,0.20.0,v0,10,Row/Column,0.909177,0.0572373867034912
Polars,Drug Review,0.20.0,v0,10,Row/Column,0.0,0.0005760192871093
Polars,Drug Review,0.20.0,v0,10,Aggregation,0.005921,0.0007214546203613
Polars,Drug Review,0.20.0,v0,10,Aggregation,0.001586,0.0009102821350097
Polars,Drug Review,0.20.0,v0,10,Aggregation,0.006713,0.0013294219970703
Polars,Drug Review,0.20.0,v0,10,Aggregation,0.001648,0.0009210109710693
Polars,Drug Review,0.20.0,v0,10,Row/Column,0.03424,0.0047895908355712
Polars,Drug Review,0.20.0,v0,10,I/O,2.603997,0.2625312805175781
Polars,Drug Review,0.20.0,v0,10,I/O,10.932651,1.2591111660003662
Polars,Drug Review,0.20.0,v0,10,I/O,1.463681,0.0709710121154785
Polars,Drug Review,0.20.0,v0,10,I/O,1.173642,0.1317460536956787
Polars,Drug Review,0.20.0,v0,10,Missing,0.001586,0.0004122257232666
Polars,Drug Review,0.20.0,v0,10,Missing,0.821837,0.0548756122589111
Polars,Drug Review,0.20.0,v0,10,Missing,0.01477,0.0023808479309082
Polars,Drug Review,0.20.0,v0,10,Missing,0.394714,0.0488631725311279
Polars,Drug Review,0.20.0,v0,10,Row/Column,0.002625,0.0006935596466064
Polars,Drug Review,0.20.0,v0,10,Aggregation,0.027893,0.0022401809692382
Polars,Drug Review,0.20.0,v0,10,Row/Column,0.689451,0.0807371139526367
Polars,Drug Review,0.20.0,v0,10,Row/Column,0.90399,0.0567598342895507
Polars,Drug Review,0.20.0,v0,10,Row/Column,0.005921,0.0005826950073242
Polars,Drug Review,0.20.0,v0,10,Aggregation,0.0,0.0007634162902832
Polars,Drug Review,0.20.0,v0,10,Aggregation,0.003052,0.0009229183197021
Polars,Drug Review,0.20.0,v0,10,Aggregation,0.007263,0.0013117790222167
Polars,Drug Review,0.20.0,v0,10,Aggregation,0.004516,0.0009021759033203
Polars,Drug Review,0.20.0,v0,10,Row/Column,0.040833,0.0051672458648681
Polars,Drug Review,0.20.0,v0,10,I/O,2.63079,0.2541854381561279
Polars,Drug Review,0.20.0,v0,10,I/O,11.133516,1.2672431468963623
Polars,Drug Review,0.20.0,v0,10,I/O,1.472651,0.0718195438385009
Polars,Drug Review,0.20.0,v0,10,I/O,1.154233,0.1325712203979492
Polars,Drug Review,0.20.0,v0,10,Missing,0.0,0.0007729530334472
Polars,Drug Review,0.20.0,v0,10,Missing,0.79547,0.0543456077575683
Polars,Drug Review,0.20.0,v0,10,Missing,0.021239,0.0026986598968505
Polars,Drug Review,0.20.0,v0,10,Missing,0.411926,0.0493302345275878
Polars,Drug Review,0.20.0,v0,10,Row/Column,0.0,0.0006334781646728
Polars,Drug Review,0.20.0,v0,10,Aggregation,0.040038,0.0033321380615234
Polars,Drug Review,0.20.0,v0,10,Row/Column,0.697142,0.0800940990447998
Polars,Drug Review,0.20.0,v0,10,Row/Column,0.914121,0.0590612888336181
Polars,Drug Review,0.20.0,v0,10,Row/Column,0.002442,0.0005903244018554
Polars,Drug Review,0.20.0,v0,10,Aggregation,0.0,0.0005805492401123
Polars,Drug Review,0.20.0,v0,10,Aggregation,0.002868,0.0007493495941162
Polars,Drug Review,0.20.0,v0,10,Aggregation,0.003357,0.0012917518615722
Polars,Drug Review,0.20.0,v0,10,Aggregation,0.003114,0.0007133483886718
Polars,Drug Review,0.20.0,v0,10,Row/Column,0.033448,0.0048303604125976
Polars,Student Exam,1.31.0,v1,10,I/O,0.170105,0.0071463584899902
Polars,Student Exam,1.31.0,v1,10,I/O,0.856505,0.1002440452575683
Polars,Student Exam,1.31.0,v1,10,I/O,0.202697,0.0160639286041259
Polars,Student Exam,1.31.0,v1,10,I/O,0.247497,0.0288782119750976
Polars,Student Exam,1.31.0,v1,10,Missing,0.070617,0.0132431983947753
Polars,Student Exam,1.31.0,v1,10,Missing,0.148193,0.0149717330932617
Polars,Student Exam,1.31.0,v1,10,Missing,0.099547,0.0128428936004638
Polars,Student Exam,1.31.0,v1,10,Row/Column,0.02124,0.0069198608398437
Polars,Student Exam,1.31.0,v1,10,Aggregation,0.080627,0.0130505561828613
Polars,Student Exam,1.31.0,v1,10,Row/Column,0.024659,0.0076429843902587
Polars,Student Exam,1.31.0,v1,10,Row/Column,0.080139,0.0095579624176025
Polars,Student Exam,1.31.0,v1,10,Row/Column,25.601801,0.91945219039917
Polars,Student Exam,1.31.0,v1,10,Aggregation,0.0,0.0008299350738525
Polars,Student Exam,1.31.0,v1,10,Aggregation,0.023131,0.0070204734802246
Polars,Student Exam,1.31.0,v1,10,Aggregation,0.027649,0.0071935653686523
Polars,Student Exam,1.31.0,v1,10,Aggregation,0.002136,0.0010242462158203
Polars,Student Exam,1.31.0,v1,10,Aggregation,0.019653,0.0073089599609375
Polars,Student Exam,1.31.0,v1,10,Row/Column,0.021666,0.0075125694274902
Polars,Student Exam,1.31.0,v1,10,I/O,0.092101,0.0036845207214355
Polars,Student Exam,1.31.0,v1,10,I/O,0.663083,0.0764853954315185
Polars,Student Exam,1.31.0,v1,10,I/O,0.171631,0.0140466690063476
Polars,Student Exam,1.31.0,v1,10,I/O,0.234253,0.0279288291931152
Polars,Student Exam,1.31.0,v1,10,Missing,0.016968,0.0023629665374755
Polars,Student Exam,1.31.0,v1,10,Missing,0.056518,0.0038392543792724
Polars,Student Exam,1.31.0,v1,10,Missing,0.0578,0.0034065246582031
Polars,Student Exam,1.31.0,v1,10,Row/Column,0.0,0.0006732940673828
Polars,Student Exam,1.31.0,v1,10,Aggregation,0.033142,0.0040628910064697
Polars,Student Exam,1.31.0,v1,10,Row/Column,0.014282,0.0012986660003662
Polars,Student Exam,1.31.0,v1,10,Row/Column,0.048157,0.0028333663940429
Polars,Student Exam,1.31.0,v1,10,Row/Column,21.324957,0.7605741024017334
Polars,Student Exam,1.31.0,v1,10,Aggregation,0.004882,0.0007894039154052
Polars,Student Exam,1.31.0,v1,10,Aggregation,0.0,0.0005958080291748
Polars,Student Exam,1.31.0,v1,10,Aggregation,0.00177,0.0009517669677734
Polars,Student Exam,1.31.0,v1,10,Aggregation,0.009216,0.0010657310485839
Polars,Student Exam,1.31.0,v1,10,Aggregation,0.011047,0.0010833740234375
Polars,Student Exam,1.31.0,v1,10,Row/Column,0.008422,0.0013861656188964
Polars,Student Exam,1.31.0,v1,10,I/O,0.086974,0.0036418437957763
Polars,Student Exam,1.31.0,v1,10,I/O,0.66516,0.0743529796600341
Polars,Student Exam,1.31.0,v1,10,I/O,0.176086,0.0146870613098144
Polars,Student Exam,1.31.0,v1,10,I/O,0.222533,0.0254793167114257
Polars,Student Exam,1.31.0,v1,10,Missing,0.01355,0.0022704601287841
Polars,Student Exam,1.31.0,v1,10,Missing,0.060608,0.00376558303833
Polars,Student Exam,1.31.0,v1,10,Missing,0.057556,0.0037553310394287
Polars,Student Exam,1.31.0,v1,10,Row/Column,0.0,0.0006535053253173
Polars,Student Exam,1.31.0,v1,10,Aggregation,0.045043,0.0037839412689208
Polars,Student Exam,1.31.0,v1,10,Row/Column,0.005616,0.0013821125030517
Polars,Student Exam,1.31.0,v1,10,Row/Column,0.038025,0.0029845237731933
Polars,Student Exam,1.31.0,v1,10,Row/Column,21.758672,0.768822431564331
Polars,Student Exam,1.31.0,v1,10,Aggregation,0.002807,0.0005013942718505
Polars,Student Exam,1.31.0,v1,10,Aggregation,0.0,0.0004358291625976
Polars,Student Exam,1.31.0,v1,10,Aggregation,0.0,0.0007486343383789
Polars,Student Exam,1.31.0,v1,10,Aggregation,0.0,0.0007891654968261
Polars,Student Exam,1.31.0,v1,10,Aggregation,0.0,0.0007951259613037
Polars,Student Exam,1.31.0,v1,10,Row/Column,0.007386,0.0010263919830322
Polars,Student Exam,1.31.0,v1,10,I/O,0.092041,0.0034835338592529
Polars,Student Exam,1.31.0,v1,10,I/O,0.662474,0.0748212337493896
Polars,Student Exam,1.31.0,v1,10,I/O,0.172241,0.0141780376434326
Polars,Student Exam,1.31.0,v1,10,I/O,0.219298,0.0250461101531982
Polars,Student Exam,1.31.0,v1,10,Missing,0.025513,0.0020389556884765
Polars,Student Exam,1.31.0,v1,10,Missing,0.065796,0.0036382675170898
Polars,Student Exam,1.31.0,v1,10,Missing,0.057494,0.0033791065216064
Polars,Student Exam,1.31.0,v1,10,Row/Column,0.005005,0.0003659725189208
Polars,Student Exam,1.31.0,v1,10,Aggregation,0.032409,0.0039098262786865
Polars,Student Exam,1.31.0,v1,10,Row/Column,0.008057,0.0015356540679931
Polars,Student Exam,1.31.0,v1,10,Row/Column,0.039306,0.0027604103088378
Polars,Student Exam,1.31.0,v1,10,Row/Column,20.972664,0.7581093311309814
Polars,Student Exam,1.31.0,v1,10,Aggregation,0.00293,0.0007948875427246
Polars,Student Exam,1.31.0,v1,10,Aggregation,0.0,0.0007414817810058
Polars,Student Exam,1.31.0,v1,10,Aggregation,0.007935,0.0010128021240234
Polars,Student Exam,1.31.0,v1,10,Aggregation,0.008789,0.0008964538574218
Polars,Student Exam,1.31.0,v1,10,Aggregation,0.00299,0.0009307861328125
Polars,Student Exam,1.31.0,v1,10,Row/Column,0.004883,0.0013284683227539
Polars,Student Exam,1.31.0,v1,10,I/O,0.087952,0.0037155151367187
Polars,Student Exam,1.31.0,v1,10,I/O,0.683286,0.0764806270599365
Polars,Student Exam,1.31.0,v1,10,I/O,0.181152,0.0144541263580322
Polars,Student Exam,1.31.0,v1,10,I/O,0.219909,0.0258889198303222
Polars,Student Exam,1.31.0,v1,10,Missing,0.018555,0.0022003650665283
Polars,Student Exam,1.31.0,v1,10,Missing,0.056213,0.0034751892089843
Polars,Student Exam,1.31.0,v1,10,Missing,0.061828,0.0036673545837402
Polars,Student Exam,1.31.0,v1,10,Row/Column,0.005494,0.0006787776947021
Polars,Student Exam,1.31.0,v1,10,Aggregation,0.031005,0.0037324428558349
Polars,Student Exam,1.31.0,v1,10,Row/Column,0.007874,0.0014429092407226
Polars,Student Exam,1.31.0,v1,10,Row/Column,0.044007,0.0028872489929199
Polars,Student Exam,1.31.0,v1,10,Row/Column,21.069953,0.7403402328491211
Polars,Student Exam,1.31.0,v1,10,Aggregation,0.0,0.0007956027984619
Polars,Student Exam,1.31.0,v1,10,Aggregation,0.004822,0.000767707824707
Polars,Student Exam,1.31.0,v1,10,Aggregation,0.002747,0.0009384155273437
Polars,Student Exam,1.31.0,v1,10,Aggregation,0.004395,0.0009946823120117
Polars,Student Exam,1.31.0,v1,10,Aggregation,0.003479,0.0010206699371337
Polars,Student Exam,1.31.0,v1,10,Row/Column,0.007202,0.0013372898101806
Polars,Student Exam,1.31.0,v1,10,I/O,0.098266,0.0037195682525634
Polars,Student Exam,1.31.0,v1,10,I/O,0.698423,0.0808796882629394
Polars,Student Exam,1.31.0,v1,10,I/O,0.178039,0.0120878219604492
Polars,Student Exam,1.31.0,v1,10,I/O,0.224609,0.0253016948699951
Polars,Student Exam,1.31.0,v1,10,Missing,0.021972,0.0023856163024902
Polars,Student Exam,1.31.0,v1,10,Missing,0.061462,0.0033740997314453
Polars,Student Exam,1.31.0,v1,10,Missing,0.059754,0.0033457279205322
Polars,Student Exam,1.31.0,v1,10,Row/Column,0.006042,0.0003151893615722
Polars,Student Exam,1.31.0,v1,10,Aggregation,0.049743,0.0039286613464355
Polars,Student Exam,1.31.0,v1,10,Row/Column,0.009277,0.0014421939849853
Polars,Student Exam,1.31.0,v1,10,Row/Column,0.041321,0.0029060840606689
Polars,Student Exam,1.31.0,v1,10,Row/Column,20.926277,0.6755836009979248
Polars,Student Exam,1.31.0,v1,10,Aggregation,0.0,0.0006566047668457
Polars,Student Exam,1.31.0,v1,10,Aggregation,0.010681,0.000730276107788
Polars,Student Exam,1.31.0,v1,10,Aggregation,0.003906,0.0010356903076171
Polars,Student Exam,1.31.0,v1,10,Aggregation,0.00525,0.001063585281372
Polars,Student Exam,1.31.0,v1,10,Aggregation,0.004089,0.0009903907775878
Polars,Student Exam,1.31.0,v1,10,Row/Column,0.007019,0.0013449192047119
Polars,Student Exam,1.31.0,v1,10,I/O,0.090087,0.0036325454711914
Polars,Student Exam,1.31.0,v1,10,I/O,0.691099,0.0769593715667724
Polars,Student Exam,1.31.0,v1,10,I/O,0.171997,0.0146131515502929
Polars,Student Exam,1.31.0,v1,10,I/O,0.219238,0.0258533954620361
Polars,Student Exam,1.31.0,v1,10,Missing,0.020569,0.0020842552185058
Polars,Student Exam,1.31.0,v1,10,Missing,0.066224,0.0037295818328857
Polars,Student Exam,1.31.0,v1,10,Missing,0.060791,0.0035555362701416
Polars,Student Exam,1.31.0,v1,10,Row/Column,0.003784,0.0006592273712158
Polars,Student Exam,1.31.0,v1,10,Aggregation,0.04657,0.004075288772583
Polars,Student Exam,1.31.0,v1,10,Row/Column,0.007935,0.0016133785247802
Polars,Student Exam,1.31.0,v1,10,Row/Column,0.05426,0.0029544830322265
Polars,Student Exam,1.31.0,v1,10,Row/Column,21.203254,0.7878127098083496
Polars,Student Exam,1.31.0,v1,10,Aggregation,0.001403,0.0007877349853515
Polars,Student Exam,1.31.0,v1,10,Aggregation,0.0,0.0007457733154296
Polars,Student Exam,1.31.0,v1,10,Aggregation,0.012329,0.0011336803436279
Polars,Student Exam,1.31.0,v1,10,Aggregation,0.012207,0.0010111331939697
Polars,Student Exam,1.31.0,v1,10,Aggregation,0.001648,0.0010216236114501
Polars,Student Exam,1.31.0,v1,10,Row/Column,0.006653,0.0012032985687255
Polars,Student Exam,1.31.0,v1,10,I/O,0.091309,0.003636360168457
Polars,Student Exam,1.31.0,v1,10,I/O,0.681395,0.0762104988098144
Polars,Student Exam,1.31.0,v1,10,I/O,0.172912,0.0144872665405273
Polars,Student Exam,1.31.0,v1,10,I/O,0.215638,0.0254521369934082
Polars,Student Exam,1.31.0,v1,10,Missing,0.016113,0.0023300647735595
Polars,Student Exam,1.31.0,v1,10,Missing,0.059387,0.0033867359161376
Polars,Student Exam,1.31.0,v1,10,Missing,0.059631,0.0033695697784423
Polars,Student Exam,1.31.0,v1,10,Row/Column,0.003051,0.0005273818969726
Polars,Student Exam,1.31.0,v1,10,Aggregation,0.050354,0.0041139125823974
Polars,Student Exam,1.31.0,v1,10,Row/Column,0.008179,0.0010499954223632
Polars,Student Exam,1.31.0,v1,10,Row/Column,0.04309,0.0027253627777099
Polars,Student Exam,1.31.0,v1,10,Row/Column,21.38935,0.7516894340515137
Polars,Student Exam,1.31.0,v1,10,Aggregation,0.007018,0.0006606578826904
Polars,Student Exam,1.31.0,v1,10,Aggregation,0.002502,0.0006921291351318
Polars,Student Exam,1.31.0,v1,10,Aggregation,0.004272,0.0009918212890625
Polars,Student Exam,1.31.0,v1,10,Aggregation,0.005065,0.0010836124420166
Polars,Student Exam,1.31.0,v1,10,Aggregation,0.011291,0.0010919570922851
Polars,Student Exam,1.31.0,v1,10,Row/Column,0.007691,0.0013699531555175
Polars,Student Exam,1.31.0,v1,10,I/O,0.094176,0.0035767555236816
Polars,Student Exam,1.31.0,v1,10,I/O,0.649229,0.0737497806549072
Polars,Student Exam,1.31.0,v1,10,I/O,0.179687,0.01466965675354
Polars,Student Exam,1.31.0,v1,10,I/O,0.221129,0.0258138179779052
Polars,Student Exam,1.31.0,v1,10,Missing,0.016297,0.0021770000457763
Polars,Student Exam,1.31.0,v1,10,Missing,0.059571,0.0037002563476562
Polars,Student Exam,1.31.0,v1,10,Missing,0.059082,0.0035390853881835
Polars,Student Exam,1.31.0,v1,10,Row/Column,0.003846,0.000673770904541
Polars,Student Exam,1.31.0,v1,10,Aggregation,0.040404,0.0040984153747558
Polars,Student Exam,1.31.0,v1,10,Row/Column,0.007935,0.0014877319335937
Polars,Student Exam,1.31.0,v1,10,Row/Column,0.06488,0.0029973983764648
Polars,Student Exam,1.31.0,v1,10,Row/Column,20.504098,0.7413268089294434
Polars,Student Exam,1.31.0,v1,10,Aggregation,0.0,0.000746726989746
Polars,Student Exam,1.31.0,v1,10,Aggregation,0.00824,0.0007350444793701
Polars,Student Exam,1.31.0,v1,10,Aggregation,0.011047,0.0010626316070556
Polars,Student Exam,1.31.0,v1,10,Aggregation,0.010254,0.0010981559753417
Polars,Student Exam,1.31.0,v1,10,Aggregation,0.009704,0.0010812282562255
Polars,Student Exam,1.31.0,v1,10,Row/Column,0.007752,0.0013461112976074
Polars,Student Exam,1.31.0,v1,10,I/O,0.093933,0.0035262107849121
Polars,Student Exam,1.31.0,v1,10,I/O,0.713317,0.0823256969451904
Polars,Student Exam,1.31.0,v1,10,I/O,0.169616,0.0140705108642578
Polars,Student Exam,1.31.0,v1,10,I/O,0.222596,0.0259909629821777
Polars,Student Exam,1.31.0,v1,10,Missing,0.023864,0.0023572444915771
Polars,Student Exam,1.31.0,v1,10,Missing,0.062256,0.0034887790679931
Polars,Student Exam,1.31.0,v1,10,Missing,0.058838,0.0034198760986328
Polars,Student Exam,1.31.0,v1,10,Row/Column,0.005555,0.0006794929504394
Polars,Student Exam,1.31.0,v1,10,Aggregation,0.030273,0.003875732421875
Polars,Student Exam,1.31.0,v1,10,Row/Column,0.008911,0.0016086101531982
Polars,Student Exam,1.31.0,v1,10,Row/Column,0.063842,0.0029237270355224
Polars,Student Exam,1.31.0,v1,10,Row/Column,20.982551,0.6663544178009033
Polars,Student Exam,1.31.0,v1,10,Aggregation,0.0,0.0005342960357666
Polars,Student Exam,1.31.0,v1,10,Aggregation,0.0,0.0007474422454833
Polars,Student Exam,1.31.0,v1,10,Aggregation,0.010865,0.0011007785797119
Polars,Student Exam,1.31.0,v1,10,Aggregation,0.0,0.0007805824279785
Polars,Student Exam,1.31.0,v1,10,Aggregation,0.005554,0.000723123550415
Polars,Student Exam,1.31.0,v1,10,Row/Column,0.00708,0.0010764598846435
Polars,Student Exam,1.0.0,v2,10,I/O,0.17157,0.0095942020416259
Polars,Student Exam,1.0.0,v2,10,I/O,0.919919,0.10813570022583
Polars,Student Exam,1.0.0,v2,10,I/O,0.126403,0.0131328105926513
Polars,Student Exam,1.0.0,v2,10,I/O,0.307311,0.041764497756958
Polars,Student Exam,1.0.0,v2,10,Missing,0.075866,0.0160942077636718
Polars,Student Exam,1.0.0,v2,10,Missing,0.046081,0.0103785991668701
Polars,Student Exam,1.0.0,v2,10,Missing,0.062438,0.0116314888000488
Polars,Student Exam,1.0.0,v2,10,Row/Column,0.016662,0.0073394775390625
Polars,Student Exam,1.0.0,v2,10,Aggregation,0.060792,0.011838674545288
Polars,Student Exam,1.0.0,v2,10,Row/Column,0.016052,0.0070209503173828
Polars,Student Exam,1.0.0,v2,10,Row/Column,0.065124,0.0051679611206054
Polars,Student Exam,1.0.0,v2,10,Row/Column,13.520473,0.3915152549743652
Polars,Student Exam,1.0.0,v2,10,Aggregation,0.023804,0.0069060325622558
Polars,Student Exam,1.0.0,v2,10,Aggregation,0.018432,0.0075206756591796
Polars,Student Exam,1.0.0,v2,10,Aggregation,0.020568,0.007282018661499
Polars,Student Exam,1.0.0,v2,10,Aggregation,0.007203,0.000948429107666
Polars,Student Exam,1.0.0,v2,10,Aggregation,0.02954,0.007171630859375
Polars,Student Exam,1.0.0,v2,10,Row/Column,0.007752,0.0011413097381591
Polars,Student Exam,1.0.0,v2,10,I/O,0.11792,0.0040349960327148
Polars,Student Exam,1.0.0,v2,10,I/O,0.910887,0.1085536479949951
Polars,Student Exam,1.0.0,v2,10,I/O,0.128784,0.0124766826629638
Polars,Student Exam,1.0.0,v2,10,I/O,0.301452,0.040912389755249
Polars,Student Exam,1.0.0,v2,10,Missing,0.0,0.0006217956542968
Polars,Student Exam,1.0.0,v2,10,Missing,0.019593,0.0017261505126953
Polars,Student Exam,1.0.0,v2,10,Missing,0.009033,0.0012333393096923
Polars,Student Exam,1.0.0,v2,10,Row/Column,0.0,0.0003395080566406
Polars,Student Exam,1.0.0,v2,10,Aggregation,0.024841,0.0022780895233154
Polars,Student Exam,1.0.0,v2,10,Row/Column,0.0,0.0007605552673339
Polars,Student Exam,1.0.0,v2,10,Row/Column,0.038452,0.0047709941864013
Polars,Student Exam,1.0.0,v2,10,Row/Column,13.193021,0.3586905002593994
Polars,Student Exam,1.0.0,v2,10,Aggregation,0.005432,0.0012609958648681
Polars,Student Exam,1.0.0,v2,10,Aggregation,0.008301,0.0007116794586181
Polars,Student Exam,1.0.0,v2,10,Aggregation,0.006287,0.0010087490081787
Polars,Student Exam,1.0.0,v2,10,Aggregation,0.001587,0.000894546508789
Polars,Student Exam,1.0.0,v2,10,Aggregation,0.001465,0.0009527206420898
Polars,Student Exam,1.0.0,v2,10,Row/Column,0.001099,0.000927448272705
Polars,Student Exam,1.0.0,v2,10,I/O,0.097229,0.0041620731353759
Polars,Student Exam,1.0.0,v2,10,I/O,0.938413,0.1148264408111572
Polars,Student Exam,1.0.0,v2,10,I/O,0.121154,0.0125141143798828
Polars,Student Exam,1.0.0,v2,10,I/O,0.313964,0.0414233207702636
Polars,Student Exam,1.0.0,v2,10,Missing,0.006531,0.0009431838989257
Polars,Student Exam,1.0.0,v2,10,Missing,0.043762,0.0035722255706787
Polars,Student Exam,1.0.0,v2,10,Missing,0.007447,0.0017981529235839
Polars,Student Exam,1.0.0,v2,10,Row/Column,0.0,0.0006499290466308
Polars,Student Exam,1.0.0,v2,10,Aggregation,0.009826,0.0017356872558593
Polars,Student Exam,1.0.0,v2,10,Row/Column,0.0,0.0007486343383789
Polars,Student Exam,1.0.0,v2,10,Row/Column,0.070434,0.006110668182373
Polars,Student Exam,1.0.0,v2,10,Row/Column,13.609828,0.4088201522827148
Polars,Student Exam,1.0.0,v2,10,Aggregation,0.0,0.0005908012390136
Polars,Student Exam,1.0.0,v2,10,Aggregation,0.0,0.0003466606140136
Polars,Student Exam,1.0.0,v2,10,Aggregation,0.002564,0.0005874633789062
Polars,Student Exam,1.0.0,v2,10,Aggregation,0.003661,0.0008277893066406
Polars,Student Exam,1.0.0,v2,10,Aggregation,0.003114,0.000737190246582
Polars,Student Exam,1.0.0,v2,10,Row/Column,0.003967,0.0010566711425781
Polars,Student Exam,1.0.0,v2,10,I/O,0.114501,0.0040993690490722
Polars,Student Exam,1.0.0,v2,10,I/O,0.947508,0.1111783981323242
Polars,Student Exam,1.0.0,v2,10,I/O,0.132935,0.0123429298400878
Polars,Student Exam,1.0.0,v2,10,I/O,0.314147,0.040433645248413
Polars,Student Exam,1.0.0,v2,10,Missing,0.007873,0.0014746189117431
Polars,Student Exam,1.0.0,v2,10,Missing,0.007996,0.0014762878417968
Polars,Student Exam,1.0.0,v2,10,Missing,0.006225,0.0016424655914306
Polars,Student Exam,1.0.0,v2,10,Row/Column,0.0,0.0006306171417236
Polars,Student Exam,1.0.0,v2,10,Aggregation,0.009948,0.0015621185302734
Polars,Student Exam,1.0.0,v2,10,Row/Column,0.0,0.0005483627319335
Polars,Student Exam,1.0.0,v2,10,Row/Column,0.051026,0.0048394203186035
Polars,Student Exam,1.0.0,v2,10,Row/Column,13.414089,0.3916411399841308
Polars,Student Exam,1.0.0,v2,10,Aggregation,0.0,0.0007069110870361
Polars,Student Exam,1.0.0,v2,10,Aggregation,0.0,0.0006911754608154
Polars,Student Exam,1.0.0,v2,10,Aggregation,0.008484,0.0009870529174804
Polars,Student Exam,1.0.0,v2,10,Aggregation,0.001587,0.0009148120880126
Polars,Student Exam,1.0.0,v2,10,Aggregation,0.001587,0.0009090900421142
Polars,Student Exam,1.0.0,v2,10,Row/Column,0.006714,0.0011432170867919
Polars,Student Exam,1.0.0,v2,10,I/O,0.120971,0.0046348571777343
Polars,Student Exam,1.0.0,v2,10,I/O,0.926877,0.1135008335113525
Polars,Student Exam,1.0.0,v2,10,I/O,0.125916,0.0127046108245849
Polars,Student Exam,1.0.0,v2,10,I/O,0.301574,0.0410702228546142
Polars,Student Exam,1.0.0,v2,10,Missing,0.0,0.0008959770202636
Polars,Student Exam,1.0.0,v2,10,Missing,0.00879,0.0019264221191406
Polars,Student Exam,1.0.0,v2,10,Missing,0.022522,0.0037040710449218
Polars,Student Exam,1.0.0,v2,10,Row/Column,0.0,0.000657320022583
Polars,Student Exam,1.0.0,v2,10,Aggregation,0.025269,0.0024917125701904
Polars,Student Exam,1.0.0,v2,10,Row/Column,0.001281,0.0008771419525146
Polars,Student Exam,1.0.0,v2,10,Row/Column,0.038087,0.0049600601196289
Polars,Student Exam,1.0.0,v2,10,Row/Column,13.389248,0.3886458873748779
Polars,Student Exam,1.0.0,v2,10,Aggregation,0.007386,0.0007879734039306
Polars,Student Exam,1.0.0,v2,10,Aggregation,0.0,0.0007016658782958
Polars,Student Exam,1.0.0,v2,10,Aggregation,0.0,0.0008978843688964
Polars,Student Exam,1.0.0,v2,10,Aggregation,0.0,0.000565767288208
Polars,Student Exam,1.0.0,v2,10,Aggregation,0.008118,0.0009646415710449
Polars,Student Exam,1.0.0,v2,10,Row/Column,0.0,0.0008833408355712
Polars,Student Exam,1.0.0,v2,10,I/O,0.0849,0.003943920135498
Polars,Student Exam,1.0.0,v2,10,I/O,0.927976,0.1137275695800781
Polars,Student Exam,1.0.0,v2,10,I/O,0.125732,0.0124387741088867
Polars,Student Exam,1.0.0,v2,10,I/O,0.299255,0.0403172969818115
Polars,Student Exam,1.0.0,v2,10,Missing,0.010498,0.0017738342285156
Polars,Student Exam,1.0.0,v2,10,Missing,0.016174,0.0019433498382568
Polars,Student Exam,1.0.0,v2,10,Missing,0.01062,0.0018153190612792
Polars,Student Exam,1.0.0,v2,10,Row/Column,0.0,0.0004584789276123
Polars,Student Exam,1.0.0,v2,10,Aggregation,0.008301,0.0017049312591552
Polars,Student Exam,1.0.0,v2,10,Row/Column,0.0,0.0006942749023437
Polars,Student Exam,1.0.0,v2,10,Row/Column,0.037231,0.0048296451568603
Polars,Student Exam,1.0.0,v2,10,Row/Column,13.454006,0.3798737525939941
Polars,Student Exam,1.0.0,v2,10,Aggregation,0.0,0.0007295608520507
Polars,Student Exam,1.0.0,v2,10,Aggregation,0.0,0.0003433227539062
Polars,Student Exam,1.0.0,v2,10,Aggregation,0.0,0.0005927085876464
Polars,Student Exam,1.0.0,v2,10,Aggregation,0.0,0.0005693435668945
Polars,Student Exam,1.0.0,v2,10,Aggregation,0.0,0.0005719661712646
Polars,Student Exam,1.0.0,v2,10,Row/Column,0.0,0.0007464885711669
Polars,Student Exam,1.0.0,v2,10,I/O,0.135253,0.0045905113220214
Polars,Student Exam,1.0.0,v2,10,I/O,0.951474,0.1149778366088867
Polars,Student Exam,1.0.0,v2,10,I/O,0.138,0.0126764774322509
Polars,Student Exam,1.0.0,v2,10,I/O,0.317993,0.0420787334442138
Polars,Student Exam,1.0.0,v2,10,Missing,0.021973,0.0030667781829833
Polars,Student Exam,1.0.0,v2,10,Missing,0.015747,0.0012917518615722
Polars,Student Exam,1.0.0,v2,10,Missing,0.009522,0.0015614032745361
Polars,Student Exam,1.0.0,v2,10,Row/Column,0.0,0.0006854534149169
Polars,Student Exam,1.0.0,v2,10,Aggregation,0.00824,0.0016736984252929
Polars,Student Exam,1.0.0,v2,10,Row/Column,0.0,0.0007102489471435
Polars,Student Exam,1.0.0,v2,10,Row/Column,0.03534,0.0049548149108886
Polars,Student Exam,1.0.0,v2,10,Row/Column,13.405361,0.386615514755249
Polars,Student Exam,1.0.0,v2,10,Aggregation,0.004883,0.0010545253753662
Polars,Student Exam,1.0.0,v2,10,Aggregation,0.00763,0.0006885528564453
Polars,Student Exam,1.0.0,v2,10,Aggregation,0.00177,0.0009558200836181
Polars,Student Exam,1.0.0,v2,10,Aggregation,0.0094,0.0009498596191406
Polars,Student Exam,1.0.0,v2,10,Aggregation,0.00238,0.0009539127349853
Polars,Student Exam,1.0.0,v2,10,Row/Column,0.007203,0.0009400844573974
Polars,Student Exam,1.0.0,v2,10,I/O,0.118163,0.0040667057037353
Polars,Student Exam,1.0.0,v2,10,I/O,0.955625,0.1148664951324462
Polars,Student Exam,1.0.0,v2,10,I/O,0.128601,0.0127046108245849
Polars,Student Exam,1.0.0,v2,10,I/O,0.321106,0.0415582656860351
Polars,Student Exam,1.0.0,v2,10,Missing,0.0,0.0007402896881103
Polars,Student Exam,1.0.0,v2,10,Missing,0.023803,0.0021553039550781
Polars,Student Exam,1.0.0,v2,10,Missing,0.041749,0.0040802955627441
Polars,Student Exam,1.0.0,v2,10,Row/Column,0.0,0.0003416538238525
Polars,Student Exam,1.0.0,v2,10,Aggregation,0.010437,0.0014097690582275
Polars,Student Exam,1.0.0,v2,10,Row/Column,0.001282,0.0005655288696289
Polars,Student Exam,1.0.0,v2,10,Row/Column,0.055236,0.004972219467163
Polars,Student Exam,1.0.0,v2,10,Row/Column,13.427089,0.3731720447540283
Polars,Student Exam,1.0.0,v2,10,Aggregation,0.0,0.0004448890686035
Polars,Student Exam,1.0.0,v2,10,Aggregation,0.0,0.0003852844238281
Polars,Student Exam,1.0.0,v2,10,Aggregation,0.0,0.0006687641143798
Polars,Student Exam,1.0.0,v2,10,Aggregation,0.001587,0.0009691715240478
Polars,Student Exam,1.0.0,v2,10,Aggregation,0.0,0.0006225109100341
Polars,Student Exam,1.0.0,v2,10,Row/Column,0.007445,0.0010693073272705
Polars,Student Exam,1.0.0,v2,10,I/O,0.115845,0.0043752193450927
Polars,Student Exam,1.0.0,v2,10,I/O,0.97888,0.1152083873748779
Polars,Student Exam,1.0.0,v2,10,I/O,0.117248,0.012061595916748
Polars,Student Exam,1.0.0,v2,10,I/O,0.297606,0.0407214164733886
Polars,Student Exam,1.0.0,v2,10,Missing,0.004517,0.0013151168823242
Polars,Student Exam,1.0.0,v2,10,Missing,0.029846,0.0040335655212402
Polars,Student Exam,1.0.0,v2,10,Missing,0.008057,0.0013673305511474
Polars,Student Exam,1.0.0,v2,10,Row/Column,0.005737,0.0006783008575439
Polars,Student Exam,1.0.0,v2,10,Aggregation,0.011352,0.0016555786132812
Polars,Student Exam,1.0.0,v2,10,Row/Column,0.006592,0.0005865097045898
Polars,Student Exam,1.0.0,v2,10,Row/Column,0.063353,0.0051639080047607
Polars,Student Exam,1.0.0,v2,10,Row/Column,13.342861,0.3670871257781982
Polars,Student Exam,1.0.0,v2,10,Aggregation,0.0,0.0007836818695068
Polars,Student Exam,1.0.0,v2,10,Aggregation,0.002747,0.0006864070892333
Polars,Student Exam,1.0.0,v2,10,Aggregation,0.000549,0.0006122589111328
Polars,Student Exam,1.0.0,v2,10,Aggregation,0.001159,0.0006701946258544
Polars,Student Exam,1.0.0,v2,10,Aggregation,0.0,0.0005757808685302
Polars,Student Exam,1.0.0,v2,10,Row/Column,0.003358,0.0011086463928222
Polars,Student Exam,1.0.0,v2,10,I/O,0.105286,0.0042755603790283
Polars,Student Exam,1.0.0,v2,10,I/O,0.949521,0.1129703521728515
Polars,Student Exam,1.0.0,v2,10,I/O,0.125794,0.0126099586486816
Polars,Student Exam,1.0.0,v2,10,I/O,0.310912,0.0409877300262451
Polars,Student Exam,1.0.0,v2,10,Missing,0.010132,0.0017099380493164
Polars,Student Exam,1.0.0,v2,10,Missing,0.014954,0.0014631748199462
Polars,Student Exam,1.0.0,v2,10,Missing,0.025085,0.0034539699554443
Polars,Student Exam,1.0.0,v2,10,Row/Column,0.00824,0.0006611347198486
Polars,Student Exam,1.0.0,v2,10,Aggregation,0.009033,0.0014028549194335
Polars,Student Exam,1.0.0,v2,10,Row/Column,0.0,0.0007879734039306
Polars,Student Exam,1.0.0,v2,10,Row/Column,0.04065,0.0050349235534667
Polars,Student Exam,1.0.0,v2,10,Row/Column,13.243923,0.3764474391937256
Polars,Student Exam,1.0.0,v2,10,Aggregation,0.0,0.0006792545318603
Polars,Student Exam,1.0.0,v2,10,Aggregation,0.0,0.0005378723144531
Polars,Student Exam,1.0.0,v2,10,Aggregation,0.007996,0.0009684562683105
Polars,Student Exam,1.0.0,v2,10,Aggregation,0.001587,0.0009315013885498
Polars,Student Exam,1.0.0,v2,10,Aggregation,0.0,0.0006208419799804
Polars,Student Exam,1.0.0,v2,10,Row/Column,0.004028,0.0006723403930664
Polars,Student Exam,0.20.0,v0,10,I/O,0.171692,0.0092837810516357
Polars,Student Exam,0.20.0,v0,10,I/O,0.949216,0.1141009330749511
Polars,Student Exam,0.20.0,v0,10,I/O,0.227295,0.0146009922027587
Polars,Student Exam,0.20.0,v0,10,I/O,0.101745,0.0127274990081787
Polars,Student Exam,0.20.0,v0,10,Missing,0.04779,0.012749433517456
Polars,Student Exam,0.20.0,v0,10,Missing,0.060668,0.0108697414398193
Polars,Student Exam,0.20.0,v0,10,Missing,0.066956,0.0094788074493408
Polars,Student Exam,0.20.0,v0,10,Row/Column,0.020996,0.0068833827972412
Polars,Student Exam,0.20.0,v0,10,Aggregation,0.082031,0.0144498348236083
Polars,Student Exam,0.20.0,v0,10,Row/Column,0.029298,0.0083546638488769
Polars,Student Exam,0.20.0,v0,10,Row/Column,0.074768,0.0098521709442138
Polars,Student Exam,0.20.0,v0,10,Row/Column,43.415965,1.3394958972930908
Polars,Student Exam,0.20.0,v0,10,Aggregation,0.026245,0.0068111419677734
Polars,Student Exam,0.20.0,v0,10,Aggregation,0.015869,0.0073497295379638
Polars,Student Exam,0.20.0,v0,10,Aggregation,0.01886,0.0073955059051513
Polars,Student Exam,0.20.0,v0,10,Aggregation,0.000976,0.0009758472442626
Polars,Student Exam,0.20.0,v0,10,Aggregation,0.010132,0.0009284019470214
Polars,Student Exam,0.20.0,v0,10,Row/Column,0.018432,0.0076379776000976
Polars,Student Exam,0.20.0,v0,10,I/O,0.106079,0.0040051937103271
Polars,Student Exam,0.20.0,v0,10,I/O,0.914427,0.1137812137603759
Polars,Student Exam,0.20.0,v0,10,I/O,0.216736,0.0142960548400878
Polars,Student Exam,0.20.0,v0,10,I/O,0.098755,0.0127224922180175
Polars,Student Exam,0.20.0,v0,10,Missing,0.001647,0.0006897449493408
Polars,Student Exam,0.20.0,v0,10,Missing,0.045348,0.0025391578674316
Polars,Student Exam,0.20.0,v0,10,Missing,0.012328,0.0018723011016845
Polars,Student Exam,0.20.0,v0,10,Row/Column,0.0,0.0005950927734375
Polars,Student Exam,0.20.0,v0,10,Aggregation,0.01239,0.0018954277038574
Polars,Student Exam,0.20.0,v0,10,Row/Column,0.032898,0.0047626495361328
Polars,Student Exam,0.20.0,v0,10,Row/Column,0.048217,0.0028645992279052
Polars,Student Exam,0.20.0,v0,10,Row/Column,44.276315,1.3311042785644531
Polars,Student Exam,0.20.0,v0,10,Aggregation,0.000793,0.0006935596466064
Polars,Student Exam,0.20.0,v0,10,Aggregation,0.003541,0.0007178783416748
Polars,Student Exam,0.20.0,v0,10,Aggregation,0.002868,0.0009615421295166
Polars,Student Exam,0.20.0,v0,10,Aggregation,0.005006,0.0015411376953125
Polars,Student Exam,0.20.0,v0,10,Aggregation,0.004089,0.0009424686431884
Polars,Student Exam,0.20.0,v0,10,Row/Column,0.005859,0.0011012554168701
Polars,Student Exam,0.20.0,v0,10,I/O,0.111205,0.00425386428833
Polars,Student Exam,0.20.0,v0,10,I/O,0.932065,0.1123871803283691
Polars,Student Exam,0.20.0,v0,10,I/O,0.236267,0.0148341655731201
Polars,Student Exam,0.20.0,v0,10,I/O,0.097717,0.0127055644989013
Polars,Student Exam,0.20.0,v0,10,Missing,0.001343,0.0007021427154541
Polars,Student Exam,0.20.0,v0,10,Missing,0.041259,0.0018472671508789
Polars,Student Exam,0.20.0,v0,10,Missing,0.011719,0.001899242401123
Polars,Student Exam,0.20.0,v0,10,Row/Column,0.001464,0.0006592273712158
Polars,Student Exam,0.20.0,v0,10,Aggregation,0.017578,0.0021274089813232
Polars,Student Exam,0.20.0,v0,10,Row/Column,0.018677,0.0025022029876708
Polars,Student Exam,0.20.0,v0,10,Row/Column,0.044373,0.0027306079864501
Polars,Student Exam,0.20.0,v0,10,Row/Column,43.922983,1.3069779872894287
Polars,Student Exam,0.20.0,v0,10,Aggregation,0.0,0.000680923461914
Polars,Student Exam,0.20.0,v0,10,Aggregation,0.001281,0.0006871223449707
Polars,Student Exam,0.20.0,v0,10,Aggregation,0.004638,0.0012538433074951
Polars,Student Exam,0.20.0,v0,10,Aggregation,0.007934,0.0009856224060058
Polars,Student Exam,0.20.0,v0,10,Aggregation,0.0,0.0009398460388183
Polars,Student Exam,0.20.0,v0,10,Row/Column,0.0,0.0008270740509033
Polars,Student Exam,0.20.0,v0,10,I/O,0.108947,0.0041172504425048
Polars,Student Exam,0.20.0,v0,10,I/O,0.900084,0.1102185249328613
Polars,Student Exam,0.20.0,v0,10,I/O,0.238343,0.0149130821228027
Polars,Student Exam,0.20.0,v0,10,I/O,0.100098,0.0125081539154052
Polars,Student Exam,0.20.0,v0,10,Missing,0.0,0.0006771087646484
Polars,Student Exam,0.20.0,v0,10,Missing,0.024902,0.0020828247070312
Polars,Student Exam,0.20.0,v0,10,Missing,0.040833,0.0021314620971679
Polars,Student Exam,0.20.0,v0,10,Row/Column,0.0,0.0006608963012695
Polars,Student Exam,0.20.0,v0,10,Aggregation,0.024475,0.0022685527801513
Polars,Student Exam,0.20.0,v0,10,Row/Column,0.01886,0.0019609928131103
Polars,Student Exam,0.20.0,v0,10,Row/Column,0.081847,0.0033214092254638
Polars,Student Exam,0.20.0,v0,10,Row/Column,43.709361,1.368178367614746
Polars,Student Exam,0.20.0,v0,10,Aggregation,0.000794,0.0006873607635498
Polars,Student Exam,0.20.0,v0,10,Aggregation,0.002381,0.0007734298706054
Polars,Student Exam,0.20.0,v0,10,Aggregation,0.004578,0.0009858608245849
Polars,Student Exam,0.20.0,v0,10,Aggregation,0.004578,0.0009472370147705
Polars,Student Exam,0.20.0,v0,10,Aggregation,0.001587,0.0009524822235107
Polars,Student Exam,0.20.0,v0,10,Row/Column,0.007019,0.0011019706726074
Polars,Student Exam,0.20.0,v0,10,I/O,0.103026,0.0037455558776855
Polars,Student Exam,0.20.0,v0,10,I/O,0.922911,0.1078474521636962
Polars,Student Exam,0.20.0,v0,10,I/O,0.227051,0.0143299102783203
Polars,Student Exam,0.20.0,v0,10,I/O,0.10022,0.0126612186431884
Polars,Student Exam,0.20.0,v0,10,Missing,0.005004,0.0006952285766601
Polars,Student Exam,0.20.0,v0,10,Missing,0.011841,0.0019936561584472
Polars,Student Exam,0.20.0,v0,10,Missing,0.031555,0.0019881725311279
Polars,Student Exam,0.20.0,v0,10,Row/Column,0.0,0.0006654262542724
Polars,Student Exam,0.20.0,v0,10,Aggregation,0.00769,0.0017242431640625
Polars,Student Exam,0.20.0,v0,10,Row/Column,0.017456,0.001927375793457
Polars,Student Exam,0.20.0,v0,10,Row/Column,0.084473,0.0048980712890625
Polars,Student Exam,0.20.0,v0,10,Row/Column,42.84773,1.159620761871338
Polars,Student Exam,0.20.0,v0,10,Aggregation,0.000915,0.0006716251373291
Polars,Student Exam,0.20.0,v0,10,Aggregation,0.005494,0.000697374343872
Polars,Student Exam,0.20.0,v0,10,Aggregation,0.004028,0.0009458065032958
Polars,Student Exam,0.20.0,v0,10,Aggregation,0.005127,0.0009562969207763
Polars,Student Exam,0.20.0,v0,10,Aggregation,0.009398,0.0009336471557617
Polars,Student Exam,0.20.0,v0,10,Row/Column,0.006104,0.0010509490966796
Polars,Student Exam,0.20.0,v0,10,I/O,0.109314,0.0041232109069824
Polars,Student Exam,0.20.0,v0,10,I/O,0.940427,0.1165070533752441
Polars,Student Exam,0.20.0,v0,10,I/O,0.22882,0.0145936012268066
Polars,Student Exam,0.20.0,v0,10,I/O,0.106323,0.0126714706420898
Polars,Student Exam,0.20.0,v0,10,Missing,0.0,0.0006933212280273
Polars,Student Exam,0.20.0,v0,10,Missing,0.01831,0.0019330978393554
Polars,Student Exam,0.20.0,v0,10,Missing,0.038696,0.0021378993988037
Polars,Student Exam,0.20.0,v0,10,Row/Column,0.003906,0.0006508827209472
Polars,Student Exam,0.20.0,v0,10,Aggregation,0.015991,0.0021157264709472
Polars,Student Exam,0.20.0,v0,10,Row/Column,0.015259,0.0019598007202148
Polars,Student Exam,0.20.0,v0,10,Row/Column,0.078247,0.0033357143402099
Polars,Student Exam,0.20.0,v0,10,Row/Column,43.539439,1.3637146949768066
Polars,Student Exam,0.20.0,v0,10,Aggregation,0.0,0.0006051063537597
Polars,Student Exam,0.20.0,v0,10,Aggregation,0.0,0.0003614425659179
Polars,Student Exam,0.20.0,v0,10,Aggregation,0.008179,0.000659704208374
Polars,Student Exam,0.20.0,v0,10,Aggregation,0.00708,0.0012266635894775
Polars,Student Exam,0.20.0,v0,10,Aggregation,0.0,0.000601053237915
Polars,Student Exam,0.20.0,v0,10,Row/Column,0.0,0.0007605552673339
Polars,Student Exam,0.20.0,v0,10,I/O,0.105468,0.0038099288940429
Polars,Student Exam,0.20.0,v0,10,I/O,0.93939,0.1167519092559814
Polars,Student Exam,0.20.0,v0,10,I/O,0.223082,0.0142939090728759
Polars,Student Exam,0.20.0,v0,10,I/O,0.100281,0.0123286247253417
Polars,Student Exam,0.20.0,v0,10,Missing,0.0,0.0007088184356689
Polars,Student Exam,0.20.0,v0,10,Missing,0.015565,0.0020055770874023
Polars,Student Exam,0.20.0,v0,10,Missing,0.036072,0.0022003650665283
Polars,Student Exam,0.20.0,v0,10,Row/Column,0.0,0.0006272792816162
Polars,Student Exam,0.20.0,v0,10,Aggregation,0.018189,0.0021541118621826
Polars,Student Exam,0.20.0,v0,10,Row/Column,0.010742,0.0016937255859375
Polars,Student Exam,0.20.0,v0,10,Row/Column,0.052673,0.0027198791503906
Polars,Student Exam,0.20.0,v0,10,Row/Column,43.257884,1.2188489437103271
Polars,Student Exam,0.20.0,v0,10,Aggregation,0.003418,0.0006825923919677
Polars,Student Exam,0.20.0,v0,10,Aggregation,0.0,0.0007116794586181
Polars,Student Exam,0.20.0,v0,10,Aggregation,0.001648,0.0009567737579345
Polars,Student Exam,0.20.0,v0,10,Aggregation,0.001709,0.0009818077087402
Polars,Student Exam,0.20.0,v0,10,Aggregation,0.0,0.0008878707885742
Polars,Student Exam,0.20.0,v0,10,Row/Column,0.006775,0.001042366027832
Polars,Student Exam,0.20.0,v0,10,I/O,0.106993,0.0045535564422607
Polars,Student Exam,0.20.0,v0,10,I/O,0.917357,0.1123530864715576
Polars,Student Exam,0.20.0,v0,10,I/O,0.226074,0.0145473480224609
Polars,Student Exam,0.20.0,v0,10,I/O,0.099792,0.0123994350433349
Polars,Student Exam,0.20.0,v0,10,Missing,0.001526,0.000666856765747
Polars,Student Exam,0.20.0,v0,10,Missing,0.04126,0.0018491744995117
Polars,Student Exam,0.20.0,v0,10,Missing,0.035523,0.0023467540740966
Polars,Student Exam,0.20.0,v0,10,Row/Column,0.0,0.0006563663482666
Polars,Student Exam,0.20.0,v0,10,Aggregation,0.038269,0.0042271614074707
Polars,Student Exam,0.20.0,v0,10,Row/Column,0.040344,0.0050666332244873
Polars,Student Exam,0.20.0,v0,10,Row/Column,0.076659,0.0036923885345458
Polars,Student Exam,0.20.0,v0,10,Row/Column,44.026682,1.3013174533843994
Polars,Student Exam,0.20.0,v0,10,Aggregation,0.000915,0.0006740093231201
Polars,Student Exam,0.20.0,v0,10,Aggregation,0.0,0.0005445480346679
Polars,Student Exam,0.20.0,v0,10,Aggregation,0.005676,0.0009815692901611
Polars,Student Exam,0.20.0,v0,10,Aggregation,0.001465,0.0009856224060058
Polars,Student Exam,0.20.0,v0,10,Aggregation,0.006898,0.000941514968872
Polars,Student Exam,0.20.0,v0,10,Row/Column,0.004029,0.0010919570922851
Polars,Student Exam,0.20.0,v0,10,I/O,0.118529,0.0056002140045166
Polars,Student Exam,0.20.0,v0,10,I/O,0.946409,0.1161432266235351
Polars,Student Exam,0.20.0,v0,10,I/O,0.225341,0.0148677825927734
Polars,Student Exam,0.20.0,v0,10,I/O,0.103027,0.012643814086914
Polars,Student Exam,0.20.0,v0,10,Missing,0.0,0.0006318092346191
Polars,Student Exam,0.20.0,v0,10,Missing,0.04547,0.0022621154785156
Polars,Student Exam,0.20.0,v0,10,Missing,0.038087,0.002054214477539
Polars,Student Exam,0.20.0,v0,10,Row/Column,0.0,0.0005853176116943
Polars,Student Exam,0.20.0,v0,10,Aggregation,0.015808,0.002126932144165
Polars,Student Exam,0.20.0,v0,10,Row/Column,0.018859,0.0019392967224121
Polars,Student Exam,0.20.0,v0,10,Row/Column,0.078674,0.0029747486114501
Polars,Student Exam,0.20.0,v0,10,Row/Column,43.968149,1.2897753715515137
Polars,Student Exam,0.20.0,v0,10,Aggregation,0.000916,0.0006134510040283
Polars,Student Exam,0.20.0,v0,10,Aggregation,0.003417,0.0006918907165527
Polars,Student Exam,0.20.0,v0,10,Aggregation,0.008117,0.0010745525360107
Polars,Student Exam,0.20.0,v0,10,Aggregation,0.003663,0.0009536743164062
Polars,Student Exam,0.20.0,v0,10,Aggregation,0.0094,0.0009596347808837
Polars,Student Exam,0.20.0,v0,10,Row/Column,0.007324,0.0011072158813476
Polars,Student Exam,0.20.0,v0,10,I/O,0.111572,0.0045995712280273
Polars,Student Exam,0.20.0,v0,10,I/O,0.946409,0.1133062839508056
Polars,Student Exam,0.20.0,v0,10,I/O,0.233459,0.0152509212493896
Polars,Student Exam,0.20.0,v0,10,I/O,0.111022,0.0127041339874267
Polars,Student Exam,0.20.0,v0,10,Missing,0.0,0.0007998943328857
Polars,Student Exam,0.20.0,v0,10,Missing,0.024048,0.0017035007476806
Polars,Student Exam,0.20.0,v0,10,Missing,0.034423,0.0021321773529052
Polars,Student Exam,0.20.0,v0,10,Row/Column,0.0,0.0006463527679443
Polars,Student Exam,0.20.0,v0,10,Aggregation,0.024352,0.002725601196289
Polars,Student Exam,0.20.0,v0,10,Row/Column,0.019775,0.002004861831665
Polars,Student Exam,0.20.0,v0,10,Row/Column,0.050781,0.0028254985809326
Polars,Student Exam,0.20.0,v0,10,Row/Column,43.686106,1.3658976554870603
Polars,Student Exam,0.20.0,v0,10,Aggregation,0.0,0.0006804466247558
Polars,Student Exam,0.20.0,v0,10,Aggregation,0.0,0.000701904296875
Polars,Student Exam,0.20.0,v0,10,Aggregation,0.0047,0.0008106231689453
Polars,Student Exam,0.20.0,v0,10,Aggregation,0.001282,0.0007646083831787
Polars,Student Exam,0.20.0,v0,10,Aggregation,0.005128,0.0009903907775878
Polars,Student Exam,0.20.0,v0,10,Row/Column,0.002319,0.0010890960693359
Polars,Water Potability,1.31.0,v1,10,I/O,0.070617,0.004669189453125
Polars,Water Potability,1.31.0,v1,10,I/O,0.185241,0.0258791446685791
Polars,Water Potability,1.31.0,v1,10,I/O,0.063477,0.0112721920013427
Polars,Water Potability,1.31.0,v1,10,I/O,0.048645,0.0112345218658447
Polars,Water Potability,1.31.0,v1,10,Missing,0.045288,0.0110208988189697
Polars,Water Potability,1.31.0,v1,10,Missing,0.067016,0.011615514755249
Polars,Water Potability,1.31.0,v1,10,Missing,0.071045,0.0123584270477294
Polars,Water Potability,1.31.0,v1,10,Row/Column,0.019835,0.0071861743927001
Polars,Water Potability,1.31.0,v1,10,Aggregation,0.063965,0.011547565460205
Polars,Water Potability,1.31.0,v1,10,Row/Column,0.018492,0.0072371959686279
Polars,Water Potability,1.31.0,v1,10,Row/Column,0.028321,0.0078780651092529
Polars,Water Potability,1.31.0,v1,10,Row/Column,0.001465,0.0004744529724121
Polars,Water Potability,1.31.0,v1,10,Aggregation,0.022399,0.0069899559020996
Polars,Water Potability,1.31.0,v1,10,Aggregation,0.016419,0.0067536830902099
Polars,Water Potability,1.31.0,v1,10,Aggregation,0.023682,0.0074775218963623
Polars,Water Potability,1.31.0,v1,10,Aggregation,0.032776,0.0073182582855224
Polars,Water Potability,1.31.0,v1,10,Aggregation,0.0,0.0008244514465332
Polars,Water Potability,1.31.0,v1,10,Row/Column,0.026062,0.0083289146423339
Polars,Water Potability,1.31.0,v1,10,I/O,0.01477,0.0015163421630859
Polars,Water Potability,1.31.0,v1,10,I/O,0.076965,0.0100443363189697
Polars,Water Potability,1.31.0,v1,10,I/O,0.046692,0.0086421966552734
Polars,Water Potability,1.31.0,v1,10,I/O,0.033509,0.0041909217834472
Polars,Water Potability,1.31.0,v1,10,Missing,0.011414,0.0013425350189208
Polars,Water Potability,1.31.0,v1,10,Missing,0.033081,0.0020966529846191
Polars,Water Potability,1.31.0,v1,10,Missing,0.021912,0.0019378662109375
Polars,Water Potability,1.31.0,v1,10,Row/Column,0.004395,0.000669240951538
Polars,Water Potability,1.31.0,v1,10,Aggregation,0.01007,0.0019135475158691
Polars,Water Potability,1.31.0,v1,10,Row/Column,0.003541,0.000962495803833
Polars,Water Potability,1.31.0,v1,10,Row/Column,0.006958,0.0013446807861328
Polars,Water Potability,1.31.0,v1,10,Row/Column,0.001098,0.0005629062652587
Polars,Water Potability,1.31.0,v1,10,Aggregation,0.005798,0.0006499290466308
Polars,Water Potability,1.31.0,v1,10,Aggregation,0.0,0.0007057189941406
Polars,Water Potability,1.31.0,v1,10,Aggregation,0.001587,0.00099778175354
Polars,Water Potability,1.31.0,v1,10,Aggregation,0.006714,0.0009984970092773
Polars,Water Potability,1.31.0,v1,10,Aggregation,0.002014,0.0009489059448242
Polars,Water Potability,1.31.0,v1,10,Row/Column,0.007079,0.0008442401885986
Polars,Water Potability,1.31.0,v1,10,I/O,0.012573,0.0016372203826904
Polars,Water Potability,1.31.0,v1,10,I/O,0.058166,0.0099070072174072
Polars,Water Potability,1.31.0,v1,10,I/O,0.046875,0.0092647075653076
Polars,Water Potability,1.31.0,v1,10,I/O,0.037536,0.0041773319244384
Polars,Water Potability,1.31.0,v1,10,Missing,0.0047,0.0013365745544433
Polars,Water Potability,1.31.0,v1,10,Missing,0.015564,0.001875877380371
Polars,Water Potability,1.31.0,v1,10,Missing,0.029601,0.0019893646240234
Polars,Water Potability,1.31.0,v1,10,Row/Column,0.003174,0.0006754398345947
Polars,Water Potability,1.31.0,v1,10,Aggregation,0.008178,0.0017726421356201
Polars,Water Potability,1.31.0,v1,10,Row/Column,0.001404,0.0008637905120849
Polars,Water Potability,1.31.0,v1,10,Row/Column,0.009644,0.0012061595916748
Polars,Water Potability,1.31.0,v1,10,Row/Column,0.0,0.0005555152893066
Polars,Water Potability,1.31.0,v1,10,Aggregation,0.0,0.0007271766662597
Polars,Water Potability,1.31.0,v1,10,Aggregation,0.0,0.0006725788116455
Polars,Water Potability,1.31.0,v1,10,Aggregation,0.002075,0.0010249614715576
Polars,Water Potability,1.31.0,v1,10,Aggregation,0.004761,0.001000165939331
Polars,Water Potability,1.31.0,v1,10,Aggregation,0.003968,0.0010592937469482
Polars,Water Potability,1.31.0,v1,10,Row/Column,0.002746,0.0008580684661865
Polars,Water Potability,1.31.0,v1,10,I/O,0.013428,0.0016191005706787
Polars,Water Potability,1.31.0,v1,10,I/O,0.068175,0.0102374553680419
Polars,Water Potability,1.31.0,v1,10,I/O,0.03662,0.0091223716735839
Polars,Water Potability,1.31.0,v1,10,I/O,0.030273,0.0042140483856201
Polars,Water Potability,1.31.0,v1,10,Missing,0.009094,0.0013785362243652
Polars,Water Potability,1.31.0,v1,10,Missing,0.009766,0.0018591880798339
Polars,Water Potability,1.31.0,v1,10,Missing,0.03064,0.0019080638885498
Polars,Water Potability,1.31.0,v1,10,Row/Column,0.0,0.0005264282226562
Polars,Water Potability,1.31.0,v1,10,Aggregation,0.009399,0.0018553733825683
Polars,Water Potability,1.31.0,v1,10,Row/Column,0.004456,0.0007364749908447
Polars,Water Potability,1.31.0,v1,10,Row/Column,0.013001,0.001389741897583
Polars,Water Potability,1.31.0,v1,10,Row/Column,0.000855,0.0005621910095214
Polars,Water Potability,1.31.0,v1,10,Aggregation,0.0,0.0008008480072021
Polars,Water Potability,1.31.0,v1,10,Aggregation,0.0,0.0007061958312988
Polars,Water Potability,1.31.0,v1,10,Aggregation,0.0,0.000882863998413
Polars,Water Potability,1.31.0,v1,10,Aggregation,0.006225,0.0008177757263183
Polars,Water Potability,1.31.0,v1,10,Aggregation,0.003234,0.0009462833404541
Polars,Water Potability,1.31.0,v1,10,Row/Column,0.005004,0.0008721351623535
Polars,Water Potability,1.31.0,v1,10,I/O,0.022582,0.0015795230865478
Polars,Water Potability,1.31.0,v1,10,I/O,0.076172,0.0100090503692626
Polars,Water Potability,1.31.0,v1,10,I/O,0.041809,0.0089993476867675
Polars,Water Potability,1.31.0,v1,10,I/O,0.032592,0.004190444946289
Polars,Water Potability,1.31.0,v1,10,Missing,0.011169,0.0014340877532958
Polars,Water Potability,1.31.0,v1,10,Missing,0.009704,0.0018928050994873
Polars,Water Potability,1.31.0,v1,10,Missing,0.006714,0.0019631385803222
Polars,Water Potability,1.31.0,v1,10,Row/Column,0.0,0.0003340244293212
Polars,Water Potability,1.31.0,v1,10,Aggregation,0.008484,0.0015597343444824
Polars,Water Potability,1.31.0,v1,10,Row/Column,0.0,0.0006089210510253
Polars,Water Potability,1.31.0,v1,10,Row/Column,0.01416,0.0010952949523925
Polars,Water Potability,1.31.0,v1,10,Row/Column,0.0,0.0002801418304443
Polars,Water Potability,1.31.0,v1,10,Aggregation,0.0,0.0004858970642089
Polars,Water Potability,1.31.0,v1,10,Aggregation,0.002564,0.0003912448883056
Polars,Water Potability,1.31.0,v1,10,Aggregation,0.001281,0.0007205009460449
Polars,Water Potability,1.31.0,v1,10,Aggregation,0.004516,0.0010163784027099
Polars,Water Potability,1.31.0,v1,10,Aggregation,0.006287,0.0009539127349853
Polars,Water Potability,1.31.0,v1,10,Row/Column,0.005189,0.0008625984191894
Polars,Water Potability,1.31.0,v1,10,I/O,0.015625,0.0014445781707763
Polars,Water Potability,1.31.0,v1,10,I/O,0.071594,0.0099599361419677
Polars,Water Potability,1.31.0,v1,10,I/O,0.047119,0.009181261062622
Polars,Water Potability,1.31.0,v1,10,I/O,0.031739,0.0042259693145751
Polars,Water Potability,1.31.0,v1,10,Missing,0.009216,0.0012569427490234
Polars,Water Potability,1.31.0,v1,10,Missing,0.010254,0.0017426013946533
Polars,Water Potability,1.31.0,v1,10,Missing,0.010498,0.001716136932373
Polars,Water Potability,1.31.0,v1,10,Row/Column,0.0,0.0003185272216796
Polars,Water Potability,1.31.0,v1,10,Aggregation,0.01239,0.001521348953247
Polars,Water Potability,1.31.0,v1,10,Row/Column,0.0,0.0005786418914794
Polars,Water Potability,1.31.0,v1,10,Row/Column,0.001892,0.0009777545928955
Polars,Water Potability,1.31.0,v1,10,Row/Column,0.0,0.0004739761352539
Polars,Water Potability,1.31.0,v1,10,Aggregation,0.0,0.0004332065582275
Polars,Water Potability,1.31.0,v1,10,Aggregation,0.0,0.0003502368927001
Polars,Water Potability,1.31.0,v1,10,Aggregation,0.001037,0.0006322860717773
Polars,Water Potability,1.31.0,v1,10,Aggregation,0.0,0.0006239414215087
Polars,Water Potability,1.31.0,v1,10,Aggregation,0.008362,0.000969648361206
Polars,Water Potability,1.31.0,v1,10,Row/Column,0.0,0.0008556842803955
Polars,Water Potability,1.31.0,v1,10,I/O,0.007507,0.00162935256958
Polars,Water Potability,1.31.0,v1,10,I/O,0.059937,0.0098795890808105
Polars,Water Potability,1.31.0,v1,10,I/O,0.038391,0.0086042881011962
Polars,Water Potability,1.31.0,v1,10,I/O,0.034424,0.0041267871856689
Polars,Water Potability,1.31.0,v1,10,Missing,0.008483,0.0012645721435546
Polars,Water Potability,1.31.0,v1,10,Missing,0.008728,0.0018184185028076
Polars,Water Potability,1.31.0,v1,10,Missing,0.011841,0.0019311904907226
Polars,Water Potability,1.31.0,v1,10,Row/Column,0.0,0.000690221786499
Polars,Water Potability,1.31.0,v1,10,Aggregation,0.009583,0.001819372177124
Polars,Water Potability,1.31.0,v1,10,Row/Column,0.001526,0.0009453296661376
Polars,Water Potability,1.31.0,v1,10,Row/Column,0.010803,0.0012905597686767
Polars,Water Potability,1.31.0,v1,10,Row/Column,0.0,0.0005180835723876
Polars,Water Potability,1.31.0,v1,10,Aggregation,0.00525,0.0007755756378173
Polars,Water Potability,1.31.0,v1,10,Aggregation,0.002014,0.0007011890411376
Polars,Water Potability,1.31.0,v1,10,Aggregation,0.006653,0.0010685920715332
Polars,Water Potability,1.31.0,v1,10,Aggregation,0.005494,0.0009529590606689
Polars,Water Potability,1.31.0,v1,10,Aggregation,0.0,0.0008802413940429
Polars,Water Potability,1.31.0,v1,10,Row/Column,0.0,0.0007147789001464
Polars,Water Potability,1.31.0,v1,10,I/O,0.009155,0.0016283988952636
Polars,Water Potability,1.31.0,v1,10,I/O,0.067261,0.0094656944274902
Polars,Water Potability,1.31.0,v1,10,I/O,0.036315,0.0086524486541748
Polars,Water Potability,1.31.0,v1,10,I/O,0.03302,0.0041837692260742
Polars,Water Potability,1.31.0,v1,10,Missing,0.010193,0.0014066696166992
Polars,Water Potability,1.31.0,v1,10,Missing,0.010376,0.00191330909729
Polars,Water Potability,1.31.0,v1,10,Missing,0.023682,0.0019576549530029
Polars,Water Potability,1.31.0,v1,10,Row/Column,0.0,0.0006744861602783
Polars,Water Potability,1.31.0,v1,10,Aggregation,0.014771,0.001838207244873
Polars,Water Potability,1.31.0,v1,10,Row/Column,0.009095,0.0007929801940917
Polars,Water Potability,1.31.0,v1,10,Row/Column,0.01117,0.001220703125
Polars,Water Potability,1.31.0,v1,10,Row/Column,0.0,0.0002672672271728
Polars,Water Potability,1.31.0,v1,10,Aggregation,0.0,0.0007867813110351
Polars,Water Potability,1.31.0,v1,10,Aggregation,0.0,0.0007100105285644
Polars,Water Potability,1.31.0,v1,10,Aggregation,0.009766,0.0010516643524169
Polars,Water Potability,1.31.0,v1,10,Aggregation,0.002929,0.000819444656372
Polars,Water Potability,1.31.0,v1,10,Aggregation,0.004029,0.000880479812622
Polars,Water Potability,1.31.0,v1,10,Row/Column,0.0,0.0008161067962646
Polars,Water Potability,1.31.0,v1,10,I/O,0.005737,0.0015788078308105
Polars,Water Potability,1.31.0,v1,10,I/O,0.07312,0.0097403526306152
Polars,Water Potability,1.31.0,v1,10,I/O,0.045349,0.0085258483886718
Polars,Water Potability,1.31.0,v1,10,I/O,0.026367,0.0042002201080322
Polars,Water Potability,1.31.0,v1,10,Missing,0.007324,0.0012691020965576
Polars,Water Potability,1.31.0,v1,10,Missing,0.025879,0.0018651485443115
Polars,Water Potability,1.31.0,v1,10,Missing,0.029541,0.001840591430664
Polars,Water Potability,1.31.0,v1,10,Row/Column,0.003235,0.0006244182586669
Polars,Water Potability,1.31.0,v1,10,Aggregation,0.007691,0.0018656253814697
Polars,Water Potability,1.31.0,v1,10,Row/Column,0.0,0.0005943775177001
Polars,Water Potability,1.31.0,v1,10,Row/Column,0.00177,0.000917911529541
Polars,Water Potability,1.31.0,v1,10,Row/Column,0.0,0.0005614757537841
Polars,Water Potability,1.31.0,v1,10,Aggregation,0.0,0.0006897449493408
Polars,Water Potability,1.31.0,v1,10,Aggregation,0.0,0.0006988048553466
Polars,Water Potability,1.31.0,v1,10,Aggregation,0.001587,0.0009779930114746
Polars,Water Potability,1.31.0,v1,10,Aggregation,0.0,0.000964879989624
Polars,Water Potability,1.31.0,v1,10,Aggregation,0.009826,0.0010969638824462
Polars,Water Potability,1.31.0,v1,10,Row/Column,0.0,0.0008563995361328
Polars,Water Potability,1.31.0,v1,10,I/O,0.010315,0.0016000270843505
Polars,Water Potability,1.31.0,v1,10,I/O,0.073729,0.0101983547210693
Polars,Water Potability,1.31.0,v1,10,I/O,0.048278,0.0092236995697021
Polars,Water Potability,1.31.0,v1,10,I/O,0.032228,0.0041985511779785
Polars,Water Potability,1.31.0,v1,10,Missing,0.009888,0.001326560974121
Polars,Water Potability,1.31.0,v1,10,Missing,0.008789,0.0018975734710693
Polars,Water Potability,1.31.0,v1,10,Missing,0.031311,0.001955509185791
Polars,Water Potability,1.31.0,v1,10,Row/Column,0.0,0.0006744861602783
Polars,Water Potability,1.31.0,v1,10,Aggregation,0.008729,0.0018172264099121
Polars,Water Potability,1.31.0,v1,10,Row/Column,0.005493,0.0009260177612304
Polars,Water Potability,1.31.0,v1,10,Row/Column,0.013367,0.0012779235839843
Polars,Water Potability,1.31.0,v1,10,Row/Column,0.0,0.000558853149414
Polars,Water Potability,1.31.0,v1,10,Aggregation,0.006165,0.0007882118225097
Polars,Water Potability,1.31.0,v1,10,Aggregation,0.0,0.0006999969482421
Polars,Water Potability,1.31.0,v1,10,Aggregation,0.001526,0.0009839534759521
Polars,Water Potability,1.31.0,v1,10,Aggregation,0.003662,0.0009539127349853
Polars,Water Potability,1.31.0,v1,10,Aggregation,0.0,0.0006361007690429
Polars,Water Potability,1.31.0,v1,10,Row/Column,0.002136,0.0004794597625732
Polars,Water Potability,1.0.0,v2,10,I/O,0.06018,0.0050618648529052
Polars,Water Potability,1.0.0,v2,10,I/O,0.071716,0.0114827156066894
Polars,Water Potability,1.0.0,v2,10,I/O,0.026611,0.0080721378326416
Polars,Water Potability,1.0.0,v2,10,I/O,0.023316,0.003202199935913
Polars,Water Potability,1.0.0,v2,10,Missing,0.076965,0.0162911415100097
Polars,Water Potability,1.0.0,v2,10,Missing,0.04065,0.0096392631530761
Polars,Water Potability,1.0.0,v2,10,Missing,0.036255,0.0093088150024414
Polars,Water Potability,1.0.0,v2,10,Row/Column,0.013611,0.0068836212158203
Polars,Water Potability,1.0.0,v2,10,Aggregation,0.048706,0.0102736949920654
Polars,Water Potability,1.0.0,v2,10,Row/Column,0.012329,0.006718635559082
Polars,Water Potability,1.0.0,v2,10,Row/Column,0.02008,0.0069572925567626
Polars,Water Potability,1.0.0,v2,10,Row/Column,0.0,0.0005807876586914
Polars,Water Potability,1.0.0,v2,10,Aggregation,0.016906,0.0070245265960693
Polars,Water Potability,1.0.0,v2,10,Aggregation,0.019654,0.0073664188385009
Polars,Water Potability,1.0.0,v2,10,Aggregation,0.017394,0.0073161125183105
Polars,Water Potability,1.0.0,v2,10,Aggregation,0.029602,0.0071027278900146
Polars,Water Potability,1.0.0,v2,10,Aggregation,0.001282,0.0009267330169677
Polars,Water Potability,1.0.0,v2,10,Row/Column,0.027099,0.0071103572845458
Polars,Water Potability,1.0.0,v2,10,I/O,0.009216,0.0014252662658691
Polars,Water Potability,1.0.0,v2,10,I/O,0.075623,0.0101771354675292
Polars,Water Potability,1.0.0,v2,10,I/O,0.035523,0.008631944656372
Polars,Water Potability,1.0.0,v2,10,I/O,0.025268,0.0032792091369628
Polars,Water Potability,1.0.0,v2,10,Missing,0.0,0.000861644744873
Polars,Water Potability,1.0.0,v2,10,Missing,0.002929,0.0010104179382324
Polars,Water Potability,1.0.0,v2,10,Missing,0.004455,0.0009717941284179
Polars,Water Potability,1.0.0,v2,10,Row/Column,0.0,0.000645637512207
Polars,Water Potability,1.0.0,v2,10,Aggregation,0.009948,0.0009665489196777
Polars,Water Potability,1.0.0,v2,10,Row/Column,0.0,0.0006783008575439
Polars,Water Potability,1.0.0,v2,10,Row/Column,0.001587,0.0009405612945556
Polars,Water Potability,1.0.0,v2,10,Row/Column,0.001586,0.0005764961242675
Polars,Water Potability,1.0.0,v2,10,Aggregation,0.001403,0.0007531642913818
Polars,Water Potability,1.0.0,v2,10,Aggregation,0.0,0.0006802082061767
Polars,Water Potability,1.0.0,v2,10,Aggregation,0.008301,0.000917911529541
Polars,Water Potability,1.0.0,v2,10,Aggregation,0.0,0.0008511543273925
Polars,Water Potability,1.0.0,v2,10,Aggregation,0.001404,0.0008578300476074
Polars,Water Potability,1.0.0,v2,10,Row/Column,0.002136,0.0007343292236328
Polars,Water Potability,1.0.0,v2,10,I/O,0.009094,0.0012850761413574
Polars,Water Potability,1.0.0,v2,10,I/O,0.068664,0.0095558166503906
Polars,Water Potability,1.0.0,v2,10,I/O,0.031677,0.0081493854522705
Polars,Water Potability,1.0.0,v2,10,I/O,0.023316,0.0035827159881591
Polars,Water Potability,1.0.0,v2,10,Missing,0.0,0.0008513927459716
Polars,Water Potability,1.0.0,v2,10,Missing,0.009705,0.0009481906890869
Polars,Water Potability,1.0.0,v2,10,Missing,0.004089,0.0010130405426025
Polars,Water Potability,1.0.0,v2,10,Row/Column,0.0,0.0006589889526367
Polars,Water Potability,1.0.0,v2,10,Aggregation,0.001526,0.00103759765625
Polars,Water Potability,1.0.0,v2,10,Row/Column,0.000916,0.0007247924804687
Polars,Water Potability,1.0.0,v2,10,Row/Column,0.005615,0.0010409355163574
Polars,Water Potability,1.0.0,v2,10,Row/Column,0.0,0.0005910396575927
Polars,Water Potability,1.0.0,v2,10,Aggregation,0.0,0.0007760524749755
Polars,Water Potability,1.0.0,v2,10,Aggregation,0.002075,0.000680923461914
Polars,Water Potability,1.0.0,v2,10,Aggregation,0.00299,0.0008833408355712
Polars,Water Potability,1.0.0,v2,10,Aggregation,0.002869,0.0008611679077148
Polars,Water Potability,1.0.0,v2,10,Aggregation,0.002136,0.0008671283721923
Polars,Water Potability,1.0.0,v2,10,Row/Column,0.0047,0.0007376670837402
Polars,Water Potability,1.0.0,v2,10,I/O,0.018493,0.0013344287872314
Polars,Water Potability,1.0.0,v2,10,I/O,0.047669,0.0101857185363769
Polars,Water Potability,1.0.0,v2,10,I/O,0.025574,0.0082893371582031
Polars,Water Potability,1.0.0,v2,10,I/O,0.019347,0.0032589435577392
Polars,Water Potability,1.0.0,v2,10,Missing,0.0,0.000648021697998
Polars,Water Potability,1.0.0,v2,10,Missing,0.001648,0.0009808540344238
Polars,Water Potability,1.0.0,v2,10,Missing,0.008423,0.0010647773742675
Polars,Water Potability,1.0.0,v2,10,Row/Column,0.0,0.0003168582916259
Polars,Water Potability,1.0.0,v2,10,Aggregation,0.0,0.0007457733154296
Polars,Water Potability,1.0.0,v2,10,Row/Column,0.0,0.0006866455078125
Polars,Water Potability,1.0.0,v2,10,Row/Column,0.011475,0.0010371208190917
Polars,Water Potability,1.0.0,v2,10,Row/Column,0.0,0.0005910396575927
Polars,Water Potability,1.0.0,v2,10,Aggregation,0.001953,0.0007340908050537
Polars,Water Potability,1.0.0,v2,10,Aggregation,0.000915,0.0006885528564453
Polars,Water Potability,1.0.0,v2,10,Aggregation,0.0,0.0008561611175537
Polars,Water Potability,1.0.0,v2,10,Aggregation,0.006714,0.000551700592041
Polars,Water Potability,1.0.0,v2,10,Aggregation,0.0,0.0005655288696289
Polars,Water Potability,1.0.0,v2,10,Row/Column,0.0,0.0004053115844726
Polars,Water Potability,1.0.0,v2,10,I/O,0.022705,0.0011713504791259
Polars,Water Potability,1.0.0,v2,10,I/O,0.041748,0.0098128318786621
Polars,Water Potability,1.0.0,v2,10,I/O,0.031249,0.0079607963562011
Polars,Water Potability,1.0.0,v2,10,I/O,0.025085,0.0032527446746826
Polars,Water Potability,1.0.0,v2,10,Missing,0.002014,0.0008468627929687
Polars,Water Potability,1.0.0,v2,10,Missing,0.002441,0.0010073184967041
Polars,Water Potability,1.0.0,v2,10,Missing,0.008301,0.0010287761688232
Polars,Water Potability,1.0.0,v2,10,Row/Column,0.0,0.0006630420684814
Polars,Water Potability,1.0.0,v2,10,Aggregation,0.012512,0.0010137557983398
Polars,Water Potability,1.0.0,v2,10,Row/Column,0.0,0.0007534027099609
Polars,Water Potability,1.0.0,v2,10,Row/Column,0.009277,0.0011522769927978
Polars,Water Potability,1.0.0,v2,10,Row/Column,0.0,0.0005843639373779
Polars,Water Potability,1.0.0,v2,10,Aggregation,0.008363,0.0007684230804443
Polars,Water Potability,1.0.0,v2,10,Aggregation,0.0,0.0006811618804931
Polars,Water Potability,1.0.0,v2,10,Aggregation,0.001526,0.0009143352508544
Polars,Water Potability,1.0.0,v2,10,Aggregation,0.0,0.0008649826049804
Polars,Water Potability,1.0.0,v2,10,Aggregation,0.001464,0.0009756088256835
Polars,Water Potability,1.0.0,v2,10,Row/Column,0.0,0.0005774497985839
Polars,Water Potability,1.0.0,v2,10,I/O,0.009888,0.0014393329620361
Polars,Water Potability,1.0.0,v2,10,I/O,0.082824,0.0109415054321289
Polars,Water Potability,1.0.0,v2,10,I/O,0.040893,0.0083925724029541
Polars,Water Potability,1.0.0,v2,10,I/O,0.027161,0.0036227703094482
Polars,Water Potability,1.0.0,v2,10,Missing,0.0,0.0008454322814941
Polars,Water Potability,1.0.0,v2,10,Missing,0.010132,0.0009853839874267
Polars,Water Potability,1.0.0,v2,10,Missing,0.002625,0.0008566379547119
Polars,Water Potability,1.0.0,v2,10,Row/Column,0.001649,0.0006496906280517
Polars,Water Potability,1.0.0,v2,10,Aggregation,0.002869,0.0009748935699462
Polars,Water Potability,1.0.0,v2,10,Row/Column,0.0,0.0007305145263671
Polars,Water Potability,1.0.0,v2,10,Row/Column,0.00708,0.0010838508605957
Polars,Water Potability,1.0.0,v2,10,Row/Column,0.0,0.000589370727539
Polars,Water Potability,1.0.0,v2,10,Aggregation,0.002441,0.0004119873046875
Polars,Water Potability,1.0.0,v2,10,Aggregation,0.0,0.0003175735473632
Polars,Water Potability,1.0.0,v2,10,Aggregation,0.0,0.0005311965942382
Polars,Water Potability,1.0.0,v2,10,Aggregation,0.0,0.000533103942871
Polars,Water Potability,1.0.0,v2,10,Aggregation,0.0,0.0005469322204589
Polars,Water Potability,1.0.0,v2,10,Row/Column,0.000855,0.0005755424499511
Polars,Water Potability,1.0.0,v2,10,I/O,0.009094,0.001345157623291
Polars,Water Potability,1.0.0,v2,10,I/O,0.067566,0.0104010105133056
Polars,Water Potability,1.0.0,v2,10,I/O,0.031189,0.0083067417144775
Polars,Water Potability,1.0.0,v2,10,I/O,0.024354,0.00370454788208
Polars,Water Potability,1.0.0,v2,10,Missing,0.0,0.0008478164672851
Polars,Water Potability,1.0.0,v2,10,Missing,0.007935,0.0010993480682373
Polars,Water Potability,1.0.0,v2,10,Missing,0.010132,0.0010101795196533
Polars,Water Potability,1.0.0,v2,10,Row/Column,0.001953,0.0003519058227539
Polars,Water Potability,1.0.0,v2,10,Aggregation,0.003968,0.0007917881011962
Polars,Water Potability,1.0.0,v2,10,Row/Column,0.0,0.0004215240478515
Polars,Water Potability,1.0.0,v2,10,Row/Column,0.0,0.0008792877197265
Polars,Water Potability,1.0.0,v2,10,Row/Column,0.0,0.0002896785736083
Polars,Water Potability,1.0.0,v2,10,Aggregation,0.001526,0.0007705688476562
Polars,Water Potability,1.0.0,v2,10,Aggregation,0.0,0.0006756782531738
Polars,Water Potability,1.0.0,v2,10,Aggregation,0.001831,0.0008950233459472
Polars,Water Potability,1.0.0,v2,10,Aggregation,0.002563,0.0008718967437744
Polars,Water Potability,1.0.0,v2,10,Aggregation,0.000794,0.0006310939788818
Polars,Water Potability,1.0.0,v2,10,Row/Column,0.00525,0.0007226467132568
Polars,Water Potability,1.0.0,v2,10,I/O,0.013062,0.0011196136474609
Polars,Water Potability,1.0.0,v2,10,I/O,0.050842,0.0105979442596435
Polars,Water Potability,1.0.0,v2,10,I/O,0.031861,0.0087347030639648
Polars,Water Potability,1.0.0,v2,10,I/O,0.026856,0.0036506652832031
Polars,Water Potability,1.0.0,v2,10,Missing,0.003235,0.0009012222290039
Polars,Water Potability,1.0.0,v2,10,Missing,0.007446,0.0010302066802978
Polars,Water Potability,1.0.0,v2,10,Missing,0.010193,0.0010452270507812
Polars,Water Potability,1.0.0,v2,10,Row/Column,0.002014,0.0002768039703369
Polars,Water Potability,1.0.0,v2,10,Aggregation,0.00238,0.0009284019470214
Polars,Water Potability,1.0.0,v2,10,Row/Column,0.001342,0.0003631114959716
Polars,Water Potability,1.0.0,v2,10,Row/Column,0.006042,0.0007941722869873
Polars,Water Potability,1.0.0,v2,10,Row/Column,0.00116,0.0005862712860107
Polars,Water Potability,1.0.0,v2,10,Aggregation,0.0,0.0004348754882812
Polars,Water Potability,1.0.0,v2,10,Aggregation,0.0,0.0003132820129394
Polars,Water Potability,1.0.0,v2,10,Aggregation,0.001099,0.0005409717559814
Polars,Water Potability,1.0.0,v2,10,Aggregation,0.0,0.0005412101745605
Polars,Water Potability,1.0.0,v2,10,Aggregation,0.004272,0.0008485317230224
Polars,Water Potability,1.0.0,v2,10,Row/Column,0.00177,0.0007333755493164
Polars,Water Potability,1.0.0,v2,10,I/O,0.008545,0.0013778209686279
Polars,Water Potability,1.0.0,v2,10,I/O,0.073242,0.0101919174194335
Polars,Water Potability,1.0.0,v2,10,I/O,0.020325,0.0082588195800781
Polars,Water Potability,1.0.0,v2,10,I/O,0.02649,0.0034830570220947
Polars,Water Potability,1.0.0,v2,10,Missing,0.004638,0.0008938312530517
Polars,Water Potability,1.0.0,v2,10,Missing,0.014954,0.001317024230957
Polars,Water Potability,1.0.0,v2,10,Missing,0.009826,0.0010535717010498
Polars,Water Potability,1.0.0,v2,10,Row/Column,0.0,0.0006284713745117
Polars,Water Potability,1.0.0,v2,10,Aggregation,0.002624,0.0011377334594726
Polars,Water Potability,1.0.0,v2,10,Row/Column,0.003296,0.0007531642913818
Polars,Water Potability,1.0.0,v2,10,Row/Column,0.004394,0.0011289119720458
Polars,Water Potability,1.0.0,v2,10,Row/Column,0.002868,0.00059175491333
Polars,Water Potability,1.0.0,v2,10,Aggregation,0.0,0.000758409500122
Polars,Water Potability,1.0.0,v2,10,Aggregation,0.005433,0.0006186962127685
Polars,Water Potability,1.0.0,v2,10,Aggregation,0.00647,0.0008471012115478
Polars,Water Potability,1.0.0,v2,10,Aggregation,0.007996,0.0009098052978515
Polars,Water Potability,1.0.0,v2,10,Aggregation,0.006042,0.0009102821350097
Polars,Water Potability,1.0.0,v2,10,Row/Column,0.0,0.0008153915405273
Polars,Water Potability,1.0.0,v2,10,I/O,0.009461,0.001443862915039
Polars,Water Potability,1.0.0,v2,10,I/O,0.067933,0.0103111267089843
Polars,Water Potability,1.0.0,v2,10,I/O,0.025939,0.008289098739624
Polars,Water Potability,1.0.0,v2,10,I/O,0.021545,0.003288984298706
Polars,Water Potability,1.0.0,v2,10,Missing,0.001648,0.0005512237548828
Polars,Water Potability,1.0.0,v2,10,Missing,0.007751,0.0011215209960937
Polars,Water Potability,1.0.0,v2,10,Missing,0.003968,0.0010349750518798
Polars,Water Potability,1.0.0,v2,10,Row/Column,0.0,0.0006403923034667
Polars,Water Potability,1.0.0,v2,10,Aggregation,0.010132,0.001089334487915
Polars,Water Potability,1.0.0,v2,10,Row/Column,0.003662,0.0007524490356445
Polars,Water Potability,1.0.0,v2,10,Row/Column,0.007386,0.0008976459503173
Polars,Water Potability,1.0.0,v2,10,Row/Column,0.002807,0.0005831718444824
Polars,Water Potability,1.0.0,v2,10,Aggregation,0.0,0.0007655620574951
Polars,Water Potability,1.0.0,v2,10,Aggregation,0.004456,0.0006418228149414
Polars,Water Potability,1.0.0,v2,10,Aggregation,0.002686,0.0009124279022216
Polars,Water Potability,1.0.0,v2,10,Aggregation,0.001526,0.0008695125579833
Polars,Water Potability,1.0.0,v2,10,Aggregation,0.0,0.0008718967437744
Polars,Water Potability,1.0.0,v2,10,Row/Column,0.0,0.0007472038269042
Polars,Water Potability,0.20.0,v0,10,I/O,0.07135,0.0045764446258544
Polars,Water Potability,0.20.0,v0,10,I/O,0.056151,0.0109105110168457
Polars,Water Potability,0.20.0,v0,10,I/O,0.031555,0.0083148479461669
Polars,Water Potability,0.20.0,v0,10,I/O,0.038269,0.0099472999572753
Polars,Water Potability,0.20.0,v0,10,Missing,0.047119,0.0125510692596435
Polars,Water Potability,0.20.0,v0,10,Missing,0.051085,0.0099685192108154
Polars,Water Potability,0.20.0,v0,10,Missing,0.036132,0.0093235969543457
Polars,Water Potability,0.20.0,v0,10,Row/Column,0.017395,0.0070321559906005
Polars,Water Potability,0.20.0,v0,10,Aggregation,0.056945,0.0132958889007568
Polars,Water Potability,0.20.0,v0,10,Row/Column,0.016113,0.0071406364440917
Polars,Water Potability,0.20.0,v0,10,Row/Column,0.026307,0.0075066089630126
Polars,Water Potability,0.20.0,v0,10,Row/Column,0.0,0.0005702972412109
Polars,Water Potability,0.20.0,v0,10,Aggregation,0.0,0.0006818771362304
Polars,Water Potability,0.20.0,v0,10,Aggregation,0.026489,0.0069637298583984
Polars,Water Potability,0.20.0,v0,10,Aggregation,0.017822,0.0075457096099853
Polars,Water Potability,0.20.0,v0,10,Aggregation,0.004944,0.0009047985076904
Polars,Water Potability,0.20.0,v0,10,Aggregation,0.003113,0.0008871555328369
Polars,Water Potability,0.20.0,v0,10,Row/Column,0.020202,0.0083718299865722
Polars,Water Potability,0.20.0,v0,10,I/O,0.008362,0.0014326572418212
Polars,Water Potability,0.20.0,v0,10,I/O,0.075682,0.0098898410797119
Polars,Water Potability,0.20.0,v0,10,I/O,0.037718,0.0090270042419433
Polars,Water Potability,0.20.0,v0,10,I/O,0.031921,0.0037548542022705
Polars,Water Potability,0.20.0,v0,10,Missing,0.0,0.0008261203765869
Polars,Water Potability,0.20.0,v0,10,Missing,0.006226,0.0009031295776367
Polars,Water Potability,0.20.0,v0,10,Missing,0.009887,0.0011475086212158
Polars,Water Potability,0.20.0,v0,10,Row/Column,0.002076,0.0006587505340576
Polars,Water Potability,0.20.0,v0,10,Aggregation,0.006531,0.0015976428985595
Polars,Water Potability,0.20.0,v0,10,Row/Column,0.007079,0.000917911529541
Polars,Water Potability,0.20.0,v0,10,Row/Column,0.008057,0.0010864734649658
Polars,Water Potability,0.20.0,v0,10,Row/Column,0.0,0.0005841255187988
Polars,Water Potability,0.20.0,v0,10,Aggregation,0.003173,0.0006704330444335
Polars,Water Potability,0.20.0,v0,10,Aggregation,0.003784,0.0006806850433349
Polars,Water Potability,0.20.0,v0,10,Aggregation,0.000977,0.0007669925689697
Polars,Water Potability,0.20.0,v0,10,Aggregation,0.0,0.000730276107788
Polars,Water Potability,0.20.0,v0,10,Aggregation,0.0,0.0007495880126953
Polars,Water Potability,0.20.0,v0,10,Row/Column,0.0,0.0007281303405761
Polars,Water Potability,0.20.0,v0,10,I/O,0.009094,0.0013954639434814
Polars,Water Potability,0.20.0,v0,10,I/O,0.076477,0.0102038383483886
Polars,Water Potability,0.20.0,v0,10,I/O,0.0401,0.0087337493896484
Polars,Water Potability,0.20.0,v0,10,I/O,0.024963,0.0034611225128173
Polars,Water Potability,0.20.0,v0,10,Missing,0.003418,0.0006978511810302
Polars,Water Potability,0.20.0,v0,10,Missing,0.003296,0.000838279724121
Polars,Water Potability,0.20.0,v0,10,Missing,0.004089,0.0010507106781005
Polars,Water Potability,0.20.0,v0,10,Row/Column,0.002502,0.0006499290466308
Polars,Water Potability,0.20.0,v0,10,Aggregation,0.005067,0.0014276504516601
Polars,Water Potability,0.20.0,v0,10,Row/Column,0.004456,0.0007996559143066
Polars,Water Potability,0.20.0,v0,10,Row/Column,0.011902,0.0011107921600341
Polars,Water Potability,0.20.0,v0,10,Row/Column,0.00708,0.0005795955657958
Polars,Water Potability,0.20.0,v0,10,Aggregation,0.002258,0.0006678104400634
Polars,Water Potability,0.20.0,v0,10,Aggregation,0.0,0.0006773471832275
Polars,Water Potability,0.20.0,v0,10,Aggregation,0.006348,0.0009548664093017
Polars,Water Potability,0.20.0,v0,10,Aggregation,0.005981,0.0008554458618164
Polars,Water Potability,0.20.0,v0,10,Aggregation,0.001526,0.0009198188781738
Polars,Water Potability,0.20.0,v0,10,Row/Column,0.0,0.0007100105285644
Polars,Water Potability,0.20.0,v0,10,I/O,0.010315,0.0013148784637451
Polars,Water Potability,0.20.0,v0,10,I/O,0.061828,0.0099859237670898
Polars,Water Potability,0.20.0,v0,10,I/O,0.040466,0.0082156658172607
Polars,Water Potability,0.20.0,v0,10,I/O,0.02539,0.0032143592834472
Polars,Water Potability,0.20.0,v0,10,Missing,0.002442,0.0007140636444091
Polars,Water Potability,0.20.0,v0,10,Missing,0.0,0.0007257461547851
Polars,Water Potability,0.20.0,v0,10,Missing,0.005065,0.0011584758758544
Polars,Water Potability,0.20.0,v0,10,Row/Column,0.0,0.0003480911254882
Polars,Water Potability,0.20.0,v0,10,Aggregation,0.002563,0.0011200904846191
Polars,Water Potability,0.20.0,v0,10,Row/Column,0.0,0.000455617904663
Polars,Water Potability,0.20.0,v0,10,Row/Column,0.008057,0.0006823539733886
Polars,Water Potability,0.20.0,v0,10,Row/Column,0.003418,0.0005931854248046
Polars,Water Potability,0.20.0,v0,10,Aggregation,0.00238,0.0006711483001708
Polars,Water Potability,0.20.0,v0,10,Aggregation,0.002441,0.0006749629974365
Polars,Water Potability,0.20.0,v0,10,Aggregation,0.004943,0.0009284019470214
Polars,Water Potability,0.20.0,v0,10,Aggregation,0.0,0.0006468296051025
Polars,Water Potability,0.20.0,v0,10,Aggregation,0.001465,0.0009291172027587
Polars,Water Potability,0.20.0,v0,10,Row/Column,0.0,0.0006506443023681
Polars,Water Potability,0.20.0,v0,10,I/O,0.023009,0.0014407634735107
Polars,Water Potability,0.20.0,v0,10,I/O,0.078674,0.010103702545166
Polars,Water Potability,0.20.0,v0,10,I/O,0.044678,0.0082089900970458
Polars,Water Potability,0.20.0,v0,10,I/O,0.024109,0.0031673908233642
Polars,Water Potability,0.20.0,v0,10,Missing,0.001892,0.000382661819458
Polars,Water Potability,0.20.0,v0,10,Missing,0.007935,0.0005230903625488
Polars,Water Potability,0.20.0,v0,10,Missing,0.0,0.0006537437438964
Polars,Water Potability,0.20.0,v0,10,Row/Column,0.0,0.0004825592041015
Polars,Water Potability,0.20.0,v0,10,Aggregation,0.00891,0.0012524127960205
Polars,Water Potability,0.20.0,v0,10,Row/Column,0.003296,0.0007901191711425
Polars,Water Potability,0.20.0,v0,10,Row/Column,0.011536,0.0009398460388183
Polars,Water Potability,0.20.0,v0,10,Row/Column,0.002015,0.0005748271942138
Polars,Water Potability,0.20.0,v0,10,Aggregation,0.0,0.0006802082061767
Polars,Water Potability,0.20.0,v0,10,Aggregation,0.002015,0.0006690025329589
Polars,Water Potability,0.20.0,v0,10,Aggregation,0.008972,0.0009300708770751
Polars,Water Potability,0.20.0,v0,10,Aggregation,0.001465,0.0009746551513671
Polars,Water Potability,0.20.0,v0,10,Aggregation,0.001526,0.0009372234344482
Polars,Water Potability,0.20.0,v0,10,Row/Column,0.0,0.0003919601440429
Polars,Water Potability,0.20.0,v0,10,I/O,0.017395,0.0011708736419677
Polars,Water Potability,0.20.0,v0,10,I/O,0.045776,0.0098657608032226
Polars,Water Potability,0.20.0,v0,10,I/O,0.0318,0.0083239078521728
Polars,Water Potability,0.20.0,v0,10,I/O,0.022766,0.003199815750122
Polars,Water Potability,0.20.0,v0,10,Missing,0.002686,0.0003502368927001
Polars,Water Potability,0.20.0,v0,10,Missing,0.004578,0.0004711151123046
Polars,Water Potability,0.20.0,v0,10,Missing,0.003234,0.0010337829589843
Polars,Water Potability,0.20.0,v0,10,Row/Column,0.0,0.000638723373413
Polars,Water Potability,0.20.0,v0,10,Aggregation,0.004638,0.0012867450714111
Polars,Water Potability,0.20.0,v0,10,Row/Column,0.001221,0.000420331954956
Polars,Water Potability,0.20.0,v0,10,Row/Column,0.00232,0.0006411075592041
Polars,Water Potability,0.20.0,v0,10,Row/Column,0.0,0.0002810955047607
Polars,Water Potability,0.20.0,v0,10,Aggregation,0.001037,0.0006730556488037
Polars,Water Potability,0.20.0,v0,10,Aggregation,0.006165,0.0007016658782958
Polars,Water Potability,0.20.0,v0,10,Aggregation,0.001526,0.0009701251983642
Polars,Water Potability,0.20.0,v0,10,Aggregation,0.001465,0.0009167194366455
Polars,Water Potability,0.20.0,v0,10,Aggregation,0.008178,0.0009407997131347
Polars,Water Potability,0.20.0,v0,10,Row/Column,0.0,0.0003919601440429
Polars,Water Potability,0.20.0,v0,10,I/O,0.016174,0.0012440681457519
Polars,Water Potability,0.20.0,v0,10,I/O,0.056518,0.0096580982208251
Polars,Water Potability,0.20.0,v0,10,I/O,0.032165,0.0087330341339111
Polars,Water Potability,0.20.0,v0,10,I/O,0.017211,0.002817153930664
Polars,Water Potability,0.20.0,v0,10,Missing,0.002563,0.0003333091735839
Polars,Water Potability,0.20.0,v0,10,Missing,0.00238,0.0004770755767822
Polars,Water Potability,0.20.0,v0,10,Missing,0.010498,0.0014095306396484
Polars,Water Potability,0.20.0,v0,10,Row/Column,0.0,0.0003044605255126
Polars,Water Potability,0.20.0,v0,10,Aggregation,0.007934,0.0012266635894775
Polars,Water Potability,0.20.0,v0,10,Row/Column,0.001953,0.0005533695220947
Polars,Water Potability,0.20.0,v0,10,Row/Column,0.0,0.0007789134979248
Polars,Water Potability,0.20.0,v0,10,Row/Column,0.001343,0.0003175735473632
Polars,Water Potability,0.20.0,v0,10,Aggregation,0.003724,0.0006628036499023
Polars,Water Potability,0.20.0,v0,10,Aggregation,0.00238,0.0006191730499267
Polars,Water Potability,0.20.0,v0,10,Aggregation,0.0,0.0009071826934814
Polars,Water Potability,0.20.0,v0,10,Aggregation,0.005798,0.0009350776672363
Polars,Water Potability,0.20.0,v0,10,Aggregation,0.002807,0.0009157657623291
Polars,Water Potability,0.20.0,v0,10,Row/Column,0.0,0.0008101463317871
Polars,Water Potability,0.20.0,v0,10,I/O,0.008668,0.001474380493164
Polars,Water Potability,0.20.0,v0,10,I/O,0.072511,0.0099942684173583
Polars,Water Potability,0.20.0,v0,10,I/O,0.045409,0.0090341567993164
Polars,Water Potability,0.20.0,v0,10,I/O,0.023498,0.0036897659301757
Polars,Water Potability,0.20.0,v0,10,Missing,0.0,0.0006773471832275
Polars,Water Potability,0.20.0,v0,10,Missing,0.002197,0.0007905960083007
Polars,Water Potability,0.20.0,v0,10,Missing,0.007874,0.0010623931884765
Polars,Water Potability,0.20.0,v0,10,Row/Column,0.0,0.0005600452423095
Polars,Water Potability,0.20.0,v0,10,Aggregation,0.009949,0.0017504692077636
Polars,Water Potability,0.20.0,v0,10,Row/Column,0.002196,0.0009305477142333
Polars,Water Potability,0.20.0,v0,10,Row/Column,0.00293,0.001063585281372
Polars,Water Potability,0.20.0,v0,10,Row/Column,0.0,0.0005772113800048
Polars,Water Potability,0.20.0,v0,10,Aggregation,0.0,0.0006823539733886
Polars,Water Potability,0.20.0,v0,10,Aggregation,0.002502,0.0006639957427978
Polars,Water Potability,0.20.0,v0,10,Aggregation,0.002319,0.0008685588836669
Polars,Water Potability,0.20.0,v0,10,Aggregation,0.002075,0.0009055137634277
Polars,Water Potability,0.20.0,v0,10,Aggregation,0.0,0.0008366107940673
Polars,Water Potability,0.20.0,v0,10,Row/Column,0.0083,0.0007503032684326
Polars,Water Potability,0.20.0,v0,10,I/O,0.010071,0.0015630722045898
Polars,Water Potability,0.20.0,v0,10,I/O,0.078797,0.0100111961364746
Polars,Water Potability,0.20.0,v0,10,I/O,0.039185,0.0092048645019531
Polars,Water Potability,0.20.0,v0,10,I/O,0.032897,0.0036346912384033
Polars,Water Potability,0.20.0,v0,10,Missing,0.00116,0.0007188320159912
Polars,Water Potability,0.20.0,v0,10,Missing,0.0,0.0008182525634765
Polars,Water Potability,0.20.0,v0,10,Missing,0.009399,0.0009846687316894
Polars,Water Potability,0.20.0,v0,10,Row/Column,0.006042,0.0006771087646484
Polars,Water Potability,0.20.0,v0,10,Aggregation,0.007079,0.0016989707946777
Polars,Water Potability,0.20.0,v0,10,Row/Column,0.0,0.000842809677124
Polars,Water Potability,0.20.0,v0,10,Row/Column,0.010071,0.0010280609130859
Polars,Water Potability,0.20.0,v0,10,Row/Column,0.0,0.0005853176116943
Polars,Water Potability,0.20.0,v0,10,Aggregation,0.0,0.0006642341613769
Polars,Water Potability,0.20.0,v0,10,Aggregation,0.0,0.0006656646728515
Polars,Water Potability,0.20.0,v0,10,Aggregation,0.001465,0.0008914470672607
Polars,Water Potability,0.20.0,v0,10,Aggregation,0.001465,0.000882863998413
Polars,Water Potability,0.20.0,v0,10,Aggregation,0.007996,0.0010652542114257
Polars,Water Potability,0.20.0,v0,10,Row/Column,0.002259,0.0007333755493164
Polars,Water Potability,0.20.0,v0,10,I/O,0.01001,0.0014138221740722
Polars,Water Potability,0.20.0,v0,10,I/O,0.072999,0.010000467300415
Polars,Water Potability,0.20.0,v0,10,I/O,0.030578,0.0083374977111816
Polars,Water Potability,0.20.0,v0,10,I/O,0.027342,0.0036556720733642
Polars,Water Potability,0.20.0,v0,10,Missing,0.004944,0.000678539276123
Polars,Water Potability,0.20.0,v0,10,Missing,0.005982,0.0008230209350585
Polars,Water Potability,0.20.0,v0,10,Missing,0.010315,0.0010731220245361
Polars,Water Potability,0.20.0,v0,10,Row/Column,0.006898,0.0006542205810546
Polars,Water Potability,0.20.0,v0,10,Aggregation,0.00714,0.001436710357666
Polars,Water Potability,0.20.0,v0,10,Row/Column,0.0,0.000840425491333
Polars,Water Potability,0.20.0,v0,10,Row/Column,0.008606,0.0010943412780761
Polars,Water Potability,0.20.0,v0,10,Row/Column,0.0,0.0005862712860107
Polars,Water Potability,0.20.0,v0,10,Aggregation,0.0,0.0006868839263916
Polars,Water Potability,0.20.0,v0,10,Aggregation,0.006837,0.0005743503570556
Polars,Water Potability,0.20.0,v0,10,Aggregation,0.001343,0.0009081363677978
Polars,Water Potability,0.20.0,v0,10,Aggregation,0.002563,0.0009586811065673
Polars,Water Potability,0.20.0,v0,10,Aggregation,0.001832,0.0009174346923828
Polars,Water Potability,0.20.0,v0,10,Row/Column,0.0,0.0004770755767822
Vaex,Adult,4.13.0,v1,10,I/O,0.849119,0.0886878967285156
Vaex,Adult,4.13.0,v1,10,I/O,3.302787,0.376312255859375
Vaex,Adult,4.13.0,v1,10,I/O,1.692013,0.1954686641693115
Vaex,Adult,4.13.0,v1,10,I/O,1.072751,0.1159870624542236
Vaex,Adult,4.13.0,v1,10,Missing,0.008423,0.001373291015625
Vaex,Adult,4.13.0,v1,10,Missing,0.140441,0.0222392082214355
Vaex,Adult,4.13.0,v1,10,Missing,0.125487,0.0149765014648437
Vaex,Adult,4.13.0,v1,10,Missing,0.003905,0.0011641979217529
Vaex,Adult,4.13.0,v1,10,Row/Column,0.007996,0.0015630722045898
Vaex,Adult,4.13.0,v1,10,Aggregation,0.328489,0.0237793922424316
Vaex,Adult,4.13.0,v1,10,Row/Column,0.030639,0.009326696395874
Vaex,Adult,4.13.0,v1,10,Row/Column,0.045958,0.0112116336822509
Vaex,Adult,4.13.0,v1,10,Row/Column,0.0495,0.0113425254821777
Vaex,Adult,4.13.0,v1,10,Aggregation,0.06189,0.0127556324005126
Vaex,Adult,4.13.0,v1,10,Aggregation,0.041992,0.0051779747009277
Vaex,Adult,4.13.0,v1,10,Aggregation,0.06073,0.0064926147460937
Vaex,Adult,4.13.0,v1,10,Aggregation,0.075867,0.0131149291992187
Vaex,Adult,4.13.0,v1,10,Aggregation,0.057373,0.006188154220581
Vaex,Adult,4.13.0,v1,10,Row/Column,0.08783,0.0133485794067382
Vaex,Adult,4.13.0,v1,10,I/O,0.744871,0.0777564048767089
Vaex,Adult,4.13.0,v1,10,I/O,2.983879,0.3288869857788086
Vaex,Adult,4.13.0,v1,10,I/O,1.820858,0.2078771591186523
Vaex,Adult,4.13.0,v1,10,I/O,1.127683,0.1268465518951416
Vaex,Adult,4.13.0,v1,10,Missing,0.009095,0.0015275478363037
Vaex,Adult,4.13.0,v1,10,Missing,0.069762,0.0088908672332763
Vaex,Adult,4.13.0,v1,10,Missing,0.133606,0.0155544281005859
Vaex,Adult,4.13.0,v1,10,Missing,0.007691,0.001150369644165
Vaex,Adult,4.13.0,v1,10,Row/Column,0.006836,0.0012195110321044
Vaex,Adult,4.13.0,v1,10,Aggregation,0.267333,0.0215430259704589
Vaex,Adult,4.13.0,v1,10,Row/Column,0.016846,0.0019648075103759
Vaex,Adult,4.13.0,v1,10,Row/Column,0.016724,0.0025017261505126
Vaex,Adult,4.13.0,v1,10,Row/Column,0.031005,0.0044145584106445
Vaex,Adult,4.13.0,v1,10,Aggregation,0.065857,0.0130789279937744
Vaex,Adult,4.13.0,v1,10,Aggregation,0.047302,0.0050437450408935
Vaex,Adult,4.13.0,v1,10,Aggregation,0.051576,0.0062232017517089
Vaex,Adult,4.13.0,v1,10,Aggregation,0.052856,0.0060477256774902
Vaex,Adult,4.13.0,v1,10,Aggregation,0.054871,0.0060498714447021
Vaex,Adult,4.13.0,v1,10,Row/Column,0.055541,0.005742073059082
Vaex,Adult,4.13.0,v1,10,I/O,0.754759,0.07930588722229
Vaex,Adult,4.13.0,v1,10,I/O,3.045708,0.3404967784881592
Vaex,Adult,4.13.0,v1,10,I/O,1.847773,0.2006051540374755
Vaex,Adult,4.13.0,v1,10,I/O,1.172543,0.1283254623413086
Vaex,Adult,4.13.0,v1,10,Missing,0.006775,0.0015361309051513
Vaex,Adult,4.13.0,v1,10,Missing,0.075195,0.008805513381958
Vaex,Adult,4.13.0,v1,10,Missing,0.125793,0.0146393775939941
Vaex,Adult,4.13.0,v1,10,Missing,0.001587,0.0009467601776123
Vaex,Adult,4.13.0,v1,10,Row/Column,0.008239,0.0015821456909179
Vaex,Adult,4.13.0,v1,10,Aggregation,0.262146,0.0213046073913574
Vaex,Adult,4.13.0,v1,10,Row/Column,0.013488,0.0019774436950683
Vaex,Adult,4.13.0,v1,10,Row/Column,0.017151,0.0024337768554687
Vaex,Adult,4.13.0,v1,10,Row/Column,0.036804,0.0040934085845947
Vaex,Adult,4.13.0,v1,10,Aggregation,0.067383,0.0127978324890136
Vaex,Adult,4.13.0,v1,10,Aggregation,0.04718,0.0051565170288085
Vaex,Adult,4.13.0,v1,10,Aggregation,0.066834,0.0079028606414794
Vaex,Adult,4.13.0,v1,10,Aggregation,0.055603,0.006019115447998
Vaex,Adult,4.13.0,v1,10,Aggregation,0.049866,0.0058498382568359
Vaex,Adult,4.13.0,v1,10,Row/Column,0.049134,0.0055625438690185
Vaex,Adult,4.13.0,v1,10,I/O,0.745664,0.0777931213378906
Vaex,Adult,4.13.0,v1,10,I/O,2.941215,0.3270177841186523
Vaex,Adult,4.13.0,v1,10,I/O,1.760615,0.2039718627929687
Vaex,Adult,4.13.0,v1,10,I/O,1.198972,0.1329529285430908
Vaex,Adult,4.13.0,v1,10,Missing,0.010131,0.0015034675598144
Vaex,Adult,4.13.0,v1,10,Missing,0.065857,0.008796215057373
Vaex,Adult,4.13.0,v1,10,Missing,0.123473,0.0146148204803466
Vaex,Adult,4.13.0,v1,10,Missing,0.008545,0.0011627674102783
Vaex,Adult,4.13.0,v1,10,Row/Column,0.007568,0.0015428066253662
Vaex,Adult,4.13.0,v1,10,Aggregation,0.260986,0.0219485759735107
Vaex,Adult,4.13.0,v1,10,Row/Column,0.008118,0.0016615390777587
Vaex,Adult,4.13.0,v1,10,Row/Column,0.020752,0.0021359920501708
Vaex,Adult,4.13.0,v1,10,Row/Column,0.032837,0.0041403770446777
Vaex,Adult,4.13.0,v1,10,Aggregation,0.062989,0.0126419067382812
Vaex,Adult,4.13.0,v1,10,Aggregation,0.046204,0.0050911903381347
Vaex,Adult,4.13.0,v1,10,Aggregation,0.053588,0.0064260959625244
Vaex,Adult,4.13.0,v1,10,Aggregation,0.054686,0.0060696601867675
Vaex,Adult,4.13.0,v1,10,Aggregation,0.044556,0.0058231353759765
Vaex,Adult,4.13.0,v1,10,Row/Column,0.050659,0.0058832168579101
Vaex,Adult,4.13.0,v1,10,I/O,0.738219,0.0790698528289794
Vaex,Adult,4.13.0,v1,10,I/O,2.945671,0.3285210132598877
Vaex,Adult,4.13.0,v1,10,I/O,1.74316,0.2006947994232177
Vaex,Adult,4.13.0,v1,10,I/O,1.178951,0.1325387954711914
Vaex,Adult,4.13.0,v1,10,Missing,0.007813,0.0015528202056884
Vaex,Adult,4.13.0,v1,10,Missing,0.069092,0.0089151859283447
Vaex,Adult,4.13.0,v1,10,Missing,0.786741,0.0973579883575439
Vaex,Adult,4.13.0,v1,10,Missing,0.00885,0.0011539459228515
Vaex,Adult,4.13.0,v1,10,Row/Column,0.007629,0.0015432834625244
Vaex,Adult,4.13.0,v1,10,Aggregation,0.256957,0.0211744308471679
Vaex,Adult,4.13.0,v1,10,Row/Column,0.012024,0.0019421577453613
Vaex,Adult,4.13.0,v1,10,Row/Column,0.014953,0.0024402141571044
Vaex,Adult,4.13.0,v1,10,Row/Column,0.036499,0.004361867904663
Vaex,Adult,4.13.0,v1,10,Aggregation,0.07196,0.0120623111724853
Vaex,Adult,4.13.0,v1,10,Aggregation,0.046387,0.0051736831665039
Vaex,Adult,4.13.0,v1,10,Aggregation,0.05426,0.0060391426086425
Vaex,Adult,4.13.0,v1,10,Aggregation,0.054077,0.0062110424041748
Vaex,Adult,4.13.0,v1,10,Aggregation,0.047119,0.00584077835083
Vaex,Adult,4.13.0,v1,10,Row/Column,0.048277,0.0057570934295654
Vaex,Adult,4.13.0,v1,10,I/O,0.732359,0.0791330337524414
Vaex,Adult,4.13.0,v1,10,I/O,2.914543,0.3242998123168945
Vaex,Adult,4.13.0,v1,10,I/O,1.702205,0.195157766342163
Vaex,Adult,4.13.0,v1,10,I/O,1.15759,0.1210432052612304
Vaex,Adult,4.13.0,v1,10,Missing,0.00763,0.0015151500701904
Vaex,Adult,4.13.0,v1,10,Missing,0.067322,0.0087523460388183
Vaex,Adult,4.13.0,v1,10,Missing,0.133117,0.0145380496978759
Vaex,Adult,4.13.0,v1,10,Missing,0.006958,0.001164436340332
Vaex,Adult,4.13.0,v1,10,Row/Column,0.007262,0.0015583038330078
Vaex,Adult,4.13.0,v1,10,Aggregation,0.263366,0.0208041667938232
Vaex,Adult,4.13.0,v1,10,Row/Column,0.006654,0.0018084049224853
Vaex,Adult,4.13.0,v1,10,Row/Column,0.017579,0.0024161338806152
Vaex,Adult,4.13.0,v1,10,Row/Column,0.035889,0.0041830539703369
Vaex,Adult,4.13.0,v1,10,Aggregation,0.06726,0.0125126838684082
Vaex,Adult,4.13.0,v1,10,Aggregation,0.046204,0.0047953128814697
Vaex,Adult,4.13.0,v1,10,Aggregation,0.058045,0.0065240859985351
Vaex,Adult,4.13.0,v1,10,Aggregation,0.072877,0.0080244541168212
Vaex,Adult,4.13.0,v1,10,Aggregation,0.049072,0.0057666301727294
Vaex,Adult,4.13.0,v1,10,Row/Column,0.050476,0.0056757926940917
Vaex,Adult,4.13.0,v1,10,I/O,0.725462,0.0778501033782959
Vaex,Adult,4.13.0,v1,10,I/O,2.88842,0.3243319988250732
Vaex,Adult,4.13.0,v1,10,I/O,1.64648,0.1920933723449707
Vaex,Adult,4.13.0,v1,10,I/O,1.088986,0.1189243793487548
Vaex,Adult,4.13.0,v1,10,Missing,0.009949,0.0015180110931396
Vaex,Adult,4.13.0,v1,10,Missing,0.071167,0.0087695121765136
Vaex,Adult,4.13.0,v1,10,Missing,0.12616,0.0146646499633789
Vaex,Adult,4.13.0,v1,10,Missing,0.00824,0.0011765956878662
Vaex,Adult,4.13.0,v1,10,Row/Column,0.008423,0.0014991760253906
Vaex,Adult,4.13.0,v1,10,Aggregation,0.251464,0.02099609375
Vaex,Adult,4.13.0,v1,10,Row/Column,0.009095,0.0019705295562744
Vaex,Adult,4.13.0,v1,10,Row/Column,0.026916,0.0038850307464599
Vaex,Adult,4.13.0,v1,10,Row/Column,0.031677,0.0043566226959228
Vaex,Adult,4.13.0,v1,10,Aggregation,0.058166,0.0124413967132568
Vaex,Adult,4.13.0,v1,10,Aggregation,0.04596,0.005141258239746
Vaex,Adult,4.13.0,v1,10,Aggregation,0.057923,0.0064401626586914
Vaex,Adult,4.13.0,v1,10,Aggregation,0.055909,0.0062899589538574
Vaex,Adult,4.13.0,v1,10,Aggregation,0.046021,0.0058443546295166
Vaex,Adult,4.13.0,v1,10,Row/Column,0.050414,0.0055155754089355
Vaex,Adult,4.13.0,v1,10,I/O,0.743651,0.0790295600891113
Vaex,Adult,4.13.0,v1,10,I/O,3.012321,0.3382630348205566
Vaex,Adult,4.13.0,v1,10,I/O,1.67004,0.1935081481933593
Vaex,Adult,4.13.0,v1,10,I/O,1.113035,0.1223628520965576
Vaex,Adult,4.13.0,v1,10,Missing,0.010803,0.0015699863433837
Vaex,Adult,4.13.0,v1,10,Missing,0.070312,0.0087871551513671
Vaex,Adult,4.13.0,v1,10,Missing,0.128662,0.0155539512634277
Vaex,Adult,4.13.0,v1,10,Missing,0.008361,0.0009694099426269
Vaex,Adult,4.13.0,v1,10,Row/Column,0.00885,0.0015575885772705
Vaex,Adult,4.13.0,v1,10,Aggregation,0.264405,0.0211033821105957
Vaex,Adult,4.13.0,v1,10,Row/Column,0.017761,0.0019581317901611
Vaex,Adult,4.13.0,v1,10,Row/Column,0.01825,0.0023090839385986
Vaex,Adult,4.13.0,v1,10,Row/Column,0.034241,0.0044291019439697
Vaex,Adult,4.13.0,v1,10,Aggregation,0.063172,0.0129523277282714
Vaex,Adult,4.13.0,v1,10,Aggregation,0.045593,0.0051088333129882
Vaex,Adult,4.13.0,v1,10,Aggregation,0.055663,0.0062181949615478
Vaex,Adult,4.13.0,v1,10,Aggregation,0.055786,0.0060822963714599
Vaex,Adult,4.13.0,v1,10,Aggregation,0.055541,0.0060939788818359
Vaex,Adult,4.13.0,v1,10,Row/Column,0.050781,0.0056245326995849
Vaex,Adult,4.13.0,v1,10,I/O,0.726683,0.077693223953247
Vaex,Adult,4.13.0,v1,10,I/O,3.007744,0.3258037567138672
Vaex,Adult,4.13.0,v1,10,I/O,1.697017,0.1943519115447998
Vaex,Adult,4.13.0,v1,10,I/O,1.16174,0.1252880096435547
Vaex,Adult,4.13.0,v1,10,Missing,0.010315,0.0015904903411865
Vaex,Adult,4.13.0,v1,10,Missing,0.074096,0.0088927745819091
Vaex,Adult,4.13.0,v1,10,Missing,0.122864,0.014615774154663
Vaex,Adult,4.13.0,v1,10,Missing,0.008484,0.0011036396026611
Vaex,Adult,4.13.0,v1,10,Row/Column,0.00824,0.0012567043304443
Vaex,Adult,4.13.0,v1,10,Aggregation,0.256408,0.0208609104156494
Vaex,Adult,4.13.0,v1,10,Row/Column,0.017273,0.0019829273223876
Vaex,Adult,4.13.0,v1,10,Row/Column,0.016419,0.002371072769165
Vaex,Adult,4.13.0,v1,10,Row/Column,0.038147,0.0043790340423583
Vaex,Adult,4.13.0,v1,10,Aggregation,0.071534,0.0125255584716796
Vaex,Adult,4.13.0,v1,10,Aggregation,0.047973,0.005049705505371
Vaex,Adult,4.13.0,v1,10,Aggregation,0.056763,0.0065371990203857
Vaex,Adult,4.13.0,v1,10,Aggregation,0.052123,0.006265640258789
Vaex,Adult,4.13.0,v1,10,Aggregation,0.075562,0.0080080032348632
Vaex,Adult,4.13.0,v1,10,Row/Column,0.048401,0.0054147243499755
Vaex,Adult,4.13.0,v1,10,I/O,0.754088,0.080500841140747
Vaex,Adult,4.13.0,v1,10,I/O,2.966667,0.3251886367797851
Vaex,Adult,4.13.0,v1,10,I/O,1.700984,0.193411111831665
Vaex,Adult,4.13.0,v1,10,I/O,1.120113,0.1215147972106933
Vaex,Adult,4.13.0,v1,10,Missing,0.008118,0.001549482345581
Vaex,Adult,4.13.0,v1,10,Missing,0.078858,0.0088415145874023
Vaex,Adult,4.13.0,v1,10,Missing,0.126403,0.0145380496978759
Vaex,Adult,4.13.0,v1,10,Missing,0.0,0.0008203983306884
Vaex,Adult,4.13.0,v1,10,Row/Column,0.008484,0.001213788986206
Vaex,Adult,4.13.0,v1,10,Aggregation,0.256103,0.0209219455718994
Vaex,Adult,4.13.0,v1,10,Row/Column,0.01593,0.001997947692871
Vaex,Adult,4.13.0,v1,10,Row/Column,0.017274,0.0024850368499755
Vaex,Adult,4.13.0,v1,10,Row/Column,0.042662,0.005695104598999
Vaex,Adult,4.13.0,v1,10,Aggregation,0.610472,0.0781812667846679
Vaex,Adult,4.13.0,v1,10,Aggregation,0.037049,0.0048205852508544
Vaex,Adult,4.13.0,v1,10,Aggregation,0.04895,0.0060634613037109
Vaex,Adult,4.13.0,v1,10,Aggregation,0.046386,0.0056159496307373
Vaex,Adult,4.13.0,v1,10,Aggregation,0.049011,0.0054383277893066
Vaex,Adult,4.13.0,v1,10,Row/Column,0.047973,0.0053849220275878
Vaex,Adult,4.15.0,v2,10,I/O,0.80499,0.0802438259124755
Vaex,Adult,4.15.0,v2,10,I/O,3.036003,0.3346140384674072
Vaex,Adult,4.15.0,v2,10,I/O,1.462094,0.1631836891174316
Vaex,Adult,4.15.0,v2,10,I/O,1.06799,0.1134035587310791
Vaex,Adult,4.15.0,v2,10,Missing,0.006348,0.0012347698211669
Vaex,Adult,4.15.0,v2,10,Missing,0.141602,0.022228717803955
Vaex,Adult,4.15.0,v2,10,Missing,0.121155,0.0138118267059326
Vaex,Adult,4.15.0,v2,10,Missing,0.007263,0.0011255741119384
Vaex,Adult,4.15.0,v2,10,Row/Column,0.008667,0.0013713836669921
Vaex,Adult,4.15.0,v2,10,Aggregation,0.33667,0.0236117839813232
Vaex,Adult,4.15.0,v2,10,Row/Column,0.041015,0.0099947452545166
Vaex,Adult,4.15.0,v2,10,Row/Column,0.051148,0.0113496780395507
Vaex,Adult,4.15.0,v2,10,Row/Column,0.050903,0.0108721256256103
Vaex,Adult,4.15.0,v2,10,Aggregation,0.057557,0.0116903781890869
Vaex,Adult,4.15.0,v2,10,Aggregation,0.047547,0.0051894187927246
Vaex,Adult,4.15.0,v2,10,Aggregation,0.058472,0.0066251754760742
Vaex,Adult,4.15.0,v2,10,Aggregation,0.085204,0.0131070613861083
Vaex,Adult,4.15.0,v2,10,Aggregation,0.055724,0.0062448978424072
Vaex,Adult,4.15.0,v2,10,Row/Column,0.083313,0.0135929584503173
Vaex,Adult,4.15.0,v2,10,I/O,0.641845,0.0641288757324218
Vaex,Adult,4.15.0,v2,10,I/O,2.686882,0.2875916957855224
Vaex,Adult,4.15.0,v2,10,I/O,1.47424,0.1660933494567871
Vaex,Adult,4.15.0,v2,10,I/O,1.036374,0.1101651191711425
Vaex,Adult,4.15.0,v2,10,Missing,0.016236,0.001997947692871
Vaex,Adult,4.15.0,v2,10,Missing,0.068359,0.0079965591430664
Vaex,Adult,4.15.0,v2,10,Missing,0.117248,0.0137228965759277
Vaex,Adult,4.15.0,v2,10,Missing,0.003113,0.0011186599731445
Vaex,Adult,4.15.0,v2,10,Row/Column,0.006103,0.001340627670288
Vaex,Adult,4.15.0,v2,10,Aggregation,0.165223,0.0180084705352783
Vaex,Adult,4.15.0,v2,10,Row/Column,0.007752,0.0016422271728515
Vaex,Adult,4.15.0,v2,10,Row/Column,0.016723,0.0020933151245117
Vaex,Adult,4.15.0,v2,10,Row/Column,0.027893,0.0038950443267822
Vaex,Adult,4.15.0,v2,10,Aggregation,0.055603,0.0115270614624023
Vaex,Adult,4.15.0,v2,10,Aggregation,0.049683,0.0052225589752197
Vaex,Adult,4.15.0,v2,10,Aggregation,0.059021,0.0060992240905761
Vaex,Adult,4.15.0,v2,10,Aggregation,0.054077,0.006113052368164
Vaex,Adult,4.15.0,v2,10,Aggregation,0.047607,0.005990982055664
Vaex,Adult,4.15.0,v2,10,Row/Column,0.047913,0.0058100223541259
Vaex,Adult,4.15.0,v2,10,I/O,0.665038,0.0656414031982421
Vaex,Adult,4.15.0,v2,10,I/O,2.634942,0.2837731838226318
Vaex,Adult,4.15.0,v2,10,I/O,1.529354,0.1701514720916748
Vaex,Adult,4.15.0,v2,10,I/O,1.116453,0.1178319454193115
Vaex,Adult,4.15.0,v2,10,Missing,0.00769,0.0012741088867187
Vaex,Adult,4.15.0,v2,10,Missing,0.06781,0.0082063674926757
Vaex,Adult,4.15.0,v2,10,Missing,0.118164,0.0139784812927246
Vaex,Adult,4.15.0,v2,10,Missing,0.001771,0.0011305809020996
Vaex,Adult,4.15.0,v2,10,Row/Column,0.007691,0.0013787746429443
Vaex,Adult,4.15.0,v2,10,Aggregation,0.1651,0.0180056095123291
Vaex,Adult,4.15.0,v2,10,Row/Column,0.01184,0.0018327236175537
Vaex,Adult,4.15.0,v2,10,Row/Column,0.016052,0.0023016929626464
Vaex,Adult,4.15.0,v2,10,Row/Column,0.032225,0.0040764808654785
Vaex,Adult,4.15.0,v2,10,Aggregation,0.056763,0.0113434791564941
Vaex,Adult,4.15.0,v2,10,Aggregation,0.055908,0.0065796375274658
Vaex,Adult,4.15.0,v2,10,Aggregation,0.060242,0.0062329769134521
Vaex,Adult,4.15.0,v2,10,Aggregation,0.055603,0.0060212612152099
Vaex,Adult,4.15.0,v2,10,Aggregation,0.060607,0.0062873363494873
Vaex,Adult,4.15.0,v2,10,Row/Column,0.057372,0.0059576034545898
Vaex,Adult,4.15.0,v2,10,I/O,0.65399,0.0648963451385498
Vaex,Adult,4.15.0,v2,10,I/O,2.656793,0.2875721454620361
Vaex,Adult,4.15.0,v2,10,I/O,1.50433,0.1710009574890136
Vaex,Adult,4.15.0,v2,10,I/O,1.134457,0.1200790405273437
Vaex,Adult,4.15.0,v2,10,Missing,0.006348,0.0012753009796142
Vaex,Adult,4.15.0,v2,10,Missing,0.06781,0.0081863403320312
Vaex,Adult,4.15.0,v2,10,Missing,0.125305,0.0146369934082031
Vaex,Adult,4.15.0,v2,10,Missing,0.008423,0.0010683536529541
Vaex,Adult,4.15.0,v2,10,Row/Column,0.008117,0.0013403892517089
Vaex,Adult,4.15.0,v2,10,Aggregation,0.166992,0.0174007415771484
Vaex,Adult,4.15.0,v2,10,Row/Column,0.008789,0.0017943382263183
Vaex,Adult,4.15.0,v2,10,Row/Column,0.019653,0.0021059513092041
Vaex,Adult,4.15.0,v2,10,Row/Column,0.034302,0.0040376186370849
Vaex,Adult,4.15.0,v2,10,Aggregation,0.05481,0.0113446712493896
Vaex,Adult,4.15.0,v2,10,Aggregation,0.045288,0.005228042602539
Vaex,Adult,4.15.0,v2,10,Aggregation,0.054504,0.0064053535461425
Vaex,Adult,4.15.0,v2,10,Aggregation,0.05127,0.0061843395233154
Vaex,Adult,4.15.0,v2,10,Aggregation,0.056275,0.0060541629791259
Vaex,Adult,4.15.0,v2,10,Row/Column,0.049378,0.0057911872863769
Vaex,Adult,4.15.0,v2,10,I/O,0.632201,0.064892292022705
Vaex,Adult,4.15.0,v2,10,I/O,2.686455,0.2897839546203613
Vaex,Adult,4.15.0,v2,10,I/O,1.487668,0.1680643558502197
Vaex,Adult,4.15.0,v2,10,I/O,1.103025,0.1191580295562744
Vaex,Adult,4.15.0,v2,10,Missing,0.528319,0.0627260208129882
Vaex,Adult,4.15.0,v2,10,Missing,0.062438,0.0076794624328613
Vaex,Adult,4.15.0,v2,10,Missing,0.115478,0.013247013092041
Vaex,Adult,4.15.0,v2,10,Missing,0.00116,0.0007848739624023
Vaex,Adult,4.15.0,v2,10,Row/Column,0.008179,0.0013239383697509
Vaex,Adult,4.15.0,v2,10,Aggregation,0.163025,0.0177736282348632
Vaex,Adult,4.15.0,v2,10,Row/Column,0.012939,0.0017938613891601
Vaex,Adult,4.15.0,v2,10,Row/Column,0.014343,0.0022730827331542
Vaex,Adult,4.15.0,v2,10,Row/Column,0.033875,0.0040309429168701
Vaex,Adult,4.15.0,v2,10,Aggregation,0.057433,0.0116341114044189
Vaex,Adult,4.15.0,v2,10,Aggregation,0.04657,0.0051689147949218
Vaex,Adult,4.15.0,v2,10,Aggregation,0.055542,0.0062272548675537
Vaex,Adult,4.15.0,v2,10,Aggregation,0.049012,0.0061993598937988
Vaex,Adult,4.15.0,v2,10,Aggregation,0.052429,0.0060095787048339
Vaex,Adult,4.15.0,v2,10,Row/Column,0.054077,0.0058832168579101
Vaex,Adult,4.15.0,v2,10,I/O,0.646849,0.0657896995544433
Vaex,Adult,4.15.0,v2,10,I/O,2.614679,0.2852623462677002
Vaex,Adult,4.15.0,v2,10,I/O,1.4613,0.1650476455688476
Vaex,Adult,4.15.0,v2,10,I/O,1.03314,0.1132683753967285
Vaex,Adult,4.15.0,v2,10,Missing,0.00647,0.001258373260498
Vaex,Adult,4.15.0,v2,10,Missing,0.06842,0.0080213546752929
Vaex,Adult,4.15.0,v2,10,Missing,0.125854,0.0137345790863037
Vaex,Adult,4.15.0,v2,10,Missing,0.012085,0.0011341571807861
Vaex,Adult,4.15.0,v2,10,Row/Column,0.007324,0.0010595321655273
Vaex,Adult,4.15.0,v2,10,Aggregation,0.159485,0.0175235271453857
Vaex,Adult,4.15.0,v2,10,Row/Column,0.010254,0.0014829635620117
Vaex,Adult,4.15.0,v2,10,Row/Column,0.010803,0.0019681453704833
Vaex,Adult,4.15.0,v2,10,Row/Column,0.036804,0.0041582584381103
Vaex,Adult,4.15.0,v2,10,Aggregation,0.064698,0.0126588344573974
Vaex,Adult,4.15.0,v2,10,Aggregation,0.038818,0.0049331188201904
Vaex,Adult,4.15.0,v2,10,Aggregation,0.054138,0.0059764385223388
Vaex,Adult,4.15.0,v2,10,Aggregation,0.052551,0.0057373046875
Vaex,Adult,4.15.0,v2,10,Aggregation,0.05603,0.0060243606567382
Vaex,Adult,4.15.0,v2,10,Row/Column,0.048524,0.0054528713226318
Vaex,Adult,4.15.0,v2,10,I/O,0.646482,0.0647432804107666
Vaex,Adult,4.15.0,v2,10,I/O,2.613519,0.2790307998657226
Vaex,Adult,4.15.0,v2,10,I/O,1.419858,0.1614489555358886
Vaex,Adult,4.15.0,v2,10,I/O,1.020445,0.1106963157653808
Vaex,Adult,4.15.0,v2,10,Missing,0.010987,0.0012366771697998
Vaex,Adult,4.15.0,v2,10,Missing,0.06659,0.0080068111419677
Vaex,Adult,4.15.0,v2,10,Missing,0.123351,0.0145149230957031
Vaex,Adult,4.15.0,v2,10,Missing,0.007874,0.0011231899261474
Vaex,Adult,4.15.0,v2,10,Row/Column,0.008179,0.0013544559478759
Vaex,Adult,4.15.0,v2,10,Aggregation,0.161499,0.0177710056304931
Vaex,Adult,4.15.0,v2,10,Row/Column,0.00885,0.0014832019805908
Vaex,Adult,4.15.0,v2,10,Row/Column,0.011353,0.0019617080688476
Vaex,Adult,4.15.0,v2,10,Row/Column,0.034302,0.0039722919464111
Vaex,Adult,4.15.0,v2,10,Aggregation,0.052368,0.0116171836853027
Vaex,Adult,4.15.0,v2,10,Aggregation,0.038146,0.0049796104431152
Vaex,Adult,4.15.0,v2,10,Aggregation,0.062134,0.0065813064575195
Vaex,Adult,4.15.0,v2,10,Aggregation,0.05542,0.0060405731201171
Vaex,Adult,4.15.0,v2,10,Aggregation,0.057861,0.006333589553833
Vaex,Adult,4.15.0,v2,10,Row/Column,0.056763,0.0058808326721191
Vaex,Adult,4.15.0,v2,10,I/O,0.638304,0.0647857189178466
Vaex,Adult,4.15.0,v2,10,I/O,2.633294,0.2799303531646728
Vaex,Adult,4.15.0,v2,10,I/O,1.416928,0.1615207195281982
Vaex,Adult,4.15.0,v2,10,I/O,1.055051,0.1136603355407714
Vaex,Adult,4.15.0,v2,10,Missing,0.007813,0.0012679100036621
Vaex,Adult,4.15.0,v2,10,Missing,0.066834,0.008054494857788
Vaex,Adult,4.15.0,v2,10,Missing,0.123352,0.0138177871704101
Vaex,Adult,4.15.0,v2,10,Missing,0.008911,0.0011353492736816
Vaex,Adult,4.15.0,v2,10,Row/Column,0.008361,0.0013568401336669
Vaex,Adult,4.15.0,v2,10,Aggregation,0.165832,0.017982006072998
Vaex,Adult,4.15.0,v2,10,Row/Column,0.007629,0.0018308162689208
Vaex,Adult,4.15.0,v2,10,Row/Column,0.016785,0.0023088455200195
Vaex,Adult,4.15.0,v2,10,Row/Column,0.025086,0.0038733482360839
Vaex,Adult,4.15.0,v2,10,Aggregation,0.05719,0.0112297534942626
Vaex,Adult,4.15.0,v2,10,Aggregation,0.047851,0.005044937133789
Vaex,Adult,4.15.0,v2,10,Aggregation,0.057739,0.0063230991363525
Vaex,Adult,4.15.0,v2,10,Aggregation,0.05304,0.0060670375823974
Vaex,Adult,4.15.0,v2,10,Aggregation,0.066284,0.0079009532928466
Vaex,Adult,4.15.0,v2,10,Row/Column,0.049438,0.0057649612426757
Vaex,Adult,4.15.0,v2,10,I/O,0.63867,0.0647621154785156
Vaex,Adult,4.15.0,v2,10,I/O,2.643854,0.2885642051696777
Vaex,Adult,4.15.0,v2,10,I/O,1.391964,0.156327486038208
Vaex,Adult,4.15.0,v2,10,I/O,1.070432,0.109926700592041
Vaex,Adult,4.15.0,v2,10,Missing,0.008422,0.0012898445129394
Vaex,Adult,4.15.0,v2,10,Missing,0.067015,0.0080764293670654
Vaex,Adult,4.15.0,v2,10,Missing,0.120849,0.0137722492218017
Vaex,Adult,4.15.0,v2,10,Missing,0.007569,0.0011320114135742
Vaex,Adult,4.15.0,v2,10,Row/Column,0.007874,0.0013549327850341
Vaex,Adult,4.15.0,v2,10,Aggregation,0.176208,0.0180201530456542
Vaex,Adult,4.15.0,v2,10,Row/Column,0.007019,0.0014758110046386
Vaex,Adult,4.15.0,v2,10,Row/Column,0.012816,0.0020077228546142
Vaex,Adult,4.15.0,v2,10,Row/Column,0.041931,0.0051720142364501
Vaex,Adult,4.15.0,v2,10,Aggregation,0.053039,0.0116546154022216
Vaex,Adult,4.15.0,v2,10,Aggregation,0.043519,0.005068302154541
Vaex,Adult,4.15.0,v2,10,Aggregation,0.053222,0.00653076171875
Vaex,Adult,4.15.0,v2,10,Aggregation,0.056518,0.006000280380249
Vaex,Adult,4.15.0,v2,10,Aggregation,0.048401,0.0060725212097167
Vaex,Adult,4.15.0,v2,10,Row/Column,0.057678,0.0056676864624023
Vaex,Adult,4.15.0,v2,10,I/O,0.674192,0.0665147304534912
Vaex,Adult,4.15.0,v2,10,I/O,2.679497,0.2808957099914551
Vaex,Adult,4.15.0,v2,10,I/O,1.414853,0.1575102806091308
Vaex,Adult,4.15.0,v2,10,I/O,1.085325,0.1160023212432861
Vaex,Adult,4.15.0,v2,10,Missing,0.0,0.0008783340454101
Vaex,Adult,4.15.0,v2,10,Missing,0.058349,0.0077834129333496
Vaex,Adult,4.15.0,v2,10,Missing,0.121154,0.0145249366760253
Vaex,Adult,4.15.0,v2,10,Missing,0.001648,0.0009818077087402
Vaex,Adult,4.15.0,v2,10,Row/Column,0.007751,0.0012400150299072
Vaex,Adult,4.15.0,v2,10,Aggregation,0.16626,0.0179061889648437
Vaex,Adult,4.15.0,v2,10,Row/Column,0.008057,0.001826524734497
Vaex,Adult,4.15.0,v2,10,Row/Column,0.016846,0.0022976398468017
Vaex,Adult,4.15.0,v2,10,Row/Column,0.028992,0.00413179397583
Vaex,Adult,4.15.0,v2,10,Aggregation,0.046508,0.0110716819763183
Vaex,Adult,4.15.0,v2,10,Aggregation,0.037414,0.0046191215515136
Vaex,Adult,4.15.0,v2,10,Aggregation,0.046204,0.0059258937835693
Vaex,Adult,4.15.0,v2,10,Aggregation,0.056396,0.0059239864349365
Vaex,Adult,4.15.0,v2,10,Aggregation,0.054077,0.0063374042510986
Vaex,Adult,4.15.0,v2,10,Row/Column,0.054809,0.0057587623596191
Vaex,Adult,4.17.0,v0,10,I/O,0.763792,0.0797183513641357
Vaex,Adult,4.17.0,v0,10,I/O,3.074456,0.3274617195129394
Vaex,Adult,4.17.0,v0,10,I/O,1.467342,0.1617121696472168
Vaex,Adult,4.17.0,v0,10,I/O,1.099545,0.1130242347717285
Vaex,Adult,4.17.0,v0,10,Missing,0.008179,0.001260757446289
Vaex,Adult,4.17.0,v0,10,Missing,0.132629,0.023226261138916
Vaex,Adult,4.17.0,v0,10,Missing,0.125,0.0144252777099609
Vaex,Adult,4.17.0,v0,10,Missing,0.007568,0.0011308193206787
Vaex,Adult,4.17.0,v0,10,Row/Column,0.004823,0.001368761062622
Vaex,Adult,4.17.0,v0,10,Aggregation,0.32611,0.0224392414093017
Vaex,Adult,4.17.0,v0,10,Row/Column,0.029541,0.0087857246398925
Vaex,Adult,4.17.0,v0,10,Row/Column,0.04602,0.009650707244873
Vaex,Adult,4.17.0,v0,10,Row/Column,0.053466,0.0110268592834472
Vaex,Adult,4.17.0,v0,10,Aggregation,0.044129,0.0104587078094482
Vaex,Adult,4.17.0,v0,10,Aggregation,0.026489,0.0036888122558593
Vaex,Adult,4.17.0,v0,10,Aggregation,0.04303,0.0053160190582275
Vaex,Adult,4.17.0,v0,10,Aggregation,0.067322,0.0108511447906494
Vaex,Adult,4.17.0,v0,10,Aggregation,0.037231,0.0046741962432861
Vaex,Adult,4.17.0,v0,10,Row/Column,0.067016,0.0124304294586181
Vaex,Adult,4.17.0,v0,10,I/O,0.662107,0.0646007061004638
Vaex,Adult,4.17.0,v0,10,I/O,2.658868,0.2829985618591308
Vaex,Adult,4.17.0,v0,10,I/O,1.413144,0.1587779521942138
Vaex,Adult,4.17.0,v0,10,I/O,1.007872,0.1029608249664306
Vaex,Adult,4.17.0,v0,10,Missing,0.008544,0.0012285709381103
Vaex,Adult,4.17.0,v0,10,Missing,0.064636,0.0080981254577636
Vaex,Adult,4.17.0,v0,10,Missing,0.118651,0.0139379501342773
Vaex,Adult,4.17.0,v0,10,Missing,0.007934,0.0011417865753173
Vaex,Adult,4.17.0,v0,10,Row/Column,0.005372,0.0013608932495117
Vaex,Adult,4.17.0,v0,10,Aggregation,0.171814,0.0172564983367919
Vaex,Adult,4.17.0,v0,10,Row/Column,0.009949,0.0018625259399414
Vaex,Adult,4.17.0,v0,10,Row/Column,0.01648,0.0023307800292968
Vaex,Adult,4.17.0,v0,10,Row/Column,0.033996,0.0042300224304199
Vaex,Adult,4.17.0,v0,10,Aggregation,0.045898,0.010451316833496
Vaex,Adult,4.17.0,v0,10,Aggregation,0.03302,0.0037834644317626
Vaex,Adult,4.17.0,v0,10,Aggregation,0.055298,0.0066967010498046
Vaex,Adult,4.17.0,v0,10,Aggregation,0.046814,0.0048689842224121
Vaex,Adult,4.17.0,v0,10,Aggregation,0.038208,0.0048036575317382
Vaex,Adult,4.17.0,v0,10,Row/Column,0.039062,0.0041484832763671
Vaex,Adult,4.17.0,v0,10,I/O,0.68524,0.0639078617095947
Vaex,Adult,4.17.0,v0,10,I/O,2.614374,0.2726650238037109
Vaex,Adult,4.17.0,v0,10,I/O,1.436398,0.1606111526489257
Vaex,Adult,4.17.0,v0,10,I/O,1.073667,0.1099200248718261
Vaex,Adult,4.17.0,v0,10,Missing,0.008545,0.0012688636779785
Vaex,Adult,4.17.0,v0,10,Missing,0.064148,0.0081739425659179
Vaex,Adult,4.17.0,v0,10,Missing,0.124451,0.0140032768249511
Vaex,Adult,4.17.0,v0,10,Missing,0.008117,0.0011601448059082
Vaex,Adult,4.17.0,v0,10,Row/Column,0.005004,0.001368761062622
Vaex,Adult,4.17.0,v0,10,Aggregation,0.162171,0.0172252655029296
Vaex,Adult,4.17.0,v0,10,Row/Column,0.010376,0.0016787052154541
Vaex,Adult,4.17.0,v0,10,Row/Column,0.024414,0.0036697387695312
Vaex,Adult,4.17.0,v0,10,Row/Column,0.035095,0.0042133331298828
Vaex,Adult,4.17.0,v0,10,Aggregation,0.046997,0.010660171508789
Vaex,Adult,4.17.0,v0,10,Aggregation,0.033875,0.0036478042602539
Vaex,Adult,4.17.0,v0,10,Aggregation,0.043151,0.0051445960998535
Vaex,Adult,4.17.0,v0,10,Aggregation,0.03662,0.0048592090606689
Vaex,Adult,4.17.0,v0,10,Aggregation,0.044982,0.0048635005950927
Vaex,Adult,4.17.0,v0,10,Row/Column,0.03955,0.0041594505310058
Vaex,Adult,4.17.0,v0,10,I/O,0.724607,0.0662891864776611
Vaex,Adult,4.17.0,v0,10,I/O,2.662102,0.2785854339599609
Vaex,Adult,4.17.0,v0,10,I/O,1.434566,0.1623950004577636
Vaex,Adult,4.17.0,v0,10,I/O,1.084653,0.1134674549102783
Vaex,Adult,4.17.0,v0,10,Missing,0.004761,0.0010871887207031
Vaex,Adult,4.17.0,v0,10,Missing,0.068543,0.0082318782806396
Vaex,Adult,4.17.0,v0,10,Missing,0.126159,0.0148961544036865
Vaex,Adult,4.17.0,v0,10,Missing,0.005493,0.0011305809020996
Vaex,Adult,4.17.0,v0,10,Row/Column,0.006592,0.0011746883392333
Vaex,Adult,4.17.0,v0,10,Aggregation,0.178283,0.016768455505371
Vaex,Adult,4.17.0,v0,10,Row/Column,0.008789,0.0018160343170166
Vaex,Adult,4.17.0,v0,10,Row/Column,0.018372,0.0022802352905273
Vaex,Adult,4.17.0,v0,10,Row/Column,0.029236,0.0041501522064208
Vaex,Adult,4.17.0,v0,10,Aggregation,0.058351,0.0109899044036865
Vaex,Adult,4.17.0,v0,10,Aggregation,0.027465,0.0036087036132812
Vaex,Adult,4.17.0,v0,10,Aggregation,0.037841,0.0049974918365478
Vaex,Adult,4.17.0,v0,10,Aggregation,0.037415,0.0045280456542968
Vaex,Adult,4.17.0,v0,10,Aggregation,0.043396,0.0045874118804931
Vaex,Adult,4.17.0,v0,10,Row/Column,0.039673,0.0042557716369628
Vaex,Adult,4.17.0,v0,10,I/O,0.660276,0.0643606185913086
Vaex,Adult,4.17.0,v0,10,I/O,2.643181,0.2781057357788086
Vaex,Adult,4.17.0,v0,10,I/O,1.436703,0.1616170406341552
Vaex,Adult,4.17.0,v0,10,I/O,1.079587,0.1132001876831054
Vaex,Adult,4.17.0,v0,10,Missing,0.009216,0.0010995864868164
Vaex,Adult,4.17.0,v0,10,Missing,0.059387,0.007953405380249
Vaex,Adult,4.17.0,v0,10,Missing,0.118042,0.0136730670928955
Vaex,Adult,4.17.0,v0,10,Missing,0.005859,0.0011436939239501
Vaex,Adult,4.17.0,v0,10,Row/Column,0.007202,0.0010170936584472
Vaex,Adult,4.17.0,v0,10,Aggregation,0.163453,0.0171535015106201
Vaex,Adult,4.17.0,v0,10,Row/Column,0.004455,0.0014951229095458
Vaex,Adult,4.17.0,v0,10,Row/Column,0.01056,0.0019671916961669
Vaex,Adult,4.17.0,v0,10,Row/Column,0.035461,0.0041811466217041
Vaex,Adult,4.17.0,v0,10,Aggregation,0.042114,0.0105786323547363
Vaex,Adult,4.17.0,v0,10,Aggregation,0.029296,0.003831148147583
Vaex,Adult,4.17.0,v0,10,Aggregation,0.056946,0.0069296360015869
Vaex,Adult,4.17.0,v0,10,Aggregation,0.040527,0.0043156147003173
Vaex,Adult,4.17.0,v0,10,Aggregation,0.043029,0.0047671794891357
Vaex,Adult,4.17.0,v0,10,Row/Column,0.038696,0.0043590068817138
Vaex,Adult,4.17.0,v0,10,I/O,0.696287,0.0636923313140869
Vaex,Adult,4.17.0,v0,10,I/O,2.667473,0.279719591140747
Vaex,Adult,4.17.0,v0,10,I/O,1.44299,0.1618788242340088
Vaex,Adult,4.17.0,v0,10,I/O,1.077818,0.1121604442596435
Vaex,Adult,4.17.0,v0,10,Missing,0.007446,0.0012869834899902
Vaex,Adult,4.17.0,v0,10,Missing,0.061401,0.0079305171966552
Vaex,Adult,4.17.0,v0,10,Missing,0.118469,0.0137684345245361
Vaex,Adult,4.17.0,v0,10,Missing,0.009033,0.0010802745819091
Vaex,Adult,4.17.0,v0,10,Row/Column,0.00708,0.0010063648223876
Vaex,Adult,4.17.0,v0,10,Aggregation,0.161498,0.0166578292846679
Vaex,Adult,4.17.0,v0,10,Row/Column,0.008911,0.0014688968658447
Vaex,Adult,4.17.0,v0,10,Row/Column,0.023377,0.0033807754516601
Vaex,Adult,4.17.0,v0,10,Row/Column,0.028991,0.0041494369506835
Vaex,Adult,4.17.0,v0,10,Aggregation,0.046692,0.0103862285614013
Vaex,Adult,4.17.0,v0,10,Aggregation,0.031921,0.0040853023529052
Vaex,Adult,4.17.0,v0,10,Aggregation,0.044251,0.0051281452178955
Vaex,Adult,4.17.0,v0,10,Aggregation,0.038024,0.0047662258148193
Vaex,Adult,4.17.0,v0,10,Aggregation,0.037842,0.0045773983001708
Vaex,Adult,4.17.0,v0,10,Row/Column,0.042114,0.0044136047363281
Vaex,Adult,4.17.0,v0,10,I/O,0.689879,0.0638689994812011
Vaex,Adult,4.17.0,v0,10,I/O,2.631035,0.2782735824584961
Vaex,Adult,4.17.0,v0,10,I/O,1.452632,0.1609079837799072
Vaex,Adult,4.17.0,v0,10,I/O,1.088254,0.1133990287780761
Vaex,Adult,4.17.0,v0,10,Missing,0.009278,0.0020837783813476
Vaex,Adult,4.17.0,v0,10,Missing,0.073121,0.0079452991485595
Vaex,Adult,4.17.0,v0,10,Missing,0.115599,0.0137140750885009
Vaex,Adult,4.17.0,v0,10,Missing,0.0,0.0008103847503662
Vaex,Adult,4.17.0,v0,10,Row/Column,0.008484,0.0012595653533935
Vaex,Adult,4.17.0,v0,10,Aggregation,0.171264,0.0171055793762207
Vaex,Adult,4.17.0,v0,10,Row/Column,0.01416,0.0018348693847656
Vaex,Adult,4.17.0,v0,10,Row/Column,0.020508,0.0020828247070312
Vaex,Adult,4.17.0,v0,10,Row/Column,0.036255,0.0041017532348632
Vaex,Adult,4.17.0,v0,10,Aggregation,0.037964,0.0103962421417236
Vaex,Adult,4.17.0,v0,10,Aggregation,0.02887,0.0034406185150146
Vaex,Adult,4.17.0,v0,10,Aggregation,0.040467,0.0045633316040039
Vaex,Adult,4.17.0,v0,10,Aggregation,0.037231,0.0045912265777587
Vaex,Adult,4.17.0,v0,10,Aggregation,0.038025,0.004413366317749
Vaex,Adult,4.17.0,v0,10,Row/Column,0.039672,0.0040106773376464
Vaex,Adult,4.17.0,v0,10,I/O,0.675231,0.0628125667572021
Vaex,Adult,4.17.0,v0,10,I/O,2.694391,0.2781069278717041
Vaex,Adult,4.17.0,v0,10,I/O,1.458005,0.1587271690368652
Vaex,Adult,4.17.0,v0,10,I/O,1.087582,0.1098608970642089
Vaex,Adult,4.17.0,v0,10,Missing,0.007325,0.0012974739074707
Vaex,Adult,4.17.0,v0,10,Missing,0.068664,0.0080828666687011
Vaex,Adult,4.17.0,v0,10,Missing,0.126893,0.0138401985168457
Vaex,Adult,4.17.0,v0,10,Missing,0.007203,0.0011241436004638
Vaex,Adult,4.17.0,v0,10,Row/Column,0.008667,0.0013754367828369
Vaex,Adult,4.17.0,v0,10,Aggregation,0.166747,0.017082929611206
Vaex,Adult,4.17.0,v0,10,Row/Column,0.009522,0.001845359802246
Vaex,Adult,4.17.0,v0,10,Row/Column,0.017639,0.0022704601287841
Vaex,Adult,4.17.0,v0,10,Row/Column,0.034729,0.0041806697845458
Vaex,Adult,4.17.0,v0,10,Aggregation,0.041749,0.0105960369110107
Vaex,Adult,4.17.0,v0,10,Aggregation,0.044373,0.0049962997436523
Vaex,Adult,4.17.0,v0,10,Aggregation,0.041686,0.0049090385437011
Vaex,Adult,4.17.0,v0,10,Aggregation,0.036987,0.0046615600585937
Vaex,Adult,4.17.0,v0,10,Aggregation,0.040101,0.0048344135284423
Vaex,Adult,4.17.0,v0,10,Row/Column,0.039489,0.0040044784545898
Vaex,Adult,4.17.0,v0,10,I/O,0.676756,0.0636417865753173
Vaex,Adult,4.17.0,v0,10,I/O,2.677971,0.290961742401123
Vaex,Adult,4.17.0,v0,10,I/O,1.427487,0.1616344451904297
Vaex,Adult,4.17.0,v0,10,I/O,1.071408,0.1130404472351074
Vaex,Adult,4.17.0,v0,10,Missing,0.008545,0.0009548664093017
Vaex,Adult,4.17.0,v0,10,Missing,0.06073,0.0078556537628173
Vaex,Adult,4.17.0,v0,10,Missing,0.124634,0.0144746303558349
Vaex,Adult,4.17.0,v0,10,Missing,0.008301,0.0008172988891601
Vaex,Adult,4.17.0,v0,10,Row/Column,0.009949,0.0012140274047851
Vaex,Adult,4.17.0,v0,10,Aggregation,0.167907,0.0171506404876709
Vaex,Adult,4.17.0,v0,10,Row/Column,0.0094,0.0017647743225097
Vaex,Adult,4.17.0,v0,10,Row/Column,0.019043,0.0023097991943359
Vaex,Adult,4.17.0,v0,10,Row/Column,0.032654,0.0041542053222656
Vaex,Adult,4.17.0,v0,10,Aggregation,0.043396,0.0106120109558105
Vaex,Adult,4.17.0,v0,10,Aggregation,0.027406,0.0037040710449218
Vaex,Adult,4.17.0,v0,10,Aggregation,0.038512,0.005007266998291
Vaex,Adult,4.17.0,v0,10,Aggregation,0.040344,0.0048830509185791
Vaex,Adult,4.17.0,v0,10,Aggregation,0.038087,0.004584789276123
Vaex,Adult,4.17.0,v0,10,Row/Column,0.036682,0.0041882991790771
Vaex,Adult,4.17.0,v0,10,I/O,0.669249,0.065587043762207
Vaex,Adult,4.17.0,v0,10,I/O,2.694268,0.2792558670043945
Vaex,Adult,4.17.0,v0,10,I/O,1.428951,0.1616578102111816
Vaex,Adult,4.17.0,v0,10,I/O,1.085447,0.1130175590515136
Vaex,Adult,4.17.0,v0,10,Missing,0.005982,0.0012753009796142
Vaex,Adult,4.17.0,v0,10,Missing,0.066101,0.008080244064331
Vaex,Adult,4.17.0,v0,10,Missing,0.122802,0.0140426158905029
Vaex,Adult,4.17.0,v0,10,Missing,0.008545,0.0011522769927978
Vaex,Adult,4.17.0,v0,10,Row/Column,0.01001,0.0013608932495117
Vaex,Adult,4.17.0,v0,10,Aggregation,0.16986,0.0174818038940429
Vaex,Adult,4.17.0,v0,10,Row/Column,0.012329,0.0018298625946044
Vaex,Adult,4.17.0,v0,10,Row/Column,0.015991,0.002314805984497
Vaex,Adult,4.17.0,v0,10,Row/Column,0.036255,0.0041561126708984
Vaex,Adult,4.17.0,v0,10,Aggregation,0.040771,0.0104970932006835
Vaex,Adult,4.17.0,v0,10,Aggregation,0.028626,0.0037741661071777
Vaex,Adult,4.17.0,v0,10,Aggregation,0.040039,0.0048658847808837
Vaex,Adult,4.17.0,v0,10,Aggregation,0.032654,0.0041365623474121
Vaex,Adult,4.17.0,v0,10,Aggregation,0.055542,0.0063607692718505
Vaex,Adult,4.17.0,v0,10,Row/Column,0.039794,0.0040669441223144
Vaex,Bank Marketing,4.13.0,v1,10,I/O,0.596922,0.0634770393371582
Vaex,Bank Marketing,4.13.0,v1,10,I/O,4.963976,0.5602123737335205
Vaex,Bank Marketing,4.13.0,v1,10,I/O,1.203305,0.1407816410064697
Vaex,Bank Marketing,4.13.0,v1,10,I/O,1.01013,0.1131746768951416
Vaex,Bank Marketing,4.13.0,v1,10,Missing,0.008545,0.0013449192047119
Vaex,Bank Marketing,4.13.0,v1,10,Missing,0.151244,0.02311372756958
Vaex,Bank Marketing,4.13.0,v1,10,Missing,0.148803,0.0168285369873046
Vaex,Bank Marketing,4.13.0,v1,10,Missing,0.002441,0.0011572837829589
Vaex,Bank Marketing,4.13.0,v1,10,Row/Column,0.007995,0.0014564990997314
Vaex,Bank Marketing,4.13.0,v1,10,Aggregation,0.367003,0.0263998508453369
Vaex,Bank Marketing,4.13.0,v1,10,Row/Column,0.043214,0.0094757080078125
Vaex,Bank Marketing,4.13.0,v1,10,Row/Column,0.0448,0.0100657939910888
Vaex,Bank Marketing,4.13.0,v1,10,Row/Column,0.059205,0.0118069648742675
Vaex,Bank Marketing,4.13.0,v1,10,Aggregation,0.089965,0.0127484798431396
Vaex,Bank Marketing,4.13.0,v1,10,Aggregation,0.046875,0.0052556991577148
Vaex,Bank Marketing,4.13.0,v1,10,Aggregation,0.058167,0.0063745975494384
Vaex,Bank Marketing,4.13.0,v1,10,Aggregation,0.0578,0.011876106262207
Vaex,Bank Marketing,4.13.0,v1,10,Aggregation,0.044067,0.0051851272583007
Vaex,Bank Marketing,4.13.0,v1,10,Row/Column,0.265807,0.0182816982269287
Vaex,Bank Marketing,4.13.0,v1,10,I/O,0.521727,0.0553553104400634
Vaex,Bank Marketing,4.13.0,v1,10,I/O,4.912096,0.5467145442962646
Vaex,Bank Marketing,4.13.0,v1,10,I/O,1.157224,0.1374938488006591
Vaex,Bank Marketing,4.13.0,v1,10,I/O,1.024533,0.1135811805725097
Vaex,Bank Marketing,4.13.0,v1,10,Missing,0.007324,0.0010821819305419
Vaex,Bank Marketing,4.13.0,v1,10,Missing,0.081848,0.0095205307006835
Vaex,Bank Marketing,4.13.0,v1,10,Missing,0.141174,0.016625165939331
Vaex,Bank Marketing,4.13.0,v1,10,Missing,0.003114,0.0008025169372558
Vaex,Bank Marketing,4.13.0,v1,10,Row/Column,0.002197,0.0011866092681884
Vaex,Bank Marketing,4.13.0,v1,10,Aggregation,0.283629,0.0213918685913085
Vaex,Bank Marketing,4.13.0,v1,10,Row/Column,0.017516,0.0020701885223388
Vaex,Bank Marketing,4.13.0,v1,10,Row/Column,0.01709,0.0025641918182373
Vaex,Bank Marketing,4.13.0,v1,10,Row/Column,0.036193,0.0047633647918701
Vaex,Bank Marketing,4.13.0,v1,10,Aggregation,0.081116,0.0130133628845214
Vaex,Bank Marketing,4.13.0,v1,10,Aggregation,0.047608,0.0051014423370361
Vaex,Bank Marketing,4.13.0,v1,10,Aggregation,0.05719,0.0063846111297607
Vaex,Bank Marketing,4.13.0,v1,10,Aggregation,0.060852,0.007573127746582
Vaex,Bank Marketing,4.13.0,v1,10,Aggregation,0.043214,0.0046722888946533
Vaex,Bank Marketing,4.13.0,v1,10,Row/Column,0.225646,0.0117416381835937
Vaex,Bank Marketing,4.13.0,v1,10,I/O,0.499205,0.0556917190551757
Vaex,Bank Marketing,4.13.0,v1,10,I/O,4.630481,0.5168259143829346
Vaex,Bank Marketing,4.13.0,v1,10,I/O,1.14752,0.1355783939361572
Vaex,Bank Marketing,4.13.0,v1,10,I/O,1.021726,0.1146521568298339
Vaex,Bank Marketing,4.13.0,v1,10,Missing,0.012207,0.001317024230957
Vaex,Bank Marketing,4.13.0,v1,10,Missing,0.077148,0.0096466541290283
Vaex,Bank Marketing,4.13.0,v1,10,Missing,0.143615,0.0165314674377441
Vaex,Bank Marketing,4.13.0,v1,10,Missing,0.00763,0.0011622905731201
Vaex,Bank Marketing,4.13.0,v1,10,Row/Column,0.006654,0.0014116764068603
Vaex,Bank Marketing,4.13.0,v1,10,Aggregation,0.27191,0.0229907035827636
Vaex,Bank Marketing,4.13.0,v1,10,Row/Column,0.01831,0.0020310878753662
Vaex,Bank Marketing,4.13.0,v1,10,Row/Column,0.021301,0.0025238990783691
Vaex,Bank Marketing,4.13.0,v1,10,Row/Column,0.042359,0.0046789646148681
Vaex,Bank Marketing,4.13.0,v1,10,Aggregation,0.080933,0.0121905803680419
Vaex,Bank Marketing,4.13.0,v1,10,Aggregation,0.047974,0.0049400329589843
Vaex,Bank Marketing,4.13.0,v1,10,Aggregation,0.055238,0.0062131881713867
Vaex,Bank Marketing,4.13.0,v1,10,Aggregation,0.046692,0.0049540996551513
Vaex,Bank Marketing,4.13.0,v1,10,Aggregation,0.047118,0.0051894187927246
Vaex,Bank Marketing,4.13.0,v1,10,Row/Column,0.235596,0.0118882656097412
Vaex,Bank Marketing,4.13.0,v1,10,I/O,0.494078,0.0547218322753906
Vaex,Bank Marketing,4.13.0,v1,10,I/O,4.642078,0.5188226699829102
Vaex,Bank Marketing,4.13.0,v1,10,I/O,1.147946,0.1353256702423095
Vaex,Bank Marketing,4.13.0,v1,10,I/O,1.039671,0.1145968437194824
Vaex,Bank Marketing,4.13.0,v1,10,Missing,0.007203,0.0013799667358398
Vaex,Bank Marketing,4.13.0,v1,10,Missing,0.078979,0.0095784664154052
Vaex,Bank Marketing,4.13.0,v1,10,Missing,0.147582,0.0164680480957031
Vaex,Bank Marketing,4.13.0,v1,10,Missing,0.005005,0.0011627674102783
Vaex,Bank Marketing,4.13.0,v1,10,Row/Column,0.00763,0.0014863014221191
Vaex,Bank Marketing,4.13.0,v1,10,Aggregation,0.276001,0.021418809890747
Vaex,Bank Marketing,4.13.0,v1,10,Row/Column,0.016662,0.0020523071289062
Vaex,Bank Marketing,4.13.0,v1,10,Row/Column,0.020324,0.0025477409362792
Vaex,Bank Marketing,4.13.0,v1,10,Row/Column,0.034974,0.0047113895416259
Vaex,Bank Marketing,4.13.0,v1,10,Aggregation,0.071349,0.0126042366027832
Vaex,Bank Marketing,4.13.0,v1,10,Aggregation,0.048706,0.0051193237304687
Vaex,Bank Marketing,4.13.0,v1,10,Aggregation,0.051758,0.00618577003479
Vaex,Bank Marketing,4.13.0,v1,10,Aggregation,0.040588,0.0050868988037109
Vaex,Bank Marketing,4.13.0,v1,10,Aggregation,0.037903,0.0048458576202392
Vaex,Bank Marketing,4.13.0,v1,10,Row/Column,0.255371,0.0150935649871826
Vaex,Bank Marketing,4.13.0,v1,10,I/O,0.494932,0.0560715198516845
Vaex,Bank Marketing,4.13.0,v1,10,I/O,4.622365,0.5102894306182861
Vaex,Bank Marketing,4.13.0,v1,10,I/O,1.139097,0.1335139274597168
Vaex,Bank Marketing,4.13.0,v1,10,I/O,1.043699,0.1159861087799072
Vaex,Bank Marketing,4.13.0,v1,10,Missing,0.007141,0.0013880729675292
Vaex,Bank Marketing,4.13.0,v1,10,Missing,0.081481,0.0096127986907958
Vaex,Bank Marketing,4.13.0,v1,10,Missing,0.142823,0.0164706707000732
Vaex,Bank Marketing,4.13.0,v1,10,Missing,0.003113,0.0011398792266845
Vaex,Bank Marketing,4.13.0,v1,10,Row/Column,0.008484,0.0014677047729492
Vaex,Bank Marketing,4.13.0,v1,10,Aggregation,0.279967,0.0219905376434326
Vaex,Bank Marketing,4.13.0,v1,10,Row/Column,0.008972,0.0017681121826171
Vaex,Bank Marketing,4.13.0,v1,10,Row/Column,0.027649,0.0038537979125976
Vaex,Bank Marketing,4.13.0,v1,10,Row/Column,0.036316,0.0047352313995361
Vaex,Bank Marketing,4.13.0,v1,10,Aggregation,0.098267,0.0131175518035888
Vaex,Bank Marketing,4.13.0,v1,10,Aggregation,0.047058,0.0052411556243896
Vaex,Bank Marketing,4.13.0,v1,10,Aggregation,0.056824,0.0059494972229003
Vaex,Bank Marketing,4.13.0,v1,10,Aggregation,0.037719,0.0044763088226318
Vaex,Bank Marketing,4.13.0,v1,10,Aggregation,0.037781,0.0048317909240722
Vaex,Bank Marketing,4.13.0,v1,10,Row/Column,0.23535,0.0122575759887695
Vaex,Bank Marketing,4.13.0,v1,10,I/O,0.492064,0.0547423362731933
Vaex,Bank Marketing,4.13.0,v1,10,I/O,4.869433,0.5410246849060059
Vaex,Bank Marketing,4.13.0,v1,10,I/O,1.134152,0.1338706016540527
Vaex,Bank Marketing,4.13.0,v1,10,I/O,1.023313,0.1145524978637695
Vaex,Bank Marketing,4.13.0,v1,10,Missing,0.003663,0.0013797283172607
Vaex,Bank Marketing,4.13.0,v1,10,Missing,0.082092,0.0096988677978515
Vaex,Bank Marketing,4.13.0,v1,10,Missing,0.143615,0.0166165828704834
Vaex,Bank Marketing,4.13.0,v1,10,Missing,0.003907,0.0011730194091796
Vaex,Bank Marketing,4.13.0,v1,10,Row/Column,0.010926,0.0014755725860595
Vaex,Bank Marketing,4.13.0,v1,10,Aggregation,0.278014,0.0225272178649902
Vaex,Bank Marketing,4.13.0,v1,10,Row/Column,0.010682,0.0018279552459716
Vaex,Bank Marketing,4.13.0,v1,10,Row/Column,0.019042,0.002589464187622
Vaex,Bank Marketing,4.13.0,v1,10,Row/Column,0.035706,0.0047461986541748
Vaex,Bank Marketing,4.13.0,v1,10,Aggregation,0.069519,0.0066847801208496
Vaex,Bank Marketing,4.13.0,v1,10,Aggregation,0.048034,0.0050361156463623
Vaex,Bank Marketing,4.13.0,v1,10,Aggregation,0.055724,0.0066912174224853
Vaex,Bank Marketing,4.13.0,v1,10,Aggregation,0.039978,0.0049061775207519
Vaex,Bank Marketing,4.13.0,v1,10,Aggregation,0.047058,0.0050420761108398
Vaex,Bank Marketing,4.13.0,v1,10,Row/Column,0.250915,0.0143461227416992
Vaex,Bank Marketing,4.13.0,v1,10,I/O,0.491942,0.0562405586242675
Vaex,Bank Marketing,4.13.0,v1,10,I/O,4.69408,0.5178639888763428
Vaex,Bank Marketing,4.13.0,v1,10,I/O,1.091976,0.1336798667907714
Vaex,Bank Marketing,4.13.0,v1,10,I/O,0.996518,0.1156554222106933
Vaex,Bank Marketing,4.13.0,v1,10,Missing,0.007935,0.0013809204101562
Vaex,Bank Marketing,4.13.0,v1,10,Missing,0.076232,0.0096285343170166
Vaex,Bank Marketing,4.13.0,v1,10,Missing,0.142639,0.0164663791656494
Vaex,Bank Marketing,4.13.0,v1,10,Missing,0.007507,0.0011610984802246
Vaex,Bank Marketing,4.13.0,v1,10,Row/Column,0.007568,0.001476764678955
Vaex,Bank Marketing,4.13.0,v1,10,Aggregation,0.272155,0.0218968391418457
Vaex,Bank Marketing,4.13.0,v1,10,Row/Column,0.018066,0.0020506381988525
Vaex,Bank Marketing,4.13.0,v1,10,Row/Column,0.032166,0.0041010379791259
Vaex,Bank Marketing,4.13.0,v1,10,Row/Column,0.03363,0.0047917366027832
Vaex,Bank Marketing,4.13.0,v1,10,Aggregation,0.087097,0.0129094123840332
Vaex,Bank Marketing,4.13.0,v1,10,Aggregation,0.041259,0.0049934387207031
Vaex,Bank Marketing,4.13.0,v1,10,Aggregation,0.056702,0.0065119266510009
Vaex,Bank Marketing,4.13.0,v1,10,Aggregation,0.038574,0.004885196685791
Vaex,Bank Marketing,4.13.0,v1,10,Aggregation,0.038514,0.0046780109405517
Vaex,Bank Marketing,4.13.0,v1,10,Row/Column,0.236755,0.0123584270477294
Vaex,Bank Marketing,4.13.0,v1,10,I/O,0.505126,0.0559146404266357
Vaex,Bank Marketing,4.13.0,v1,10,I/O,4.703235,0.5193815231323242
Vaex,Bank Marketing,4.13.0,v1,10,I/O,1.15045,0.1332373619079589
Vaex,Bank Marketing,4.13.0,v1,10,I/O,1.046567,0.1149039268493652
Vaex,Bank Marketing,4.13.0,v1,10,Missing,0.004701,0.0013957023620605
Vaex,Bank Marketing,4.13.0,v1,10,Missing,0.080871,0.0098223686218261
Vaex,Bank Marketing,4.13.0,v1,10,Missing,0.145934,0.0170576572418212
Vaex,Bank Marketing,4.13.0,v1,10,Missing,0.004577,0.0010919570922851
Vaex,Bank Marketing,4.13.0,v1,10,Row/Column,0.016356,0.0014083385467529
Vaex,Bank Marketing,4.13.0,v1,10,Aggregation,0.28015,0.0226516723632812
Vaex,Bank Marketing,4.13.0,v1,10,Row/Column,0.00885,0.0017046928405761
Vaex,Bank Marketing,4.13.0,v1,10,Row/Column,0.017821,0.0024220943450927
Vaex,Bank Marketing,4.13.0,v1,10,Row/Column,0.035461,0.0047934055328369
Vaex,Bank Marketing,4.13.0,v1,10,Aggregation,0.072998,0.0123572349548339
Vaex,Bank Marketing,4.13.0,v1,10,Aggregation,0.048157,0.0053997039794921
Vaex,Bank Marketing,4.13.0,v1,10,Aggregation,0.054077,0.0063867568969726
Vaex,Bank Marketing,4.13.0,v1,10,Aggregation,0.047241,0.0050618648529052
Vaex,Bank Marketing,4.13.0,v1,10,Aggregation,0.045838,0.0049176216125488
Vaex,Bank Marketing,4.13.0,v1,10,Row/Column,0.232971,0.0120058059692382
Vaex,Bank Marketing,4.13.0,v1,10,I/O,0.488036,0.0554633140563964
Vaex,Bank Marketing,4.13.0,v1,10,I/O,4.660999,0.518317699432373
Vaex,Bank Marketing,4.13.0,v1,10,I/O,1.150388,0.1354618072509765
Vaex,Bank Marketing,4.13.0,v1,10,I/O,1.032529,0.1161911487579345
Vaex,Bank Marketing,4.13.0,v1,10,Missing,0.007506,0.0013568401336669
Vaex,Bank Marketing,4.13.0,v1,10,Missing,0.082032,0.0097036361694335
Vaex,Bank Marketing,4.13.0,v1,10,Missing,0.142821,0.0165021419525146
Vaex,Bank Marketing,4.13.0,v1,10,Missing,0.005493,0.0011487007141113
Vaex,Bank Marketing,4.13.0,v1,10,Row/Column,0.007751,0.0014834403991699
Vaex,Bank Marketing,4.13.0,v1,10,Aggregation,0.283873,0.0221621990203857
Vaex,Bank Marketing,4.13.0,v1,10,Row/Column,0.0094,0.0018849372863769
Vaex,Bank Marketing,4.13.0,v1,10,Row/Column,0.017762,0.00254487991333
Vaex,Bank Marketing,4.13.0,v1,10,Row/Column,0.05365,0.0062634944915771
Vaex,Bank Marketing,4.13.0,v1,10,Aggregation,0.067872,0.0127537250518798
Vaex,Bank Marketing,4.13.0,v1,10,Aggregation,0.042602,0.0047354698181152
Vaex,Bank Marketing,4.13.0,v1,10,Aggregation,0.056702,0.0064051151275634
Vaex,Bank Marketing,4.13.0,v1,10,Aggregation,0.044128,0.004521369934082
Vaex,Bank Marketing,4.13.0,v1,10,Aggregation,0.039306,0.0043721199035644
Vaex,Bank Marketing,4.13.0,v1,10,Row/Column,0.230285,0.0119497776031494
Vaex,Bank Marketing,4.13.0,v1,10,I/O,0.502012,0.0556211471557617
Vaex,Bank Marketing,4.13.0,v1,10,I/O,4.690662,0.5133984088897705
Vaex,Bank Marketing,4.13.0,v1,10,I/O,1.139524,0.1329319477081298
Vaex,Bank Marketing,4.13.0,v1,10,I/O,1.055845,0.1156017780303955
Vaex,Bank Marketing,4.13.0,v1,10,Missing,0.009705,0.0013720989227294
Vaex,Bank Marketing,4.13.0,v1,10,Missing,0.077393,0.0096535682678222
Vaex,Bank Marketing,4.13.0,v1,10,Missing,0.153075,0.0170586109161376
Vaex,Bank Marketing,4.13.0,v1,10,Missing,0.006226,0.0011572837829589
Vaex,Bank Marketing,4.13.0,v1,10,Row/Column,0.003601,0.0014646053314208
Vaex,Bank Marketing,4.13.0,v1,10,Aggregation,0.286376,0.022439956665039
Vaex,Bank Marketing,4.13.0,v1,10,Row/Column,0.016845,0.0020763874053955
Vaex,Bank Marketing,4.13.0,v1,10,Row/Column,0.021119,0.002537727355957
Vaex,Bank Marketing,4.13.0,v1,10,Row/Column,0.034302,0.0047495365142822
Vaex,Bank Marketing,4.13.0,v1,10,Aggregation,0.073974,0.0120856761932373
Vaex,Bank Marketing,4.13.0,v1,10,Aggregation,0.045898,0.0047838687896728
Vaex,Bank Marketing,4.13.0,v1,10,Aggregation,0.045838,0.0058863162994384
Vaex,Bank Marketing,4.13.0,v1,10,Aggregation,0.038269,0.0047526359558105
Vaex,Bank Marketing,4.13.0,v1,10,Aggregation,0.039367,0.0044715404510498
Vaex,Bank Marketing,4.13.0,v1,10,Row/Column,0.225157,0.0120136737823486
Vaex,Bank Marketing,4.15.0,v2,10,I/O,0.516295,0.0577106475830078
Vaex,Bank Marketing,4.15.0,v2,10,I/O,4.315906,0.4776234626770019
Vaex,Bank Marketing,4.15.0,v2,10,I/O,0.734008,0.0891716480255127
Vaex,Bank Marketing,4.15.0,v2,10,I/O,1.03491,0.1135103702545166
Vaex,Bank Marketing,4.15.0,v2,10,Missing,0.006286,0.0009572505950927
Vaex,Bank Marketing,4.15.0,v2,10,Missing,0.134033,0.0213937759399414
Vaex,Bank Marketing,4.15.0,v2,10,Missing,0.137451,0.0152320861816406
Vaex,Bank Marketing,4.15.0,v2,10,Missing,0.002685,0.001000165939331
Vaex,Bank Marketing,4.15.0,v2,10,Row/Column,0.008057,0.0012660026550292
Vaex,Bank Marketing,4.15.0,v2,10,Aggregation,0.325683,0.0231399536132812
Vaex,Bank Marketing,4.15.0,v2,10,Row/Column,0.043762,0.0099947452545166
Vaex,Bank Marketing,4.15.0,v2,10,Row/Column,0.041869,0.0102272033691406
Vaex,Bank Marketing,4.15.0,v2,10,Row/Column,0.054809,0.010960578918457
Vaex,Bank Marketing,4.15.0,v2,10,Aggregation,0.068909,0.0053248405456542
Vaex,Bank Marketing,4.15.0,v2,10,Aggregation,0.037109,0.0046596527099609
Vaex,Bank Marketing,4.15.0,v2,10,Aggregation,0.054198,0.0063774585723876
Vaex,Bank Marketing,4.15.0,v2,10,Aggregation,0.067017,0.0122575759887695
Vaex,Bank Marketing,4.15.0,v2,10,Aggregation,0.03717,0.0047249794006347
Vaex,Bank Marketing,4.15.0,v2,10,Row/Column,0.165588,0.0176618099212646
Vaex,Bank Marketing,4.15.0,v2,10,I/O,0.46466,0.0467467308044433
Vaex,Bank Marketing,4.15.0,v2,10,I/O,4.150868,0.4442641735076904
Vaex,Bank Marketing,4.15.0,v2,10,I/O,0.711363,0.0878403186798095
Vaex,Bank Marketing,4.15.0,v2,10,I/O,1.016111,0.1129517555236816
Vaex,Bank Marketing,4.15.0,v2,10,Missing,0.007142,0.0012257099151611
Vaex,Bank Marketing,4.15.0,v2,10,Missing,0.067261,0.0087602138519287
Vaex,Bank Marketing,4.15.0,v2,10,Missing,0.131469,0.015294075012207
Vaex,Bank Marketing,4.15.0,v2,10,Missing,0.008056,0.0010926723480224
Vaex,Bank Marketing,4.15.0,v2,10,Row/Column,0.008179,0.0012085437774658
Vaex,Bank Marketing,4.15.0,v2,10,Aggregation,0.181274,0.0190334320068359
Vaex,Bank Marketing,4.15.0,v2,10,Row/Column,0.007811,0.0018172264099121
Vaex,Bank Marketing,4.15.0,v2,10,Row/Column,0.016113,0.0023500919342041
Vaex,Bank Marketing,4.15.0,v2,10,Row/Column,0.036316,0.0043168067932128
Vaex,Bank Marketing,4.15.0,v2,10,Aggregation,0.080871,0.0075488090515136
Vaex,Bank Marketing,4.15.0,v2,10,Aggregation,0.043701,0.0051808357238769
Vaex,Bank Marketing,4.15.0,v2,10,Aggregation,0.057495,0.0065929889678955
Vaex,Bank Marketing,4.15.0,v2,10,Aggregation,0.048889,0.0053999423980712
Vaex,Bank Marketing,4.15.0,v2,10,Aggregation,0.037963,0.0048825740814208
Vaex,Bank Marketing,4.15.0,v2,10,Row/Column,0.153259,0.0108294486999511
Vaex,Bank Marketing,4.15.0,v2,10,I/O,0.47705,0.0463480949401855
Vaex,Bank Marketing,4.15.0,v2,10,I/O,4.042104,0.4365284442901611
Vaex,Bank Marketing,4.15.0,v2,10,I/O,0.709166,0.0859477519989013
Vaex,Bank Marketing,4.15.0,v2,10,I/O,1.081661,0.1234276294708252
Vaex,Bank Marketing,4.15.0,v2,10,Missing,0.008239,0.0010328292846679
Vaex,Bank Marketing,4.15.0,v2,10,Missing,0.074401,0.0091502666473388
Vaex,Bank Marketing,4.15.0,v2,10,Missing,0.135132,0.0159051418304443
Vaex,Bank Marketing,4.15.0,v2,10,Missing,0.007142,0.0011172294616699
Vaex,Bank Marketing,4.15.0,v2,10,Row/Column,0.007691,0.0012476444244384
Vaex,Bank Marketing,4.15.0,v2,10,Aggregation,0.172486,0.0188415050506591
Vaex,Bank Marketing,4.15.0,v2,10,Row/Column,0.009338,0.0018672943115234
Vaex,Bank Marketing,4.15.0,v2,10,Row/Column,0.016846,0.0022954940795898
Vaex,Bank Marketing,4.15.0,v2,10,Row/Column,0.034851,0.0043752193450927
Vaex,Bank Marketing,4.15.0,v2,10,Aggregation,0.049683,0.0047254562377929
Vaex,Bank Marketing,4.15.0,v2,10,Aggregation,0.046143,0.00527024269104
Vaex,Bank Marketing,4.15.0,v2,10,Aggregation,0.046387,0.006108283996582
Vaex,Bank Marketing,4.15.0,v2,10,Aggregation,0.048523,0.0049946308135986
Vaex,Bank Marketing,4.15.0,v2,10,Aggregation,0.036499,0.0046963691711425
Vaex,Bank Marketing,4.15.0,v2,10,Row/Column,0.144592,0.0105049610137939
Vaex,Bank Marketing,4.15.0,v2,10,I/O,0.44763,0.0466995239257812
Vaex,Bank Marketing,4.15.0,v2,10,I/O,4.116383,0.4492115974426269
Vaex,Bank Marketing,4.15.0,v2,10,I/O,0.69641,0.0857524871826171
Vaex,Bank Marketing,4.15.0,v2,10,I/O,1.068722,0.123502492904663
Vaex,Bank Marketing,4.15.0,v2,10,Missing,0.00763,0.0012376308441162
Vaex,Bank Marketing,4.15.0,v2,10,Missing,0.067931,0.0089242458343505
Vaex,Bank Marketing,4.15.0,v2,10,Missing,0.132079,0.0154287815093994
Vaex,Bank Marketing,4.15.0,v2,10,Missing,0.000671,0.0007493495941162
Vaex,Bank Marketing,4.15.0,v2,10,Row/Column,0.003663,0.001178503036499
Vaex,Bank Marketing,4.15.0,v2,10,Aggregation,0.181579,0.0183043479919433
Vaex,Bank Marketing,4.15.0,v2,10,Row/Column,0.009887,0.0018646717071533
Vaex,Bank Marketing,4.15.0,v2,10,Row/Column,0.017211,0.0023543834686279
Vaex,Bank Marketing,4.15.0,v2,10,Row/Column,0.034973,0.0043470859527587
Vaex,Bank Marketing,4.15.0,v2,10,Aggregation,0.046326,0.0050413608551025
Vaex,Bank Marketing,4.15.0,v2,10,Aggregation,0.046448,0.0051097869873046
Vaex,Bank Marketing,4.15.0,v2,10,Aggregation,0.056518,0.0064046382904052
Vaex,Bank Marketing,4.15.0,v2,10,Aggregation,0.048523,0.0053396224975585
Vaex,Bank Marketing,4.15.0,v2,10,Aggregation,0.039673,0.0051596164703369
Vaex,Bank Marketing,4.15.0,v2,10,Row/Column,0.14508,0.0105316638946533
Vaex,Bank Marketing,4.15.0,v2,10,I/O,0.438414,0.0460758209228515
Vaex,Bank Marketing,4.15.0,v2,10,I/O,4.139394,0.4437782764434814
Vaex,Bank Marketing,4.15.0,v2,10,I/O,0.707517,0.0857336521148681
Vaex,Bank Marketing,4.15.0,v2,10,I/O,1.080503,0.1228606700897216
Vaex,Bank Marketing,4.15.0,v2,10,Missing,0.001892,0.0010468959808349
Vaex,Bank Marketing,4.15.0,v2,10,Missing,0.071228,0.0088815689086914
Vaex,Bank Marketing,4.15.0,v2,10,Missing,0.136047,0.0157828330993652
Vaex,Bank Marketing,4.15.0,v2,10,Missing,0.008545,0.0010700225830078
Vaex,Bank Marketing,4.15.0,v2,10,Row/Column,0.007751,0.0012922286987304
Vaex,Bank Marketing,4.15.0,v2,10,Aggregation,0.173401,0.0188045501708984
Vaex,Bank Marketing,4.15.0,v2,10,Row/Column,0.015625,0.0018973350524902
Vaex,Bank Marketing,4.15.0,v2,10,Row/Column,0.018066,0.0023806095123291
Vaex,Bank Marketing,4.15.0,v2,10,Row/Column,0.031371,0.0043516159057617
Vaex,Bank Marketing,4.15.0,v2,10,Aggregation,0.056823,0.0045821666717529
Vaex,Bank Marketing,4.15.0,v2,10,Aggregation,0.048096,0.0050396919250488
Vaex,Bank Marketing,4.15.0,v2,10,Aggregation,0.058777,0.0063152313232421
Vaex,Bank Marketing,4.15.0,v2,10,Aggregation,0.038268,0.0045573711395263
Vaex,Bank Marketing,4.15.0,v2,10,Aggregation,0.039612,0.0048944950103759
Vaex,Bank Marketing,4.15.0,v2,10,Row/Column,0.143493,0.0100500583648681
Vaex,Bank Marketing,4.15.0,v2,10,I/O,0.4505,0.047532320022583
Vaex,Bank Marketing,4.15.0,v2,10,I/O,4.189076,0.4466726779937744
Vaex,Bank Marketing,4.15.0,v2,10,I/O,0.712216,0.0855047702789306
Vaex,Bank Marketing,4.15.0,v2,10,I/O,1.092099,0.1236658096313476
Vaex,Bank Marketing,4.15.0,v2,10,Missing,0.007628,0.001246690750122
Vaex,Bank Marketing,4.15.0,v2,10,Missing,0.075073,0.0087556838989257
Vaex,Bank Marketing,4.15.0,v2,10,Missing,0.130919,0.015256643295288
Vaex,Bank Marketing,4.15.0,v2,10,Missing,0.008362,0.0011134147644042
Vaex,Bank Marketing,4.15.0,v2,10,Row/Column,0.005065,0.0012345314025878
Vaex,Bank Marketing,4.15.0,v2,10,Aggregation,0.18103,0.0187535285949707
Vaex,Bank Marketing,4.15.0,v2,10,Row/Column,0.01355,0.0018737316131591
Vaex,Bank Marketing,4.15.0,v2,10,Row/Column,0.016785,0.0021500587463378
Vaex,Bank Marketing,4.15.0,v2,10,Row/Column,0.034851,0.0043058395385742
Vaex,Bank Marketing,4.15.0,v2,10,Aggregation,0.085266,0.0077686309814453
Vaex,Bank Marketing,4.15.0,v2,10,Aggregation,0.03717,0.0048747062683105
Vaex,Bank Marketing,4.15.0,v2,10,Aggregation,0.052978,0.0066750049591064
Vaex,Bank Marketing,4.15.0,v2,10,Aggregation,0.051025,0.0055477619171142
Vaex,Bank Marketing,4.15.0,v2,10,Aggregation,0.045106,0.0048916339874267
Vaex,Bank Marketing,4.15.0,v2,10,Row/Column,0.143005,0.0105938911437988
Vaex,Bank Marketing,4.15.0,v2,10,I/O,0.473631,0.0470874309539794
Vaex,Bank Marketing,4.15.0,v2,10,I/O,4.150807,0.4444644451141357
Vaex,Bank Marketing,4.15.0,v2,10,I/O,0.708067,0.0852830410003662
Vaex,Bank Marketing,4.15.0,v2,10,I/O,1.075803,0.1221003532409668
Vaex,Bank Marketing,4.15.0,v2,10,Missing,0.0,0.0007660388946533
Vaex,Bank Marketing,4.15.0,v2,10,Missing,0.06781,0.0086889266967773
Vaex,Bank Marketing,4.15.0,v2,10,Missing,0.132812,0.0155620574951171
Vaex,Bank Marketing,4.15.0,v2,10,Missing,0.000427,0.0007414817810058
Vaex,Bank Marketing,4.15.0,v2,10,Row/Column,0.008056,0.0012497901916503
Vaex,Bank Marketing,4.15.0,v2,10,Aggregation,0.179259,0.0187666416168212
Vaex,Bank Marketing,4.15.0,v2,10,Row/Column,0.009156,0.0015511512756347
Vaex,Bank Marketing,4.15.0,v2,10,Row/Column,0.013061,0.002044677734375
Vaex,Bank Marketing,4.15.0,v2,10,Row/Column,0.034546,0.0042145252227783
Vaex,Bank Marketing,4.15.0,v2,10,Aggregation,0.05072,0.0050177574157714
Vaex,Bank Marketing,4.15.0,v2,10,Aggregation,0.046082,0.0049939155578613
Vaex,Bank Marketing,4.15.0,v2,10,Aggregation,0.055786,0.0063552856445312
Vaex,Bank Marketing,4.15.0,v2,10,Aggregation,0.04718,0.0051357746124267
Vaex,Bank Marketing,4.15.0,v2,10,Aggregation,0.043823,0.0048778057098388
Vaex,Bank Marketing,4.15.0,v2,10,Row/Column,0.155944,0.0104744434356689
Vaex,Bank Marketing,4.15.0,v2,10,I/O,0.464415,0.0465500354766845
Vaex,Bank Marketing,4.15.0,v2,10,I/O,4.077686,0.4487361907958984
Vaex,Bank Marketing,4.15.0,v2,10,I/O,0.709288,0.0876669883728027
Vaex,Bank Marketing,4.15.0,v2,10,I/O,1.077695,0.1219716072082519
Vaex,Bank Marketing,4.15.0,v2,10,Missing,0.0,0.0007691383361816
Vaex,Bank Marketing,4.15.0,v2,10,Missing,0.068116,0.0086941719055175
Vaex,Bank Marketing,4.15.0,v2,10,Missing,0.133972,0.015155553817749
Vaex,Bank Marketing,4.15.0,v2,10,Missing,0.0,0.0007805824279785
Vaex,Bank Marketing,4.15.0,v2,10,Row/Column,0.001648,0.0009477138519287
Vaex,Bank Marketing,4.15.0,v2,10,Aggregation,0.176696,0.0193011760711669
Vaex,Bank Marketing,4.15.0,v2,10,Row/Column,0.015381,0.0018746852874755
Vaex,Bank Marketing,4.15.0,v2,10,Row/Column,0.023132,0.0022807121276855
Vaex,Bank Marketing,4.15.0,v2,10,Row/Column,0.047912,0.0058889389038085
Vaex,Bank Marketing,4.15.0,v2,10,Aggregation,0.052917,0.0048177242279052
Vaex,Bank Marketing,4.15.0,v2,10,Aggregation,0.040955,0.0050456523895263
Vaex,Bank Marketing,4.15.0,v2,10,Aggregation,0.057312,0.0064883232116699
Vaex,Bank Marketing,4.15.0,v2,10,Aggregation,0.046448,0.0050852298736572
Vaex,Bank Marketing,4.15.0,v2,10,Aggregation,0.044922,0.0052247047424316
Vaex,Bank Marketing,4.15.0,v2,10,Row/Column,0.142577,0.010547399520874
Vaex,Bank Marketing,4.15.0,v2,10,I/O,0.44403,0.0469038486480712
Vaex,Bank Marketing,4.15.0,v2,10,I/O,4.084035,0.4475438594818115
Vaex,Bank Marketing,4.15.0,v2,10,I/O,0.707335,0.0857295989990234
Vaex,Bank Marketing,4.15.0,v2,10,I/O,1.072324,0.122835636138916
Vaex,Bank Marketing,4.15.0,v2,10,Missing,0.007568,0.0011243820190429
Vaex,Bank Marketing,4.15.0,v2,10,Missing,0.06958,0.0089004039764404
Vaex,Bank Marketing,4.15.0,v2,10,Missing,0.132446,0.0154507160186767
Vaex,Bank Marketing,4.15.0,v2,10,Missing,0.002746,0.0011401176452636
Vaex,Bank Marketing,4.15.0,v2,10,Row/Column,0.008057,0.0012509822845458
Vaex,Bank Marketing,4.15.0,v2,10,Aggregation,0.175658,0.0186364650726318
Vaex,Bank Marketing,4.15.0,v2,10,Row/Column,0.008484,0.0018141269683837
Vaex,Bank Marketing,4.15.0,v2,10,Row/Column,0.027038,0.0023536682128906
Vaex,Bank Marketing,4.15.0,v2,10,Row/Column,0.03064,0.0043246746063232
Vaex,Bank Marketing,4.15.0,v2,10,Aggregation,0.055908,0.0046854019165039
Vaex,Bank Marketing,4.15.0,v2,10,Aggregation,0.04541,0.0051829814910888
Vaex,Bank Marketing,4.15.0,v2,10,Aggregation,0.056579,0.0063593387603759
Vaex,Bank Marketing,4.15.0,v2,10,Aggregation,0.042358,0.005136489868164
Vaex,Bank Marketing,4.15.0,v2,10,Aggregation,0.044555,0.0051760673522949
Vaex,Bank Marketing,4.15.0,v2,10,Row/Column,0.151916,0.0105211734771728
Vaex,Bank Marketing,4.15.0,v2,10,I/O,0.470458,0.047753095626831
Vaex,Bank Marketing,4.15.0,v2,10,I/O,6.54228,0.4527297019958496
Vaex,Bank Marketing,4.15.0,v2,10,I/O,0.688475,0.0838184356689453
Vaex,Bank Marketing,4.15.0,v2,10,I/O,1.082028,0.1224873065948486
Vaex,Bank Marketing,4.15.0,v2,10,Missing,0.006408,0.0012314319610595
Vaex,Bank Marketing,4.15.0,v2,10,Missing,0.067505,0.0086662769317626
Vaex,Bank Marketing,4.15.0,v2,10,Missing,0.134399,0.0151436328887939
Vaex,Bank Marketing,4.15.0,v2,10,Missing,0.008972,0.0010538101196289
Vaex,Bank Marketing,4.15.0,v2,10,Row/Column,0.003418,0.0010647773742675
Vaex,Bank Marketing,4.15.0,v2,10,Aggregation,0.172485,0.0189113616943359
Vaex,Bank Marketing,4.15.0,v2,10,Row/Column,0.008545,0.0018894672393798
Vaex,Bank Marketing,4.15.0,v2,10,Row/Column,0.019409,0.0022211074829101
Vaex,Bank Marketing,4.15.0,v2,10,Row/Column,0.047241,0.0058910846710205
Vaex,Bank Marketing,4.15.0,v2,10,Aggregation,0.048828,0.0051918029785156
Vaex,Bank Marketing,4.15.0,v2,10,Aggregation,0.057496,0.0047683715820312
Vaex,Bank Marketing,4.15.0,v2,10,Aggregation,0.056397,0.0065324306488037
Vaex,Bank Marketing,4.15.0,v2,10,Aggregation,0.047119,0.0052132606506347
Vaex,Bank Marketing,4.15.0,v2,10,Aggregation,0.047607,0.00541353225708
Vaex,Bank Marketing,4.15.0,v2,10,Row/Column,0.147766,0.0106978416442871
Vaex,Bank Marketing,4.17.0,v0,10,I/O,0.505064,0.0552258491516113
Vaex,Bank Marketing,4.17.0,v0,10,I/O,4.253591,0.4767680168151855
Vaex,Bank Marketing,4.17.0,v0,10,I/O,0.704221,0.0916016101837158
Vaex,Bank Marketing,4.17.0,v0,10,I/O,1.007444,0.1153745651245117
Vaex,Bank Marketing,4.17.0,v0,10,Missing,0.008056,0.0012123584747314
Vaex,Bank Marketing,4.17.0,v0,10,Missing,0.141785,0.0229663848876953
Vaex,Bank Marketing,4.17.0,v0,10,Missing,0.13861,0.0165996551513671
Vaex,Bank Marketing,4.17.0,v0,10,Missing,0.007323,0.0010719299316406
Vaex,Bank Marketing,4.17.0,v0,10,Row/Column,0.008545,0.0012507438659667
Vaex,Bank Marketing,4.17.0,v0,10,Aggregation,0.362792,0.0243840217590332
Vaex,Bank Marketing,4.17.0,v0,10,Row/Column,0.028321,0.0087733268737792
Vaex,Bank Marketing,4.17.0,v0,10,Row/Column,0.036316,0.0097906589508056
Vaex,Bank Marketing,4.17.0,v0,10,Row/Column,0.054747,0.0110888481140136
Vaex,Bank Marketing,4.17.0,v0,10,Aggregation,0.041565,0.0037579536437988
Vaex,Bank Marketing,4.17.0,v0,10,Aggregation,0.027404,0.003364086151123
Vaex,Bank Marketing,4.17.0,v0,10,Aggregation,0.03772,0.0048224925994873
Vaex,Bank Marketing,4.17.0,v0,10,Aggregation,0.047791,0.0104191303253173
Vaex,Bank Marketing,4.17.0,v0,10,Aggregation,0.033935,0.0047557353973388
Vaex,Bank Marketing,4.17.0,v0,10,Row/Column,0.163391,0.0164203643798828
Vaex,Bank Marketing,4.17.0,v0,10,I/O,0.451904,0.0463988780975341
Vaex,Bank Marketing,4.17.0,v0,10,I/O,4.055776,0.4494314193725586
Vaex,Bank Marketing,4.17.0,v0,10,I/O,0.708189,0.087346076965332
Vaex,Bank Marketing,4.17.0,v0,10,I/O,1.075436,0.1237802505493164
Vaex,Bank Marketing,4.17.0,v0,10,Missing,0.007324,0.0011360645294189
Vaex,Bank Marketing,4.17.0,v0,10,Missing,0.074707,0.009106159210205
Vaex,Bank Marketing,4.17.0,v0,10,Missing,0.130431,0.0154058933258056
Vaex,Bank Marketing,4.17.0,v0,10,Missing,0.007995,0.0011346340179443
Vaex,Bank Marketing,4.17.0,v0,10,Row/Column,0.005249,0.0012428760528564
Vaex,Bank Marketing,4.17.0,v0,10,Aggregation,0.199645,0.0198607444763183
Vaex,Bank Marketing,4.17.0,v0,10,Row/Column,0.009827,0.0017404556274414
Vaex,Bank Marketing,4.17.0,v0,10,Row/Column,0.018066,0.0023953914642333
Vaex,Bank Marketing,4.17.0,v0,10,Row/Column,0.036133,0.0043873786926269
Vaex,Bank Marketing,4.17.0,v0,10,Aggregation,0.042908,0.0037596225738525
Vaex,Bank Marketing,4.17.0,v0,10,Aggregation,0.024719,0.0034894943237304
Vaex,Bank Marketing,4.17.0,v0,10,Aggregation,0.034912,0.0046422481536865
Vaex,Bank Marketing,4.17.0,v0,10,Aggregation,0.025024,0.003448486328125
Vaex,Bank Marketing,4.17.0,v0,10,Aggregation,0.023254,0.0033583641052246
Vaex,Bank Marketing,4.17.0,v0,10,Row/Column,0.151977,0.0092620849609375
Vaex,Bank Marketing,4.17.0,v0,10,I/O,0.448118,0.0461587905883789
Vaex,Bank Marketing,4.17.0,v0,10,I/O,3.991689,0.4415082931518554
Vaex,Bank Marketing,4.17.0,v0,10,I/O,0.67108,0.084705114364624
Vaex,Bank Marketing,4.17.0,v0,10,I/O,1.052243,0.1220684051513671
Vaex,Bank Marketing,4.17.0,v0,10,Missing,0.008972,0.0011022090911865
Vaex,Bank Marketing,4.17.0,v0,10,Missing,0.068786,0.0088937282562255
Vaex,Bank Marketing,4.17.0,v0,10,Missing,0.131469,0.0151560306549072
Vaex,Bank Marketing,4.17.0,v0,10,Missing,0.00763,0.0010960102081298
Vaex,Bank Marketing,4.17.0,v0,10,Row/Column,0.002992,0.0012679100036621
Vaex,Bank Marketing,4.17.0,v0,10,Aggregation,0.190612,0.01763916015625
Vaex,Bank Marketing,4.17.0,v0,10,Row/Column,0.009825,0.0018703937530517
Vaex,Bank Marketing,4.17.0,v0,10,Row/Column,0.012329,0.002347707748413
Vaex,Bank Marketing,4.17.0,v0,10,Row/Column,0.035096,0.0042879581451416
Vaex,Bank Marketing,4.17.0,v0,10,Aggregation,0.043579,0.0035514831542968
Vaex,Bank Marketing,4.17.0,v0,10,Aggregation,0.030396,0.0034053325653076
Vaex,Bank Marketing,4.17.0,v0,10,Aggregation,0.062805,0.0075807571411132
Vaex,Bank Marketing,4.17.0,v0,10,Aggregation,0.03119,0.0032377243041992
Vaex,Bank Marketing,4.17.0,v0,10,Aggregation,0.028565,0.0033435821533203
Vaex,Bank Marketing,4.17.0,v0,10,Row/Column,0.149231,0.0091078281402587
Vaex,Bank Marketing,4.17.0,v0,10,I/O,0.461791,0.0465059280395507
Vaex,Bank Marketing,4.17.0,v0,10,I/O,3.993337,0.4428098201751709
Vaex,Bank Marketing,4.17.0,v0,10,I/O,0.663085,0.0833227634429931
Vaex,Bank Marketing,4.17.0,v0,10,I/O,1.049313,0.1223692893981933
Vaex,Bank Marketing,4.17.0,v0,10,Missing,0.002565,0.0007770061492919
Vaex,Bank Marketing,4.17.0,v0,10,Missing,0.065247,0.0087490081787109
Vaex,Bank Marketing,4.17.0,v0,10,Missing,0.13153,0.0155389308929443
Vaex,Bank Marketing,4.17.0,v0,10,Missing,0.001159,0.0007438659667968
Vaex,Bank Marketing,4.17.0,v0,10,Row/Column,0.012085,0.0012311935424804
Vaex,Bank Marketing,4.17.0,v0,10,Aggregation,0.188293,0.0176818370819091
Vaex,Bank Marketing,4.17.0,v0,10,Row/Column,0.011292,0.0018951892852783
Vaex,Bank Marketing,4.17.0,v0,10,Row/Column,0.013856,0.00236177444458
Vaex,Bank Marketing,4.17.0,v0,10,Row/Column,0.035584,0.0040647983551025
Vaex,Bank Marketing,4.17.0,v0,10,Aggregation,0.026244,0.0034182071685791
Vaex,Bank Marketing,4.17.0,v0,10,Aggregation,0.026673,0.0033035278320312
Vaex,Bank Marketing,4.17.0,v0,10,Aggregation,0.037658,0.0049474239349365
Vaex,Bank Marketing,4.17.0,v0,10,Aggregation,0.026794,0.0032472610473632
Vaex,Bank Marketing,4.17.0,v0,10,Aggregation,0.0307,0.003464937210083
Vaex,Bank Marketing,4.17.0,v0,10,Row/Column,0.142699,0.0089688301086425
Vaex,Bank Marketing,4.17.0,v0,10,I/O,0.447997,0.0462074279785156
Vaex,Bank Marketing,4.17.0,v0,10,I/O,4.097463,0.4422938823699951
Vaex,Bank Marketing,4.17.0,v0,10,I/O,0.665649,0.0832161903381347
Vaex,Bank Marketing,4.17.0,v0,10,I/O,1.060605,0.12239670753479
Vaex,Bank Marketing,4.17.0,v0,10,Missing,0.009521,0.0009572505950927
Vaex,Bank Marketing,4.17.0,v0,10,Missing,0.07367,0.0089187622070312
Vaex,Bank Marketing,4.17.0,v0,10,Missing,0.13208,0.0151529312133789
Vaex,Bank Marketing,4.17.0,v0,10,Missing,0.002625,0.0010554790496826
Vaex,Bank Marketing,4.17.0,v0,10,Row/Column,0.004395,0.0012595653533935
Vaex,Bank Marketing,4.17.0,v0,10,Aggregation,0.180541,0.0181865692138671
Vaex,Bank Marketing,4.17.0,v0,10,Row/Column,0.007508,0.0018608570098876
Vaex,Bank Marketing,4.17.0,v0,10,Row/Column,0.013,0.0023756027221679
Vaex,Bank Marketing,4.17.0,v0,10,Row/Column,0.033203,0.0042760372161865
Vaex,Bank Marketing,4.17.0,v0,10,Aggregation,0.055236,0.0063695907592773
Vaex,Bank Marketing,4.17.0,v0,10,Aggregation,0.023559,0.0032856464385986
Vaex,Bank Marketing,4.17.0,v0,10,Aggregation,0.035706,0.0046393871307373
Vaex,Bank Marketing,4.17.0,v0,10,Aggregation,0.027527,0.0033159255981445
Vaex,Bank Marketing,4.17.0,v0,10,Aggregation,0.021912,0.0032315254211425
Vaex,Bank Marketing,4.17.0,v0,10,Row/Column,0.148927,0.0093390941619873
Vaex,Bank Marketing,4.17.0,v0,10,I/O,0.465697,0.0466787815093994
Vaex,Bank Marketing,4.17.0,v0,10,I/O,3.994863,0.4399895668029785
Vaex,Bank Marketing,4.17.0,v0,10,I/O,0.677245,0.0835070610046386
Vaex,Bank Marketing,4.17.0,v0,10,I/O,1.058042,0.121485948562622
Vaex,Bank Marketing,4.17.0,v0,10,Missing,0.007751,0.0011343955993652
Vaex,Bank Marketing,4.17.0,v0,10,Missing,0.067932,0.0089602470397949
Vaex,Bank Marketing,4.17.0,v0,10,Missing,0.130859,0.0156695842742919
Vaex,Bank Marketing,4.17.0,v0,10,Missing,0.004639,0.0011329650878906
Vaex,Bank Marketing,4.17.0,v0,10,Row/Column,0.008484,0.0012996196746826
Vaex,Bank Marketing,4.17.0,v0,10,Aggregation,0.1745,0.0179433822631835
Vaex,Bank Marketing,4.17.0,v0,10,Row/Column,0.007813,0.0018699169158935
Vaex,Bank Marketing,4.17.0,v0,10,Row/Column,0.014221,0.0022919178009033
Vaex,Bank Marketing,4.17.0,v0,10,Row/Column,0.03888,0.0043339729309082
Vaex,Bank Marketing,4.17.0,v0,10,Aggregation,0.036988,0.0039217472076416
Vaex,Bank Marketing,4.17.0,v0,10,Aggregation,0.027954,0.0037031173706054
Vaex,Bank Marketing,4.17.0,v0,10,Aggregation,0.045715,0.0050299167633056
Vaex,Bank Marketing,4.17.0,v0,10,Aggregation,0.024659,0.0032904148101806
Vaex,Bank Marketing,4.17.0,v0,10,Aggregation,0.027465,0.0036866664886474
Vaex,Bank Marketing,4.17.0,v0,10,Row/Column,0.148436,0.0092496871948242
Vaex,Bank Marketing,4.17.0,v0,10,I/O,0.455871,0.0469801425933837
Vaex,Bank Marketing,4.17.0,v0,10,I/O,4.133962,0.4511353969573974
Vaex,Bank Marketing,4.17.0,v0,10,I/O,0.68701,0.0843775272369384
Vaex,Bank Marketing,4.17.0,v0,10,I/O,1.106746,0.1234805583953857
Vaex,Bank Marketing,4.17.0,v0,10,Missing,0.007874,0.0011405944824218
Vaex,Bank Marketing,4.17.0,v0,10,Missing,0.069274,0.0086936950683593
Vaex,Bank Marketing,4.17.0,v0,10,Missing,0.126282,0.0150370597839355
Vaex,Bank Marketing,4.17.0,v0,10,Missing,0.0,0.0007352828979492
Vaex,Bank Marketing,4.17.0,v0,10,Row/Column,0.008299,0.0012679100036621
Vaex,Bank Marketing,4.17.0,v0,10,Aggregation,0.185852,0.0181224346160888
Vaex,Bank Marketing,4.17.0,v0,10,Row/Column,0.008301,0.0015294551849365
Vaex,Bank Marketing,4.17.0,v0,10,Row/Column,0.020691,0.002082347869873
Vaex,Bank Marketing,4.17.0,v0,10,Row/Column,0.044005,0.0055410861968994
Vaex,Bank Marketing,4.17.0,v0,10,Aggregation,0.042175,0.0037627220153808
Vaex,Bank Marketing,4.17.0,v0,10,Aggregation,0.029907,0.0038216114044189
Vaex,Bank Marketing,4.17.0,v0,10,Aggregation,0.046631,0.0050218105316162
Vaex,Bank Marketing,4.17.0,v0,10,Aggregation,0.029418,0.0037224292755126
Vaex,Bank Marketing,4.17.0,v0,10,Aggregation,0.036072,0.0037577152252197
Vaex,Bank Marketing,4.17.0,v0,10,Row/Column,0.14807,0.0091376304626464
Vaex,Bank Marketing,4.17.0,v0,10,I/O,0.444273,0.0460658073425293
Vaex,Bank Marketing,4.17.0,v0,10,I/O,4.294545,0.4711887836456299
Vaex,Bank Marketing,4.17.0,v0,10,I/O,0.691831,0.0835781097412109
Vaex,Bank Marketing,4.17.0,v0,10,I/O,1.057676,0.121396780014038
Vaex,Bank Marketing,4.17.0,v0,10,Missing,0.009094,0.0011079311370849
Vaex,Bank Marketing,4.17.0,v0,10,Missing,0.071655,0.0092418193817138
Vaex,Bank Marketing,4.17.0,v0,10,Missing,0.13916,0.0153150558471679
Vaex,Bank Marketing,4.17.0,v0,10,Missing,0.008423,0.0011303424835205
Vaex,Bank Marketing,4.17.0,v0,10,Row/Column,0.006897,0.0012595653533935
Vaex,Bank Marketing,4.17.0,v0,10,Aggregation,0.169982,0.0175838470458984
Vaex,Bank Marketing,4.17.0,v0,10,Row/Column,0.00647,0.0018582344055175
Vaex,Bank Marketing,4.17.0,v0,10,Row/Column,0.021179,0.0023577213287353
Vaex,Bank Marketing,4.17.0,v0,10,Row/Column,0.033875,0.0043480396270751
Vaex,Bank Marketing,4.17.0,v0,10,Aggregation,0.047059,0.0036463737487792
Vaex,Bank Marketing,4.17.0,v0,10,Aggregation,0.033692,0.0037946701049804
Vaex,Bank Marketing,4.17.0,v0,10,Aggregation,0.048034,0.0049192905426025
Vaex,Bank Marketing,4.17.0,v0,10,Aggregation,0.03656,0.0036284923553466
Vaex,Bank Marketing,4.17.0,v0,10,Aggregation,0.047242,0.0055055618286132
Vaex,Bank Marketing,4.17.0,v0,10,Row/Column,0.155579,0.0105154514312744
Vaex,Bank Marketing,4.17.0,v0,10,I/O,0.465514,0.04752779006958
Vaex,Bank Marketing,4.17.0,v0,10,I/O,4.015432,0.4433333873748779
Vaex,Bank Marketing,4.17.0,v0,10,I/O,0.675047,0.0834009647369384
Vaex,Bank Marketing,4.17.0,v0,10,I/O,1.052366,0.1217288970947265
Vaex,Bank Marketing,4.17.0,v0,10,Missing,0.007751,0.0011441707611083
Vaex,Bank Marketing,4.17.0,v0,10,Missing,0.070922,0.0090296268463134
Vaex,Bank Marketing,4.17.0,v0,10,Missing,0.129089,0.0153007507324218
Vaex,Bank Marketing,4.17.0,v0,10,Missing,0.001343,0.0011043548583984
Vaex,Bank Marketing,4.17.0,v0,10,Row/Column,0.008118,0.0012106895446777
Vaex,Bank Marketing,4.17.0,v0,10,Aggregation,0.173401,0.0176923274993896
Vaex,Bank Marketing,4.17.0,v0,10,Row/Column,0.010315,0.0018713474273681
Vaex,Bank Marketing,4.17.0,v0,10,Row/Column,0.025085,0.003810167312622
Vaex,Bank Marketing,4.17.0,v0,10,Row/Column,0.03601,0.0044112205505371
Vaex,Bank Marketing,4.17.0,v0,10,Aggregation,0.043641,0.0038480758666992
Vaex,Bank Marketing,4.17.0,v0,10,Aggregation,0.026306,0.003558874130249
Vaex,Bank Marketing,4.17.0,v0,10,Aggregation,0.042359,0.0049457550048828
Vaex,Bank Marketing,4.17.0,v0,10,Aggregation,0.027648,0.0036375522613525
Vaex,Bank Marketing,4.17.0,v0,10,Aggregation,0.02655,0.003615379333496
Vaex,Bank Marketing,4.17.0,v0,10,Row/Column,0.150878,0.0092766284942626
Vaex,Bank Marketing,4.17.0,v0,10,I/O,0.485168,0.0469815731048584
Vaex,Bank Marketing,4.17.0,v0,10,I/O,4.100087,0.4478845596313476
Vaex,Bank Marketing,4.17.0,v0,10,I/O,0.681274,0.0831983089447021
Vaex,Bank Marketing,4.17.0,v0,10,I/O,1.052487,0.1215565204620361
Vaex,Bank Marketing,4.17.0,v0,10,Missing,0.007752,0.0011463165283203
Vaex,Bank Marketing,4.17.0,v0,10,Missing,0.074891,0.0089902877807617
Vaex,Bank Marketing,4.17.0,v0,10,Missing,0.133117,0.0153446197509765
Vaex,Bank Marketing,4.17.0,v0,10,Missing,0.004394,0.0011250972747802
Vaex,Bank Marketing,4.17.0,v0,10,Row/Column,0.005371,0.0012454986572265
Vaex,Bank Marketing,4.17.0,v0,10,Aggregation,0.177184,0.0178968906402587
Vaex,Bank Marketing,4.17.0,v0,10,Row/Column,0.007996,0.0018603801727294
Vaex,Bank Marketing,4.17.0,v0,10,Row/Column,0.017761,0.0023126602172851
Vaex,Bank Marketing,4.17.0,v0,10,Row/Column,0.039124,0.0044095516204833
Vaex,Bank Marketing,4.17.0,v0,10,Aggregation,0.028565,0.0035631656646728
Vaex,Bank Marketing,4.17.0,v0,10,Aggregation,0.026916,0.0034730434417724
Vaex,Bank Marketing,4.17.0,v0,10,Aggregation,0.063781,0.0073726177215576
Vaex,Bank Marketing,4.17.0,v0,10,Aggregation,0.030518,0.0035469532012939
Vaex,Bank Marketing,4.17.0,v0,10,Aggregation,0.030212,0.0039024353027343
Vaex,Bank Marketing,4.17.0,v0,10,Row/Column,0.154603,0.0096628665924072
Vaex,US Census 1990,4.13.0,v1,10,I/O,58.053318,6.06892466545105
Vaex,US Census 1990,4.13.0,v1,10,I/O,801.04873,91.3304045200348
Vaex,US Census 1990,4.13.0,v1,10,I/O,193.460686,21.761715173721317
Vaex,US Census 1990,4.13.0,v1,10,I/O,249.504122,28.404894828796387
Vaex,US Census 1990,4.13.0,v1,10,Missing,0.004944,0.0013167858123779
Vaex,US Census 1990,4.13.0,v1,10,Missing,0.516601,0.0657355785369873
Vaex,US Census 1990,4.13.0,v1,10,Missing,1.04083,0.1164736747741699
Vaex,US Census 1990,4.13.0,v1,10,Missing,0.00891,0.0010750293731689
Vaex,US Census 1990,4.13.0,v1,10,Row/Column,0.019532,0.0027356147766113
Vaex,US Census 1990,4.13.0,v1,10,Aggregation,0.396911,0.0318922996520996
Vaex,US Census 1990,4.13.0,v1,10,Row/Column,0.089904,0.0111029148101806
Vaex,US Census 1990,4.13.0,v1,10,Row/Column,0.325804,0.0396974086761474
Vaex,US Census 1990,4.13.0,v1,10,Row/Column,0.319336,0.0410239696502685
Vaex,US Census 1990,4.13.0,v1,10,Aggregation,0.096252,0.0137667655944824
Vaex,US Census 1990,4.13.0,v1,10,Aggregation,0.121765,0.0115232467651367
Vaex,US Census 1990,4.13.0,v1,10,Aggregation,0.113402,0.0148603916168212
Vaex,US Census 1990,4.13.0,v1,10,Aggregation,0.147399,0.0143442153930664
Vaex,US Census 1990,4.13.0,v1,10,Aggregation,0.063354,0.0056109428405761
Vaex,US Census 1990,4.13.0,v1,10,Row/Column,0.29248,0.0175495147705078
Vaex,US Census 1990,4.13.0,v1,10,I/O,52.622912,5.409064292907715
Vaex,US Census 1990,4.13.0,v1,10,I/O,811.000366,92.68157649040222
Vaex,US Census 1990,4.13.0,v1,10,I/O,187.028391,21.194660663604736
Vaex,US Census 1990,4.13.0,v1,10,I/O,254.61739,28.499090433120728
Vaex,US Census 1990,4.13.0,v1,10,Missing,0.02881,0.0106036663055419
Vaex,US Census 1990,4.13.0,v1,10,Missing,0.502684,0.0649962425231933
Vaex,US Census 1990,4.13.0,v1,10,Missing,1.086973,0.1274590492248535
Vaex,US Census 1990,4.13.0,v1,10,Missing,0.017456,0.0073437690734863
Vaex,US Census 1990,4.13.0,v1,10,Row/Column,0.0177,0.0028111934661865
Vaex,US Census 1990,4.13.0,v1,10,Aggregation,0.367553,0.0353331565856933
Vaex,US Census 1990,4.13.0,v1,10,Row/Column,0.039671,0.009925365447998
Vaex,US Census 1990,4.13.0,v1,10,Row/Column,0.283874,0.0305376052856445
Vaex,US Census 1990,4.13.0,v1,10,Row/Column,0.290344,0.0332734584808349
Vaex,US Census 1990,4.13.0,v1,10,Aggregation,0.170897,0.0375728607177734
Vaex,US Census 1990,4.13.0,v1,10,Aggregation,0.098267,0.0132555961608886
Vaex,US Census 1990,4.13.0,v1,10,Aggregation,0.120056,0.0143878459930419
Vaex,US Census 1990,4.13.0,v1,10,Aggregation,0.154175,0.015284776687622
Vaex,US Census 1990,4.13.0,v1,10,Aggregation,2.012445,0.2779200077056885
Vaex,US Census 1990,4.13.0,v1,10,Row/Column,0.248839,0.0100650787353515
Vaex,US Census 1990,4.13.0,v1,10,I/O,64.027729,7.066585063934326
Vaex,US Census 1990,4.13.0,v1,10,I/O,782.050731,89.54539847373962
Vaex,US Census 1990,4.13.0,v1,10,I/O,190.71582,21.63389492034912
Vaex,US Census 1990,4.13.0,v1,10,I/O,248.270116,28.24294424057007
Vaex,US Census 1990,4.13.0,v1,10,Missing,0.009888,0.001218557357788
Vaex,US Census 1990,4.13.0,v1,10,Missing,0.478575,0.0556788444519043
Vaex,US Census 1990,4.13.0,v1,10,Missing,1.048338,0.116189956665039
Vaex,US Census 1990,4.13.0,v1,10,Missing,0.007691,0.0011441707611083
Vaex,US Census 1990,4.13.0,v1,10,Row/Column,0.016358,0.0027320384979248
Vaex,US Census 1990,4.13.0,v1,10,Aggregation,0.301147,0.0238785743713378
Vaex,US Census 1990,4.13.0,v1,10,Row/Column,0.025451,0.003800630569458
Vaex,US Census 1990,4.13.0,v1,10,Row/Column,0.25299,0.0230574607849121
Vaex,US Census 1990,4.13.0,v1,10,Row/Column,0.302063,0.0346035957336425
Vaex,US Census 1990,4.13.0,v1,10,Aggregation,0.09491,0.013500690460205
Vaex,US Census 1990,4.13.0,v1,10,Aggregation,0.07312,0.0060992240905761
Vaex,US Census 1990,4.13.0,v1,10,Aggregation,0.098388,0.0076963901519775
Vaex,US Census 1990,4.13.0,v1,10,Aggregation,0.128539,0.0072357654571533
Vaex,US Census 1990,4.13.0,v1,10,Aggregation,0.064391,0.0059573650360107
Vaex,US Census 1990,4.13.0,v1,10,Row/Column,0.243958,0.0102324485778808
Vaex,US Census 1990,4.13.0,v1,10,I/O,57.498327,6.069767475128174
Vaex,US Census 1990,4.13.0,v1,10,I/O,785.955996,90.16829228401184
Vaex,US Census 1990,4.13.0,v1,10,I/O,192.571162,21.77100443840027
Vaex,US Census 1990,4.13.0,v1,10,I/O,257.952038,29.581729412078857
Vaex,US Census 1990,4.13.0,v1,10,Missing,0.00714,0.0011384487152099
Vaex,US Census 1990,4.13.0,v1,10,Missing,0.491759,0.0643708705902099
Vaex,US Census 1990,4.13.0,v1,10,Missing,1.052426,0.1171457767486572
Vaex,US Census 1990,4.13.0,v1,10,Missing,0.0,0.000781774520874
Vaex,US Census 1990,4.13.0,v1,10,Row/Column,0.016723,0.0028445720672607
Vaex,US Census 1990,4.13.0,v1,10,Aggregation,0.378723,0.0298635959625244
Vaex,US Census 1990,4.13.0,v1,10,Row/Column,0.05127,0.0107486248016357
Vaex,US Census 1990,4.13.0,v1,10,Row/Column,0.340575,0.03831148147583
Vaex,US Census 1990,4.13.0,v1,10,Row/Column,0.319762,0.0411376953125
Vaex,US Census 1990,4.13.0,v1,10,Aggregation,0.089965,0.0146634578704833
Vaex,US Census 1990,4.13.0,v1,10,Aggregation,0.112609,0.0113520622253417
Vaex,US Census 1990,4.13.0,v1,10,Aggregation,0.118347,0.014660358428955
Vaex,US Census 1990,4.13.0,v1,10,Aggregation,0.144226,0.0136449337005615
Vaex,US Census 1990,4.13.0,v1,10,Aggregation,0.061707,0.0055816173553466
Vaex,US Census 1990,4.13.0,v1,10,Row/Column,0.276,0.0171625614166259
Vaex,US Census 1990,4.13.0,v1,10,I/O,53.941817,5.514475107192993
Vaex,US Census 1990,4.13.0,v1,10,I/O,803.855486,92.17494416236876
Vaex,US Census 1990,4.13.0,v1,10,I/O,185.914135,20.98257088661194
Vaex,US Census 1990,4.13.0,v1,10,I/O,254.258015,29.094754457473755
Vaex,US Census 1990,4.13.0,v1,10,Missing,0.033387,0.0111443996429443
Vaex,US Census 1990,4.13.0,v1,10,Missing,0.495482,0.0632708072662353
Vaex,US Census 1990,4.13.0,v1,10,Missing,1.085935,0.1270666122436523
Vaex,US Census 1990,4.13.0,v1,10,Missing,0.028686,0.0078659057617187
Vaex,US Census 1990,4.13.0,v1,10,Row/Column,0.016906,0.0026009082794189
Vaex,US Census 1990,4.13.0,v1,10,Aggregation,0.365112,0.0381865501403808
Vaex,US Census 1990,4.13.0,v1,10,Row/Column,0.041076,0.0106358528137207
Vaex,US Census 1990,4.13.0,v1,10,Row/Column,0.280517,0.0330090522766113
Vaex,US Census 1990,4.13.0,v1,10,Row/Column,0.319762,0.0401830673217773
Vaex,US Census 1990,4.13.0,v1,10,Aggregation,0.114867,0.0172395706176757
Vaex,US Census 1990,4.13.0,v1,10,Aggregation,0.09497,0.0134882926940917
Vaex,US Census 1990,4.13.0,v1,10,Aggregation,0.119812,0.0141623020172119
Vaex,US Census 1990,4.13.0,v1,10,Aggregation,0.151122,0.0151987075805664
Vaex,US Census 1990,4.13.0,v1,10,Aggregation,1.986995,0.2806947231292724
Vaex,US Census 1990,4.13.0,v1,10,Row/Column,0.243346,0.0100326538085937
Vaex,US Census 1990,4.13.0,v1,10,I/O,62.457298,6.851041555404663
Vaex,US Census 1990,4.13.0,v1,10,I/O,786.325686,89.95534944534302
Vaex,US Census 1990,4.13.0,v1,10,I/O,194.620535,21.64414954185486
Vaex,US Census 1990,4.13.0,v1,10,I/O,257.958079,29.14093518257141
Vaex,US Census 1990,4.13.0,v1,10,Missing,0.007447,0.0014166831970214
Vaex,US Census 1990,4.13.0,v1,10,Missing,0.466857,0.0540063381195068
Vaex,US Census 1990,4.13.0,v1,10,Missing,1.029417,0.1168074607849121
Vaex,US Census 1990,4.13.0,v1,10,Missing,0.00592,0.0011425018310546
Vaex,US Census 1990,4.13.0,v1,10,Row/Column,0.017212,0.0029268264770507
Vaex,US Census 1990,4.13.0,v1,10,Aggregation,0.297058,0.0254690647125244
Vaex,US Census 1990,4.13.0,v1,10,Row/Column,0.032776,0.0038857460021972
Vaex,US Census 1990,4.13.0,v1,10,Row/Column,0.248291,0.0228159427642822
Vaex,US Census 1990,4.13.0,v1,10,Row/Column,0.301757,0.0342562198638916
Vaex,US Census 1990,4.13.0,v1,10,Aggregation,0.094543,0.0140447616577148
Vaex,US Census 1990,4.13.0,v1,10,Aggregation,0.071715,0.0063273906707763
Vaex,US Census 1990,4.13.0,v1,10,Aggregation,0.098633,0.0077934265136718
Vaex,US Census 1990,4.13.0,v1,10,Aggregation,0.129456,0.00738525390625
Vaex,US Census 1990,4.13.0,v1,10,Aggregation,0.061157,0.0059535503387451
Vaex,US Census 1990,4.13.0,v1,10,Row/Column,0.246214,0.0100045204162597
Vaex,US Census 1990,4.13.0,v1,10,I/O,66.589001,6.814909219741821
Vaex,US Census 1990,4.13.0,v1,10,I/O,766.77477,88.75893068313599
Vaex,US Census 1990,4.13.0,v1,10,I/O,192.106014,21.812074661254883
Vaex,US Census 1990,4.13.0,v1,10,I/O,255.688859,29.37736797332764
Vaex,US Census 1990,4.13.0,v1,10,Missing,0.001527,0.0011653900146484
Vaex,US Census 1990,4.13.0,v1,10,Missing,0.484373,0.0611467361450195
Vaex,US Census 1990,4.13.0,v1,10,Missing,1.063657,0.1189439296722412
Vaex,US Census 1990,4.13.0,v1,10,Missing,0.004516,0.0007891654968261
Vaex,US Census 1990,4.13.0,v1,10,Row/Column,0.016175,0.0027315616607666
Vaex,US Census 1990,4.13.0,v1,10,Aggregation,0.362671,0.0238044261932373
Vaex,US Census 1990,4.13.0,v1,10,Row/Column,0.058715,0.0116083621978759
Vaex,US Census 1990,4.13.0,v1,10,Row/Column,0.317076,0.0376543998718261
Vaex,US Census 1990,4.13.0,v1,10,Row/Column,0.333617,0.0413868427276611
Vaex,US Census 1990,4.13.0,v1,10,Aggregation,0.093811,0.0151929855346679
Vaex,US Census 1990,4.13.0,v1,10,Aggregation,0.113036,0.011157751083374
Vaex,US Census 1990,4.13.0,v1,10,Aggregation,0.118042,0.0143861770629882
Vaex,US Census 1990,4.13.0,v1,10,Aggregation,0.154052,0.0139257907867431
Vaex,US Census 1990,4.13.0,v1,10,Aggregation,0.060729,0.0058140754699707
Vaex,US Census 1990,4.13.0,v1,10,Row/Column,0.275513,0.017113447189331
Vaex,US Census 1990,4.13.0,v1,10,I/O,54.434858,5.650186777114868
Vaex,US Census 1990,4.13.0,v1,10,I/O,808.872197,91.68252396583556
Vaex,US Census 1990,4.13.0,v1,10,I/O,187.89289,21.200244903564453
Vaex,US Census 1990,4.13.0,v1,10,I/O,260.647892,29.151207447052
Vaex,US Census 1990,4.13.0,v1,10,Missing,0.046203,0.0106053352355957
Vaex,US Census 1990,4.13.0,v1,10,Missing,0.513365,0.0625598430633544
Vaex,US Census 1990,4.13.0,v1,10,Missing,1.09332,0.1274442672729492
Vaex,US Census 1990,4.13.0,v1,10,Missing,0.030455,0.0077638626098632
Vaex,US Census 1990,4.13.0,v1,10,Row/Column,0.017213,0.0027008056640625
Vaex,US Census 1990,4.13.0,v1,10,Aggregation,0.364257,0.0340240001678466
Vaex,US Census 1990,4.13.0,v1,10,Row/Column,0.045348,0.0106987953186035
Vaex,US Census 1990,4.13.0,v1,10,Row/Column,0.282958,0.0319173336029052
Vaex,US Census 1990,4.13.0,v1,10,Row/Column,0.306579,0.0342504978179931
Vaex,US Census 1990,4.13.0,v1,10,Aggregation,0.11267,0.0187335014343261
Vaex,US Census 1990,4.13.0,v1,10,Aggregation,0.08905,0.0138719081878662
Vaex,US Census 1990,4.13.0,v1,10,Aggregation,0.11792,0.0152997970581054
Vaex,US Census 1990,4.13.0,v1,10,Aggregation,0.150451,0.0165810585021972
Vaex,US Census 1990,4.13.0,v1,10,Aggregation,2.05041,0.2840268611907959
Vaex,US Census 1990,4.13.0,v1,10,Row/Column,0.24298,0.0104849338531494
Vaex,US Census 1990,4.13.0,v1,10,I/O,66.01393,7.386825084686279
Vaex,US Census 1990,4.13.0,v1,10,I/O,773.99686,90.1122190952301
Vaex,US Census 1990,4.13.0,v1,10,I/O,191.118895,21.760231018066406
Vaex,US Census 1990,4.13.0,v1,10,I/O,252.814661,29.11825704574585
Vaex,US Census 1990,4.13.0,v1,10,Missing,0.007201,0.0014188289642333
Vaex,US Census 1990,4.13.0,v1,10,Missing,0.461425,0.0521600246429443
Vaex,US Census 1990,4.13.0,v1,10,Missing,1.078184,0.1204895973205566
Vaex,US Census 1990,4.13.0,v1,10,Missing,0.007263,0.0010077953338623
Vaex,US Census 1990,4.13.0,v1,10,Row/Column,0.016601,0.0025620460510253
Vaex,US Census 1990,4.13.0,v1,10,Aggregation,0.297423,0.0262148380279541
Vaex,US Census 1990,4.13.0,v1,10,Row/Column,0.028443,0.0038955211639404
Vaex,US Census 1990,4.13.0,v1,10,Row/Column,0.252745,0.0230302810668945
Vaex,US Census 1990,4.13.0,v1,10,Row/Column,0.310973,0.0352392196655273
Vaex,US Census 1990,4.13.0,v1,10,Aggregation,0.098815,0.0154078006744384
Vaex,US Census 1990,4.13.0,v1,10,Aggregation,0.076232,0.006211519241333
Vaex,US Census 1990,4.13.0,v1,10,Aggregation,0.093933,0.0074753761291503
Vaex,US Census 1990,4.13.0,v1,10,Aggregation,0.135802,0.0076308250427246
Vaex,US Census 1990,4.13.0,v1,10,Aggregation,0.076294,0.005826711654663
Vaex,US Census 1990,4.13.0,v1,10,Row/Column,0.245727,0.0098838806152343
Vaex,US Census 1990,4.13.0,v1,10,I/O,66.906201,6.841328382492065
Vaex,US Census 1990,4.13.0,v1,10,I/O,774.10129,89.89925694465637
Vaex,US Census 1990,4.13.0,v1,10,I/O,196.231309,21.876458168029785
Vaex,US Census 1990,4.13.0,v1,10,I/O,257.039197,29.53536939620972
Vaex,US Census 1990,4.13.0,v1,10,Missing,0.003419,0.0012400150299072
Vaex,US Census 1990,4.13.0,v1,10,Missing,0.486694,0.0611872673034668
Vaex,US Census 1990,4.13.0,v1,10,Missing,1.053342,0.1171927452087402
Vaex,US Census 1990,4.13.0,v1,10,Missing,0.007263,0.0011477470397949
Vaex,US Census 1990,4.13.0,v1,10,Row/Column,0.016784,0.0027461051940917
Vaex,US Census 1990,4.13.0,v1,10,Aggregation,0.391478,0.0316781997680664
Vaex,US Census 1990,4.13.0,v1,10,Row/Column,0.05017,0.012585163116455
Vaex,US Census 1990,4.13.0,v1,10,Row/Column,0.314757,0.0397822856903076
Vaex,US Census 1990,4.13.0,v1,10,Row/Column,0.325439,0.0425922870635986
Vaex,US Census 1990,4.13.0,v1,10,Aggregation,0.093994,0.017996072769165
Vaex,US Census 1990,4.13.0,v1,10,Aggregation,0.119385,0.0117182731628417
Vaex,US Census 1990,4.13.0,v1,10,Aggregation,0.117859,0.0154600143432617
Vaex,US Census 1990,4.13.0,v1,10,Aggregation,0.169555,0.0153243541717529
Vaex,US Census 1990,4.13.0,v1,10,Aggregation,0.058289,0.0055899620056152
Vaex,US Census 1990,4.13.0,v1,10,Row/Column,0.293822,0.0204405784606933
Vaex,US Census 1990,4.15.0,v2,10,I/O,51.799489,5.471513032913208
Vaex,US Census 1990,4.15.0,v2,10,I/O,584.751677,67.20150685310364
Vaex,US Census 1990,4.15.0,v2,10,I/O,208.071549,23.43836808204651
Vaex,US Census 1990,4.15.0,v2,10,I/O,234.736887,26.993399143219
Vaex,US Census 1990,4.15.0,v2,10,Missing,0.007934,0.0011212825775146
Vaex,US Census 1990,4.15.0,v2,10,Missing,0.429137,0.0568823814392089
Vaex,US Census 1990,4.15.0,v2,10,Missing,0.951353,0.1080632209777832
Vaex,US Census 1990,4.15.0,v2,10,Missing,0.007507,0.001103401184082
Vaex,US Census 1990,4.15.0,v2,10,Row/Column,0.017457,0.0024971961975097
Vaex,US Census 1990,4.15.0,v2,10,Aggregation,0.372375,0.0291943550109863
Vaex,US Census 1990,4.15.0,v2,10,Row/Column,0.054687,0.0134658813476562
Vaex,US Census 1990,4.15.0,v2,10,Row/Column,0.296325,0.037109375
Vaex,US Census 1990,4.15.0,v2,10,Row/Column,0.286987,0.0372316837310791
Vaex,US Census 1990,4.15.0,v2,10,Aggregation,0.099915,0.0163953304290771
Vaex,US Census 1990,4.15.0,v2,10,Aggregation,0.113343,0.0113515853881835
Vaex,US Census 1990,4.15.0,v2,10,Aggregation,0.132873,0.0186057090759277
Vaex,US Census 1990,4.15.0,v2,10,Aggregation,0.113281,0.0139954090118408
Vaex,US Census 1990,4.15.0,v2,10,Aggregation,0.076782,0.0063889026641845
Vaex,US Census 1990,4.15.0,v2,10,Row/Column,0.260498,0.0172393321990966
Vaex,US Census 1990,4.15.0,v2,10,I/O,45.438971,4.652604579925537
Vaex,US Census 1990,4.15.0,v2,10,I/O,608.792937,69.01343870162964
Vaex,US Census 1990,4.15.0,v2,10,I/O,201.321873,22.81872272491455
Vaex,US Census 1990,4.15.0,v2,10,I/O,235.233651,26.30290579795837
Vaex,US Census 1990,4.15.0,v2,10,Missing,0.034301,0.011284589767456
Vaex,US Census 1990,4.15.0,v2,10,Missing,0.449645,0.0600588321685791
Vaex,US Census 1990,4.15.0,v2,10,Missing,0.960202,0.1157732009887695
Vaex,US Census 1990,4.15.0,v2,10,Missing,0.010193,0.0022718906402587
Vaex,US Census 1990,4.15.0,v2,10,Row/Column,0.015807,0.0023696422576904
Vaex,US Census 1990,4.15.0,v2,10,Aggregation,0.348083,0.0356800556182861
Vaex,US Census 1990,4.15.0,v2,10,Row/Column,0.04657,0.0102396011352539
Vaex,US Census 1990,4.15.0,v2,10,Row/Column,0.447082,0.0592362880706787
Vaex,US Census 1990,4.15.0,v2,10,Row/Column,2.408197,0.3768584728240967
Vaex,US Census 1990,4.15.0,v2,10,Aggregation,0.080444,0.0128383636474609
Vaex,US Census 1990,4.15.0,v2,10,Aggregation,0.079834,0.00630784034729
Vaex,US Census 1990,4.15.0,v2,10,Aggregation,0.100952,0.0079586505889892
Vaex,US Census 1990,4.15.0,v2,10,Aggregation,0.075805,0.006458044052124
Vaex,US Census 1990,4.15.0,v2,10,Aggregation,0.073058,0.0063235759735107
Vaex,US Census 1990,4.15.0,v2,10,Row/Column,0.233277,0.0144345760345458
Vaex,US Census 1990,4.15.0,v2,10,I/O,45.418402,4.703480005264282
Vaex,US Census 1990,4.15.0,v2,10,I/O,593.464178,69.43219137191772
Vaex,US Census 1990,4.15.0,v2,10,I/O,204.680201,23.433728456497192
Vaex,US Census 1990,4.15.0,v2,10,I/O,234.414317,26.490094900131226
Vaex,US Census 1990,4.15.0,v2,10,Missing,0.003845,0.0011253356933593
Vaex,US Census 1990,4.15.0,v2,10,Missing,0.413756,0.0483760833740234
Vaex,US Census 1990,4.15.0,v2,10,Missing,0.980833,0.1149945259094238
Vaex,US Census 1990,4.15.0,v2,10,Missing,0.008545,0.0011403560638427
Vaex,US Census 1990,4.15.0,v2,10,Row/Column,0.016174,0.0025179386138916
Vaex,US Census 1990,4.15.0,v2,10,Aggregation,0.252196,0.0226049423217773
Vaex,US Census 1990,4.15.0,v2,10,Row/Column,0.025329,0.0034866333007812
Vaex,US Census 1990,4.15.0,v2,10,Row/Column,0.21759,0.0246472358703613
Vaex,US Census 1990,4.15.0,v2,10,Row/Column,0.270263,0.0312044620513916
Vaex,US Census 1990,4.15.0,v2,10,Aggregation,0.086913,0.0127890110015869
Vaex,US Census 1990,4.15.0,v2,10,Aggregation,0.075928,0.0062394142150878
Vaex,US Census 1990,4.15.0,v2,10,Aggregation,0.102418,0.0083258152008056
Vaex,US Census 1990,4.15.0,v2,10,Aggregation,0.079407,0.0061316490173339
Vaex,US Census 1990,4.15.0,v2,10,Aggregation,0.080261,0.0062911510467529
Vaex,US Census 1990,4.15.0,v2,10,Row/Column,0.212707,0.009207010269165
Vaex,US Census 1990,4.15.0,v2,10,I/O,42.95943288367334,4.368440824173352
Vaex,US Census 1990,4.15.0,v2,10,I/O,603.2250041268708,71.1926502644801
Vaex,US Census 1990,4.15.0,v2,10,I/O,200.50077528937143,22.012659852899795
Vaex,US Census 1990,4.15.0,v2,10,I/O,238.17621729317233,28.50459288507817
Vaex,US Census 1990,4.15.0,v2,10,Missing,0.003797448182779261,0.0010462149424847
Vaex,US Census 1990,4.15.0,v2,10,Missing,0.41899884958399874,0.0462929751416139
Vaex,US Census 1990,4.15.0,v2,10,Missing,0.9585870701249765,0.1103495794491485
Vaex,US Census 1990,4.15.0,v2,10,Missing,0.007935770414541568,0.0011760848994772
Vaex,US Census 1990,4.15.0,v2,10,Row/Column,0.014620830625086442,0.002376440562422
Vaex,US Census 1990,4.15.0,v2,10,Aggregation,0.2715978657340881,0.0233364188611229
Vaex,US Census 1990,4.15.0,v2,10,Row/Column,0.02655911654927669,0.0036008374363684
Vaex,US Census 1990,4.15.0,v2,10,Row/Column,0.20433895778110558,0.0238823768752063
Vaex,US Census 1990,4.15.0,v2,10,Row/Column,0.2593962110710575,0.0317674874098463
Vaex,US Census 1990,4.15.0,v2,10,Aggregation,0.08919369911770478,0.0124117801065356
Vaex,US Census 1990,4.15.0,v2,10,Aggregation,0.07601682339132668,0.0058362024319489
Vaex,US Census 1990,4.15.0,v2,10,Aggregation,0.10195537882678164,0.0086210385380108
Vaex,US Census 1990,4.15.0,v2,10,Aggregation,0.07937485275111494,0.0057830102896157
Vaex,US Census 1990,4.15.0,v2,10,Aggregation,0.078412828748231,0.0063805604129756
Vaex,US Census 1990,4.15.0,v2,10,Row/Column,0.20304159280725168,0.0089147837488514
Vaex,US Census 1990,4.15.0,v2,10,I/O,42.894120606006254,4.840183012982863
Vaex,US Census 1990,4.15.0,v2,10,I/O,593.684159231257,67.47376374637805
Vaex,US Census 1990,4.15.0,v2,10,I/O,201.07460488375733,23.077982548831574
Vaex,US Census 1990,4.15.0,v2,10,I/O,237.0321334307839,26.206322451935492
Vaex,US Census 1990,4.15.0,v2,10,Missing,0.0037992113975388467,0.0012040693546928
Vaex,US Census 1990,4.15.0,v2,10,Missing,0.43129147546926117,0.0464612606628826
Vaex,US Census 1990,4.15.0,v2,10,Missing,0.958988984776437,0.113537869148098
Vaex,US Census 1990,4.15.0,v2,10,Missing,0.008267515689819819,0.0011943128926343
Vaex,US Census 1990,4.15.0,v2,10,Row/Column,0.01727322246814683,0.0027469177522636
Vaex,US Census 1990,4.15.0,v2,10,Aggregation,0.24787547351993255,0.0220519592848502
Vaex,US Census 1990,4.15.0,v2,10,Row/Column,0.02717609443445046,0.0039315619776055
Vaex,US Census 1990,4.15.0,v2,10,Row/Column,0.22789751199016886,0.0257422268107548
Vaex,US Census 1990,4.15.0,v2,10,Row/Column,0.2623400416913792,0.0312512527603281
Vaex,US Census 1990,4.15.0,v2,10,Aggregation,0.0798846094781718,0.012871785304021
Vaex,US Census 1990,4.15.0,v2,10,Aggregation,0.08019256729454997,0.0057729405906648
Vaex,US Census 1990,4.15.0,v2,10,Aggregation,0.09873865153558024,0.0088465108008368
Vaex,US Census 1990,4.15.0,v2,10,Aggregation,0.07554518211629155,0.0061918165157311
Vaex,US Census 1990,4.15.0,v2,10,Aggregation,0.07819445715698395,0.006579305140451
Vaex,US Census 1990,4.15.0,v2,10,Row/Column,0.2073372835332866,0.0084564223540906
Vaex,US Census 1990,4.15.0,v2,10,I/O,47.5609323595421,4.363440860190459
Vaex,US Census 1990,4.15.0,v2,10,I/O,600.074886923286,73.35536375498023
Vaex,US Census 1990,4.15.0,v2,10,I/O,200.37969121456496,22.52398800850601
Vaex,US Census 1990,4.15.0,v2,10,I/O,233.24982780702763,28.788760977280003
Vaex,US Census 1990,4.15.0,v2,10,Missing,0.003709246635922802,0.0010948780134857
Vaex,US Census 1990,4.15.0,v2,10,Missing,0.41359764044071773,0.0453324084481535
Vaex,US Census 1990,4.15.0,v2,10,Missing,0.9607100610702926,0.1160989034291591
Vaex,US Census 1990,4.15.0,v2,10,Missing,0.008681428344986973,0.0010288162473812
Vaex,US Census 1990,4.15.0,v2,10,Row/Column,0.01668333959518985,0.0025549083962416
Vaex,US Census 1990,4.15.0,v2,10,Aggregation,0.2533383143807404,0.0231847713863563
Vaex,US Census 1990,4.15.0,v2,10,Row/Column,0.02532515041568616,0.0035327793773818
Vaex,US Census 1990,4.15.0,v2,10,Row/Column,0.2063233761390822,0.0236574207686928
Vaex,US Census 1990,4.15.0,v2,10,Row/Column,0.26957664111939295,0.0306617780301269
Vaex,US Census 1990,4.15.0,v2,10,Aggregation,0.08910691933609538,0.0125627120381234
Vaex,US Census 1990,4.15.0,v2,10,Aggregation,0.0753019640116132,0.0064351982033822
Vaex,US Census 1990,4.15.0,v2,10,Aggregation,0.10063830066472979,0.0078453703054828
Vaex,US Census 1990,4.15.0,v2,10,Aggregation,0.08178313932558305,0.0062768885084704
Vaex,US Census 1990,4.15.0,v2,10,Aggregation,0.08860005191758283,0.0058862019002386
Vaex,US Census 1990,4.15.0,v2,10,Row/Column,0.21070962049104716,0.0089063859641304
Vaex,US Census 1990,4.15.0,v2,10,I/O,46.28531835172867,4.6547525001566665
Vaex,US Census 1990,4.15.0,v2,10,I/O,612.9913462335328,72.67508201374997
Vaex,US Census 1990,4.15.0,v2,10,I/O,214.9682102627421,23.162502176769895
Vaex,US Census 1990,4.15.0,v2,10,I/O,243.80062611122665,28.07413399723414
Vaex,US Census 1990,4.15.0,v2,10,Missing,0.0040312570658757796,0.0011344072950321
Vaex,US Census 1990,4.15.0,v2,10,Missing,0.4485548936445236,0.0456838594876603
Vaex,US Census 1990,4.15.0,v2,10,Missing,0.9564675334895658,0.1150419289048793
Vaex,US Census 1990,4.15.0,v2,10,Missing,0.007929246385819927,0.0011948861688228
Vaex,US Census 1990,4.15.0,v2,10,Row/Column,0.015638125146529333,0.0026792778736519
Vaex,US Census 1990,4.15.0,v2,10,Aggregation,0.2785300049994962,0.0220602694677285
Vaex,US Census 1990,4.15.0,v2,10,Row/Column,0.025793869621412,0.0037672694930733
Vaex,US Census 1990,4.15.0,v2,10,Row/Column,0.23824469628617106,0.0244237934396273
Vaex,US Census 1990,4.15.0,v2,10,Row/Column,0.26562439085441425,0.0302374389843262
Vaex,US Census 1990,4.15.0,v2,10,Aggregation,0.08519891911783754,0.0130170690756215
Vaex,US Census 1990,4.15.0,v2,10,Aggregation,0.07269567305180151,0.0062042268564047
Vaex,US Census 1990,4.15.0,v2,10,Aggregation,0.10515988318428691,0.0085458415078048
Vaex,US Census 1990,4.15.0,v2,10,Aggregation,0.08034989111957377,0.0066416304029194
Vaex,US Census 1990,4.15.0,v2,10,Aggregation,0.07581825386681185,0.0064389543942514
Vaex,US Census 1990,4.15.0,v2,10,Row/Column,0.20639628436618157,0.0083730884833705
Vaex,US Census 1990,4.15.0,v2,10,I/O,46.92045000504586,4.451765138161967
Vaex,US Census 1990,4.15.0,v2,10,I/O,600.7344016304384,70.48972107034547
Vaex,US Census 1990,4.15.0,v2,10,I/O,213.30683534138947,22.371153710540405
Vaex,US Census 1990,4.15.0,v2,10,I/O,232.71857536670748,26.042546306364585
Vaex,US Census 1990,4.15.0,v2,10,Missing,0.003594482537847146,0.0011461722082958
Vaex,US Census 1990,4.15.0,v2,10,Missing,0.42310543392732514,0.0507213466610417
Vaex,US Census 1990,4.15.0,v2,10,Missing,0.9956094084535543,0.1228612993507044
Vaex,US Census 1990,4.15.0,v2,10,Missing,0.008679121675025872,0.0011537773487354
Vaex,US Census 1990,4.15.0,v2,10,Row/Column,0.01586931100614471,0.0025305202318664
Vaex,US Census 1990,4.15.0,v2,10,Aggregation,0.26393513650290673,0.0231408549692878
Vaex,US Census 1990,4.15.0,v2,10,Row/Column,0.024710783335068456,0.0035093204940513
Vaex,US Census 1990,4.15.0,v2,10,Row/Column,0.22512860865791096,0.0253355051859004
Vaex,US Census 1990,4.15.0,v2,10,Row/Column,0.2760355317800577,0.0304666172785951
Vaex,US Census 1990,4.15.0,v2,10,Aggregation,0.09103155836579488,0.0136522489655502
Vaex,US Census 1990,4.15.0,v2,10,Aggregation,0.07814786719001028,0.0062572189470686
Vaex,US Census 1990,4.15.0,v2,10,Aggregation,0.09966290541839955,0.0080813345018801
Vaex,US Census 1990,4.15.0,v2,10,Aggregation,0.08244557819470832,0.0061337418074799
Vaex,US Census 1990,4.15.0,v2,10,Aggregation,0.08354983448925984,0.0063643081987825
Vaex,US Census 1990,4.15.0,v2,10,Row/Column,0.21598645759705212,0.0087078784694281
Vaex,US Census 1990,4.15.0,v2,10,I/O,44.8001032111785,4.6482073440674565
Vaex,US Census 1990,4.15.0,v2,10,I/O,626.8959734863726,71.61671253938701
Vaex,US Census 1990,4.15.0,v2,10,I/O,202.45683896999233,23.014742559909266
Vaex,US Census 1990,4.15.0,v2,10,I/O,221.55143410208905,26.516022421126305
Vaex,US Census 1990,4.15.0,v2,10,Missing,0.004028806349391426,0.0010660548679807
Vaex,US Census 1990,4.15.0,v2,10,Missing,0.42785783722803283,0.0482643742120737
Vaex,US Census 1990,4.15.0,v2,10,Missing,0.9310440300709435,0.1082139690937738
Vaex,US Census 1990,4.15.0,v2,10,Missing,0.008900347657258882,0.0011457844159811
Vaex,US Census 1990,4.15.0,v2,10,Row/Column,0.016114809127903255,0.0026578082369168
Vaex,US Census 1990,4.15.0,v2,10,Aggregation,0.24648697245410783,0.0220455782808527
Vaex,US Census 1990,4.15.0,v2,10,Row/Column,0.025537574996534102,0.0035805952927714
Vaex,US Census 1990,4.15.0,v2,10,Row/Column,0.20137295748654382,0.0225741094697493
Vaex,US Census 1990,4.15.0,v2,10,Row/Column,0.28196785915418715,0.0289081805765136
Vaex,US Census 1990,4.15.0,v2,10,Aggregation,0.08855820159113598,0.0118556505416949
Vaex,US Census 1990,4.15.0,v2,10,Aggregation,0.07287686205401653,0.0059943282089639
Vaex,US Census 1990,4.15.0,v2,10,Aggregation,0.11227244904656596,0.0085214845686871
Vaex,US Census 1990,4.15.0,v2,10,Aggregation,0.08284538855608714,0.0064028458662099
Vaex,US Census 1990,4.15.0,v2,10,Aggregation,0.0829526407968812,0.0062311376782201
Vaex,US Census 1990,4.15.0,v2,10,Row/Column,0.22216360188020437,0.0090521253168718
Vaex,US Census 1990,4.15.0,v2,10,I/O,47.35491137469107,5.086820052376355
Vaex,US Census 1990,4.15.0,v2,10,I/O,583.826891406432,70.56303410441465
Vaex,US Census 1990,4.15.0,v2,10,I/O,205.8421141718771,24.75475789069674
Vaex,US Census 1990,4.15.0,v2,10,I/O,247.14514945985448,27.852683256574544
Vaex,US Census 1990,4.15.0,v2,10,Missing,0.003770281196911489,0.0012635395557894
Vaex,US Census 1990,4.15.0,v2,10,Missing,0.38278846804358163,0.0481391082002619
Vaex,US Census 1990,4.15.0,v2,10,Missing,1.070477559320917,0.1141473106346439
Vaex,US Census 1990,4.15.0,v2,10,Missing,0.0081548918005922,0.0011399938302894
Vaex,US Census 1990,4.15.0,v2,10,Row/Column,0.016598998615347305,0.002450675062319
Vaex,US Census 1990,4.15.0,v2,10,Aggregation,0.262840217371056,0.0221929357253683
Vaex,US Census 1990,4.15.0,v2,10,Row/Column,0.026830574369334143,0.0035176958960511
Vaex,US Census 1990,4.15.0,v2,10,Row/Column,0.20778460225784143,0.0248476864516423
Vaex,US Census 1990,4.15.0,v2,10,Row/Column,0.28126206863776554,0.0303127179975264
Vaex,US Census 1990,4.15.0,v2,10,Aggregation,0.09102298171694441,0.0124758103666995
Vaex,US Census 1990,4.15.0,v2,10,Aggregation,0.07509064418939958,0.0060054489361813
Vaex,US Census 1990,4.15.0,v2,10,Aggregation,0.10629476376446845,0.0082716557777345
Vaex,US Census 1990,4.15.0,v2,10,Aggregation,0.07564369823880593,0.0062644189673429
Vaex,US Census 1990,4.15.0,v2,10,Aggregation,0.08012970643607799,0.0065248505191419
Vaex,US Census 1990,4.15.0,v2,10,Row/Column,0.2128765976827012,0.009465313102934
Vaex,US Census 1990,4.17.0,v0,10,I/O,52.90819,5.469663143157959
Vaex,US Census 1990,4.17.0,v0,10,I/O,593.159126,67.06316781044006
Vaex,US Census 1990,4.17.0,v0,10,I/O,208.801651,23.21187138557434
Vaex,US Census 1990,4.17.0,v0,10,I/O,242.32781,27.358402967453003
Vaex,US Census 1990,4.17.0,v0,10,Missing,0.008972,0.0010991096496582
Vaex,US Census 1990,4.17.0,v0,10,Missing,0.431578,0.0549945831298828
Vaex,US Census 1990,4.17.0,v0,10,Missing,0.987729,0.1087503433227539
Vaex,US Census 1990,4.17.0,v0,10,Missing,0.009216,0.0011072158813476
Vaex,US Census 1990,4.17.0,v0,10,Row/Column,0.016418,0.0023906230926513
Vaex,US Census 1990,4.17.0,v0,10,Aggregation,0.814329,0.0965580940246582
Vaex,US Census 1990,4.17.0,v0,10,Row/Column,0.047668,0.0112292766571044
Vaex,US Census 1990,4.17.0,v0,10,Row/Column,0.26715,0.03361177444458
Vaex,US Census 1990,4.17.0,v0,10,Row/Column,0.2984,0.0372252464294433
Vaex,US Census 1990,4.17.0,v0,10,Aggregation,0.082641,0.0120341777801513
Vaex,US Census 1990,4.17.0,v0,10,Aggregation,0.101622,0.0113780498504638
Vaex,US Census 1990,4.17.0,v0,10,Aggregation,0.108093,0.0133864879608154
Vaex,US Census 1990,4.17.0,v0,10,Aggregation,0.14508,0.0132179260253906
Vaex,US Census 1990,4.17.0,v0,10,Aggregation,0.05664,0.0042591094970703
Vaex,US Census 1990,4.17.0,v0,10,Row/Column,0.234863,0.015566349029541
Vaex,US Census 1990,4.17.0,v0,10,I/O,48.236326,5.028599262237549
Vaex,US Census 1990,4.17.0,v0,10,I/O,618.895145,69.56924152374268
Vaex,US Census 1990,4.17.0,v0,10,I/O,200.865574,22.72424554824829
Vaex,US Census 1990,4.17.0,v0,10,I/O,244.090806,27.816052436828613
Vaex,US Census 1990,4.17.0,v0,10,Missing,0.020201,0.0074269771575927
Vaex,US Census 1990,4.17.0,v0,10,Missing,0.45233,0.0594942569732666
Vaex,US Census 1990,4.17.0,v0,10,Missing,0.952635,0.107363224029541
Vaex,US Census 1990,4.17.0,v0,10,Missing,0.006408,0.0011177062988281
Vaex,US Census 1990,4.17.0,v0,10,Row/Column,0.015565,0.0023798942565917
Vaex,US Census 1990,4.17.0,v0,10,Aggregation,0.283325,0.0279295444488525
Vaex,US Census 1990,4.17.0,v0,10,Row/Column,0.025085,0.0034956932067871
Vaex,US Census 1990,4.17.0,v0,10,Row/Column,0.235717,0.0269246101379394
Vaex,US Census 1990,4.17.0,v0,10,Row/Column,0.269836,0.0302684307098388
Vaex,US Census 1990,4.17.0,v0,10,Aggregation,0.095764,0.0149636268615722
Vaex,US Census 1990,4.17.0,v0,10,Aggregation,0.06189,0.0048084259033203
Vaex,US Census 1990,4.17.0,v0,10,Aggregation,0.091979,0.0065009593963623
Vaex,US Census 1990,4.17.0,v0,10,Aggregation,0.124634,0.0062785148620605
Vaex,US Census 1990,4.17.0,v0,10,Aggregation,0.063354,0.0044896602630615
Vaex,US Census 1990,4.17.0,v0,10,Row/Column,0.233764,0.0157558917999267
Vaex,US Census 1990,4.17.0,v0,10,I/O,48.195189,4.886658430099487
Vaex,US Census 1990,4.17.0,v0,10,I/O,646.4049,74.24297285079956
Vaex,US Census 1990,4.17.0,v0,10,I/O,204.758082,22.921331882476807
Vaex,US Census 1990,4.17.0,v0,10,I/O,240.206721,27.1824951171875
Vaex,US Census 1990,4.17.0,v0,10,Missing,0.020203,0.0082721710205078
Vaex,US Census 1990,4.17.0,v0,10,Missing,0.442565,0.0554986000061035
Vaex,US Census 1990,4.17.0,v0,10,Missing,1.00897,0.1172542572021484
Vaex,US Census 1990,4.17.0,v0,10,Missing,0.00293,0.0007922649383544
Vaex,US Census 1990,4.17.0,v0,10,Row/Column,0.019409,0.0027081966400146
Vaex,US Census 1990,4.17.0,v0,10,Aggregation,0.274353,0.0262324810028076
Vaex,US Census 1990,4.17.0,v0,10,Row/Column,0.025879,0.00358247756958
Vaex,US Census 1990,4.17.0,v0,10,Row/Column,0.481321,0.0605425834655761
Vaex,US Census 1990,4.17.0,v0,10,Row/Column,0.272217,0.0307307243347167
Vaex,US Census 1990,4.17.0,v0,10,Aggregation,0.092407,0.0151822566986083
Vaex,US Census 1990,4.17.0,v0,10,Aggregation,0.065429,0.0049715042114257
Vaex,US Census 1990,4.17.0,v0,10,Aggregation,0.127319,0.0164754390716552
Vaex,US Census 1990,4.17.0,v0,10,Aggregation,0.123229,0.0063188076019287
Vaex,US Census 1990,4.17.0,v0,10,Aggregation,0.054566,0.0042417049407958
Vaex,US Census 1990,4.17.0,v0,10,Row/Column,0.232971,0.0159525871276855
Vaex,US Census 1990,4.17.0,v0,10,I/O,52.976304,5.473334074020386
Vaex,US Census 1990,4.17.0,v0,10,I/O,605.987829,68.52846789360046
Vaex,US Census 1990,4.17.0,v0,10,I/O,210.277172,23.23272061347961
Vaex,US Census 1990,4.17.0,v0,10,I/O,245.847027,27.665047883987427
Vaex,US Census 1990,4.17.0,v0,10,Missing,0.004089,0.0010240077972412
Vaex,US Census 1990,4.17.0,v0,10,Missing,0.432616,0.0553793907165527
Vaex,US Census 1990,4.17.0,v0,10,Missing,0.969174,0.1084427833557128
Vaex,US Census 1990,4.17.0,v0,10,Missing,0.006775,0.0011301040649414
Vaex,US Census 1990,4.17.0,v0,10,Row/Column,0.016784,0.0025134086608886
Vaex,US Census 1990,4.17.0,v0,10,Aggregation,0.79901,0.0960030555725097
Vaex,US Census 1990,4.17.0,v0,10,Row/Column,0.047363,0.0104281902313232
Vaex,US Census 1990,4.17.0,v0,10,Row/Column,0.283386,0.0331799983978271
Vaex,US Census 1990,4.17.0,v0,10,Row/Column,0.281127,0.0368018150329589
Vaex,US Census 1990,4.17.0,v0,10,Aggregation,0.0766,0.0119881629943847
Vaex,US Census 1990,4.17.0,v0,10,Aggregation,0.096862,0.0108013153076171
Vaex,US Census 1990,4.17.0,v0,10,Aggregation,0.111694,0.0133702754974365
Vaex,US Census 1990,4.17.0,v0,10,Aggregation,0.143554,0.0127630233764648
Vaex,US Census 1990,4.17.0,v0,10,Aggregation,0.054504,0.0043857097625732
Vaex,US Census 1990,4.17.0,v0,10,Row/Column,0.244446,0.0160026550292968
Vaex,US Census 1990,4.17.0,v0,10,I/O,48.478148,4.844740629196167
Vaex,US Census 1990,4.17.0,v0,10,I/O,634.844872,69.36933374404907
Vaex,US Census 1990,4.17.0,v0,10,I/O,205.756066,22.67810606956482
Vaex,US Census 1990,4.17.0,v0,10,I/O,247.402625,27.271761178970337
Vaex,US Census 1990,4.17.0,v0,10,Missing,0.01654,0.0074055194854736
Vaex,US Census 1990,4.17.0,v0,10,Missing,0.448669,0.0546519756317138
Vaex,US Census 1990,4.17.0,v0,10,Missing,0.963438,0.1066994667053222
Vaex,US Census 1990,4.17.0,v0,10,Missing,0.007447,0.0011098384857177
Vaex,US Census 1990,4.17.0,v0,10,Row/Column,0.013733,0.0024843215942382
Vaex,US Census 1990,4.17.0,v0,10,Aggregation,0.259643,0.0228636264801025
Vaex,US Census 1990,4.17.0,v0,10,Row/Column,0.023254,0.0032191276550292
Vaex,US Census 1990,4.17.0,v0,10,Row/Column,0.225096,0.0242650508880615
Vaex,US Census 1990,4.17.0,v0,10,Row/Column,0.291137,0.0375123023986816
Vaex,US Census 1990,4.17.0,v0,10,Aggregation,0.078491,0.0124924182891845
Vaex,US Census 1990,4.17.0,v0,10,Aggregation,0.058898,0.0047047138214111
Vaex,US Census 1990,4.17.0,v0,10,Aggregation,0.090394,0.006397008895874
Vaex,US Census 1990,4.17.0,v0,10,Aggregation,0.118774,0.0066053867340087
Vaex,US Census 1990,4.17.0,v0,10,Aggregation,0.058655,0.0044760704040527
Vaex,US Census 1990,4.17.0,v0,10,Row/Column,0.213927,0.0091493129730224
Vaex,US Census 1990,4.17.0,v0,10,I/O,46.698916,4.768354177474976
Vaex,US Census 1990,4.17.0,v0,10,I/O,605.586829,68.4972710609436
Vaex,US Census 1990,4.17.0,v0,10,I/O,203.310209,22.81936001777649
Vaex,US Census 1990,4.17.0,v0,10,I/O,238.366638,27.22001528739929
Vaex,US Census 1990,4.17.0,v0,10,Missing,0.005189,0.001145601272583
Vaex,US Census 1990,4.17.0,v0,10,Missing,0.41693,0.0478889942169189
Vaex,US Census 1990,4.17.0,v0,10,Missing,1.00018,0.1087770462036132
Vaex,US Census 1990,4.17.0,v0,10,Missing,0.007324,0.0011265277862548
Vaex,US Census 1990,4.17.0,v0,10,Row/Column,0.016907,0.0025098323822021
Vaex,US Census 1990,4.17.0,v0,10,Aggregation,0.261657,0.0227324962615966
Vaex,US Census 1990,4.17.0,v0,10,Row/Column,0.02594,0.0032312870025634
Vaex,US Census 1990,4.17.0,v0,10,Row/Column,0.22174,0.0176284313201904
Vaex,US Census 1990,4.17.0,v0,10,Row/Column,0.263304,0.0299544334411621
Vaex,US Census 1990,4.17.0,v0,10,Aggregation,0.082336,0.0112097263336181
Vaex,US Census 1990,4.17.0,v0,10,Aggregation,0.069886,0.005129337310791
Vaex,US Census 1990,4.17.0,v0,10,Aggregation,0.100402,0.0076918601989746
Vaex,US Census 1990,4.17.0,v0,10,Aggregation,0.122069,0.0062272548675537
Vaex,US Census 1990,4.17.0,v0,10,Aggregation,0.057494,0.0043165683746337
Vaex,US Census 1990,4.17.0,v0,10,Row/Column,0.203735,0.0088191032409667
Vaex,US Census 1990,4.17.0,v0,10,I/O,53.965865,5.5769782066345215
Vaex,US Census 1990,4.17.0,v0,10,I/O,605.21244,67.30439162254333
Vaex,US Census 1990,4.17.0,v0,10,I/O,208.571366,23.2064311504364
Vaex,US Census 1990,4.17.0,v0,10,I/O,241.017023,27.172794580459595
Vaex,US Census 1990,4.17.0,v0,10,Missing,0.00354,0.0011594295501708
Vaex,US Census 1990,4.17.0,v0,10,Missing,0.435057,0.0547225475311279
Vaex,US Census 1990,4.17.0,v0,10,Missing,0.973264,0.108487844467163
Vaex,US Census 1990,4.17.0,v0,10,Missing,0.004517,0.0010337829589843
Vaex,US Census 1990,4.17.0,v0,10,Row/Column,0.022644,0.0024659633636474
Vaex,US Census 1990,4.17.0,v0,10,Aggregation,0.769774,0.0938379764556884
Vaex,US Census 1990,4.17.0,v0,10,Row/Column,0.055481,0.0099024772644042
Vaex,US Census 1990,4.17.0,v0,10,Row/Column,0.274718,0.0342381000518798
Vaex,US Census 1990,4.17.0,v0,10,Row/Column,0.280516,0.0368328094482421
Vaex,US Census 1990,4.17.0,v0,10,Aggregation,0.076843,0.012063980102539
Vaex,US Census 1990,4.17.0,v0,10,Aggregation,0.104187,0.0112342834472656
Vaex,US Census 1990,4.17.0,v0,10,Aggregation,0.105713,0.013770580291748
Vaex,US Census 1990,4.17.0,v0,10,Aggregation,0.138793,0.0131893157958984
Vaex,US Census 1990,4.17.0,v0,10,Aggregation,0.05487,0.0042214393615722
Vaex,US Census 1990,4.17.0,v0,10,Row/Column,0.250793,0.015261173248291
Vaex,US Census 1990,4.17.0,v0,10,I/O,47.207399,4.711020231246948
Vaex,US Census 1990,4.17.0,v0,10,I/O,638.695326,69.94312310218811
Vaex,US Census 1990,4.17.0,v0,10,I/O,208.430252,22.795976161956787
Vaex,US Census 1990,4.17.0,v0,10,I/O,241.05993,27.058217525482178
Vaex,US Census 1990,4.17.0,v0,10,Missing,0.028076,0.0072395801544189
Vaex,US Census 1990,4.17.0,v0,10,Missing,0.431457,0.055610179901123
Vaex,US Census 1990,4.17.0,v0,10,Missing,0.97241,0.1073832511901855
Vaex,US Census 1990,4.17.0,v0,10,Missing,0.00232,0.0010380744934082
Vaex,US Census 1990,4.17.0,v0,10,Row/Column,0.016175,0.0024924278259277
Vaex,US Census 1990,4.17.0,v0,10,Aggregation,0.269347,0.0241303443908691
Vaex,US Census 1990,4.17.0,v0,10,Row/Column,0.026184,0.0035762786865234
Vaex,US Census 1990,4.17.0,v0,10,Row/Column,0.455871,0.0610451698303222
Vaex,US Census 1990,4.17.0,v0,10,Row/Column,0.264709,0.0299761295318603
Vaex,US Census 1990,4.17.0,v0,10,Aggregation,0.074584,0.0128226280212402
Vaex,US Census 1990,4.17.0,v0,10,Aggregation,0.079102,0.0121254920959472
Vaex,US Census 1990,4.17.0,v0,10,Aggregation,0.098999,0.0068387985229492
Vaex,US Census 1990,4.17.0,v0,10,Aggregation,0.123534,0.0066721439361572
Vaex,US Census 1990,4.17.0,v0,10,Aggregation,0.057372,0.0045571327209472
Vaex,US Census 1990,4.17.0,v0,10,Row/Column,0.214294,0.0090866088867187
Vaex,US Census 1990,4.17.0,v0,10,I/O,46.358707,4.688006639480591
Vaex,US Census 1990,4.17.0,v0,10,I/O,635.036399,70.9171838760376
Vaex,US Census 1990,4.17.0,v0,10,I/O,210.317089,23.031235456466675
Vaex,US Census 1990,4.17.0,v0,10,I/O,243.890366,27.24410486221313
Vaex,US Census 1990,4.17.0,v0,10,Missing,0.037414,0.0075323581695556
Vaex,US Census 1990,4.17.0,v0,10,Missing,0.470519,0.0588529109954834
Vaex,US Census 1990,4.17.0,v0,10,Missing,0.984982,0.1081683635711669
Vaex,US Census 1990,4.17.0,v0,10,Missing,0.0,0.0007569789886474
Vaex,US Census 1990,4.17.0,v0,10,Row/Column,0.018249,0.0025739669799804
Vaex,US Census 1990,4.17.0,v0,10,Aggregation,0.271179,0.0249524116516113
Vaex,US Census 1990,4.17.0,v0,10,Row/Column,0.026733,0.0036013126373291
Vaex,US Census 1990,4.17.0,v0,10,Row/Column,0.219787,0.0183107852935791
Vaex,US Census 1990,4.17.0,v0,10,Row/Column,0.291198,0.0317091941833496
Vaex,US Census 1990,4.17.0,v0,10,Aggregation,0.096619,0.0138084888458251
Vaex,US Census 1990,4.17.0,v0,10,Aggregation,0.104065,0.0125374794006347
Vaex,US Census 1990,4.17.0,v0,10,Aggregation,0.113587,0.007596731185913
Vaex,US Census 1990,4.17.0,v0,10,Aggregation,0.12854,0.0065305233001708
Vaex,US Census 1990,4.17.0,v0,10,Aggregation,0.059326,0.0043227672576904
Vaex,US Census 1990,4.17.0,v0,10,Row/Column,0.211731,0.0091650485992431
Vaex,US Census 1990,4.17.0,v0,10,I/O,47.207399,4.711020231246948
Vaex,US Census 1990,4.17.0,v0,10,I/O,638.695326,69.94312310218811
Vaex,US Census 1990,4.17.0,v0,10,I/O,208.430252,22.795976161956787
Vaex,US Census 1990,4.17.0,v0,10,I/O,241.05993,27.058217525482178
Vaex,US Census 1990,4.17.0,v0,10,Missing,0.028076,0.0072395801544189
Vaex,US Census 1990,4.17.0,v0,10,Missing,0.431457,0.055610179901123
Vaex,US Census 1990,4.17.0,v0,10,Missing,0.97241,0.1073832511901855
Vaex,US Census 1990,4.17.0,v0,10,Missing,0.00232,0.0010380744934082
Vaex,US Census 1990,4.17.0,v0,10,Row/Column,0.016175,0.0024924278259277
Vaex,US Census 1990,4.17.0,v0,10,Aggregation,0.269347,0.0241303443908691
Vaex,US Census 1990,4.17.0,v0,10,Row/Column,0.026184,0.0035762786865234
Vaex,US Census 1990,4.17.0,v0,10,Row/Column,0.455871,0.0610451698303222
Vaex,US Census 1990,4.17.0,v0,10,Row/Column,0.264709,0.0299761295318603
Vaex,US Census 1990,4.17.0,v0,10,Aggregation,0.074584,0.0128226280212402
Vaex,US Census 1990,4.17.0,v0,10,Aggregation,0.079102,0.0121254920959472
Vaex,US Census 1990,4.17.0,v0,10,Aggregation,0.098999,0.0068387985229492
Vaex,US Census 1990,4.17.0,v0,10,Aggregation,0.123534,0.0066721439361572
Vaex,US Census 1990,4.17.0,v0,10,Aggregation,0.057372,0.0045571327209472
Vaex,US Census 1990,4.17.0,v0,10,Row/Column,0.214294,0.0090866088867187
Vaex,Drug Review,4.13.0,v1,10,I/O,8.561441,1.016432285308838
Vaex,Drug Review,4.13.0,v1,10,I/O,99.758838,11.570614099502563
Vaex,Drug Review,4.13.0,v1,10,I/O,14.95919,1.6884589195251465
Vaex,Drug Review,4.13.0,v1,10,I/O,8.413125,0.9398531913757324
Vaex,Drug Review,4.13.0,v1,10,Missing,0.008728,0.0010957717895507
Vaex,Drug Review,4.13.0,v1,10,Missing,0.093932,0.0175199508666992
Vaex,Drug Review,4.13.0,v1,10,Missing,0.050719,0.0069582462310791
Vaex,Drug Review,4.13.0,v1,10,Missing,0.0,0.0007984638214111
Vaex,Drug Review,4.13.0,v1,10,Row/Column,0.006226,0.0011632442474365
Vaex,Drug Review,4.13.0,v1,10,Aggregation,0.123413,0.0181238651275634
Vaex,Drug Review,4.13.0,v1,10,Row/Column,0.030883,0.0088820457458496
Vaex,Drug Review,4.13.0,v1,10,Row/Column,0.041931,0.0107557773590087
Vaex,Drug Review,4.13.0,v1,10,Row/Column,0.030029,0.0092906951904296
Vaex,Drug Review,4.13.0,v1,10,Aggregation,0.07318,0.0136010646820068
Vaex,Drug Review,4.13.0,v1,10,Aggregation,0.046021,0.0053622722625732
Vaex,Drug Review,4.13.0,v1,10,Aggregation,0.063293,0.0076031684875488
Vaex,Drug Review,4.13.0,v1,10,Aggregation,0.066772,0.0119271278381347
Vaex,Drug Review,4.13.0,v1,10,Aggregation,0.043457,0.0049765110015869
Vaex,Drug Review,4.13.0,v1,10,Row/Column,0.426085,0.0271759033203125
Vaex,Drug Review,4.13.0,v1,10,I/O,8.518351,0.9950497150421144
Vaex,Drug Review,4.13.0,v1,10,I/O,98.513115,11.294815301895142
Vaex,Drug Review,4.13.0,v1,10,I/O,14.72445,1.66479754447937
Vaex,Drug Review,4.13.0,v1,10,I/O,8.370767,0.9457144737243652
Vaex,Drug Review,4.13.0,v1,10,Missing,0.007872,0.0013995170593261
Vaex,Drug Review,4.13.0,v1,10,Missing,0.035339,0.004439353942871
Vaex,Drug Review,4.13.0,v1,10,Missing,0.055482,0.0064589977264404
Vaex,Drug Review,4.13.0,v1,10,Missing,0.008118,0.0011768341064453
Vaex,Drug Review,4.13.0,v1,10,Row/Column,0.010254,0.0011632442474365
Vaex,Drug Review,4.13.0,v1,10,Aggregation,0.099426,0.0155034065246582
Vaex,Drug Review,4.13.0,v1,10,Row/Column,0.006836,0.001535415649414
Vaex,Drug Review,4.13.0,v1,10,Row/Column,0.031006,0.0030977725982666
Vaex,Drug Review,4.13.0,v1,10,Row/Column,0.015137,0.0023393630981445
Vaex,Drug Review,4.13.0,v1,10,Aggregation,0.050963,0.0067870616912841
Vaex,Drug Review,4.13.0,v1,10,Aggregation,0.041748,0.0053241252899169
Vaex,Drug Review,4.13.0,v1,10,Aggregation,0.463377,0.0538027286529541
Vaex,Drug Review,4.13.0,v1,10,Aggregation,0.046875,0.0050108432769775
Vaex,Drug Review,4.13.0,v1,10,Aggregation,0.045777,0.0051665306091308
Vaex,Drug Review,4.13.0,v1,10,Row/Column,0.378356,0.0197792053222656
Vaex,Drug Review,4.13.0,v1,10,I/O,8.368021,0.9937288761138916
Vaex,Drug Review,4.13.0,v1,10,I/O,98.5747,11.418805599212646
Vaex,Drug Review,4.13.0,v1,10,I/O,14.68258,1.6510417461395264
Vaex,Drug Review,4.13.0,v1,10,I/O,8.385232,0.9455416202545166
Vaex,Drug Review,4.13.0,v1,10,Missing,0.006836,0.0010499954223632
Vaex,Drug Review,4.13.0,v1,10,Missing,0.030823,0.0041193962097167
Vaex,Drug Review,4.13.0,v1,10,Missing,0.054138,0.0061128139495849
Vaex,Drug Review,4.13.0,v1,10,Missing,0.003845,0.0008175373077392
Vaex,Drug Review,4.13.0,v1,10,Row/Column,0.004762,0.0011870861053466
Vaex,Drug Review,4.13.0,v1,10,Aggregation,0.097472,0.0155496597290039
Vaex,Drug Review,4.13.0,v1,10,Row/Column,0.007629,0.0011780261993408
Vaex,Drug Review,4.13.0,v1,10,Row/Column,0.015991,0.0026605129241943
Vaex,Drug Review,4.13.0,v1,10,Row/Column,0.016235,0.0023345947265625
Vaex,Drug Review,4.13.0,v1,10,Aggregation,0.075744,0.0130410194396972
Vaex,Drug Review,4.13.0,v1,10,Aggregation,0.046692,0.0049705505371093
Vaex,Drug Review,4.13.0,v1,10,Aggregation,0.066345,0.0074110031127929
Vaex,Drug Review,4.13.0,v1,10,Aggregation,0.047179,0.0049166679382324
Vaex,Drug Review,4.13.0,v1,10,Aggregation,0.047485,0.0050818920135498
Vaex,Drug Review,4.13.0,v1,10,Row/Column,0.358214,0.0185978412628173
Vaex,Drug Review,4.13.0,v1,10,I/O,8.506509,0.9949572086334229
Vaex,Drug Review,4.13.0,v1,10,I/O,98.210808,11.285172700881958
Vaex,Drug Review,4.13.0,v1,10,I/O,14.524988,1.6325416564941406
Vaex,Drug Review,4.13.0,v1,10,I/O,8.31315,0.9414732456207277
Vaex,Drug Review,4.13.0,v1,10,Missing,0.007996,0.0012261867523193
Vaex,Drug Review,4.13.0,v1,10,Missing,0.030456,0.0044007301330566
Vaex,Drug Review,4.13.0,v1,10,Missing,0.052063,0.0063815116882324
Vaex,Drug Review,4.13.0,v1,10,Missing,0.006347,0.0011749267578125
Vaex,Drug Review,4.13.0,v1,10,Row/Column,0.010559,0.0012006759643554
Vaex,Drug Review,4.13.0,v1,10,Aggregation,0.106139,0.0152418613433837
Vaex,Drug Review,4.13.0,v1,10,Row/Column,0.004761,0.0013520717620849
Vaex,Drug Review,4.13.0,v1,10,Row/Column,0.017395,0.0026702880859375
Vaex,Drug Review,4.13.0,v1,10,Row/Column,0.016358,0.0023097991943359
Vaex,Drug Review,4.13.0,v1,10,Aggregation,0.473327,0.0584940910339355
Vaex,Drug Review,4.13.0,v1,10,Aggregation,0.03888,0.0051639080047607
Vaex,Drug Review,4.13.0,v1,10,Aggregation,0.066284,0.007408857345581
Vaex,Drug Review,4.13.0,v1,10,Aggregation,0.04309,0.0051019191741943
Vaex,Drug Review,4.13.0,v1,10,Aggregation,0.046387,0.0052309036254882
Vaex,Drug Review,4.13.0,v1,10,Row/Column,0.354735,0.0186560153961181
Vaex,Drug Review,4.13.0,v1,10,I/O,9.209999,0.9858222007751464
Vaex,Drug Review,4.13.0,v1,10,I/O,98.453727,11.23466968536377
Vaex,Drug Review,4.13.0,v1,10,I/O,14.601525,1.644986867904663
Vaex,Drug Review,4.13.0,v1,10,I/O,8.408366,0.942835807800293
Vaex,Drug Review,4.13.0,v1,10,Missing,0.007935,0.0012574195861816
Vaex,Drug Review,4.13.0,v1,10,Missing,0.03363,0.0043702125549316
Vaex,Drug Review,4.13.0,v1,10,Missing,0.054016,0.0063378810882568
Vaex,Drug Review,4.13.0,v1,10,Missing,0.007446,0.0011758804321289
Vaex,Drug Review,4.13.0,v1,10,Row/Column,0.008605,0.0011656284332275
Vaex,Drug Review,4.13.0,v1,10,Aggregation,0.106323,0.0155298709869384
Vaex,Drug Review,4.13.0,v1,10,Row/Column,0.007019,0.0015170574188232
Vaex,Drug Review,4.13.0,v1,10,Row/Column,0.018066,0.0028841495513916
Vaex,Drug Review,4.13.0,v1,10,Row/Column,0.016418,0.0019507408142089
Vaex,Drug Review,4.13.0,v1,10,Aggregation,0.062011,0.0126416683197021
Vaex,Drug Review,4.13.0,v1,10,Aggregation,0.046753,0.0051884651184082
Vaex,Drug Review,4.13.0,v1,10,Aggregation,0.064758,0.0074527263641357
Vaex,Drug Review,4.13.0,v1,10,Aggregation,0.03833,0.0050032138824462
Vaex,Drug Review,4.13.0,v1,10,Aggregation,0.04779,0.0050032138824462
Vaex,Drug Review,4.13.0,v1,10,Row/Column,0.367918,0.0190002918243408
Vaex,Drug Review,4.13.0,v1,10,I/O,8.422341,0.9901680946350098
Vaex,Drug Review,4.13.0,v1,10,I/O,98.504936,11.21220850944519
Vaex,Drug Review,4.13.0,v1,10,I/O,14.527795,1.6374411582946775
Vaex,Drug Review,4.13.0,v1,10,I/O,8.533975,0.9460155963897704
Vaex,Drug Review,4.13.0,v1,10,Missing,0.008301,0.0010836124420166
Vaex,Drug Review,4.13.0,v1,10,Missing,0.033203,0.004284381866455
Vaex,Drug Review,4.13.0,v1,10,Missing,0.051818,0.0063865184783935
Vaex,Drug Review,4.13.0,v1,10,Missing,0.008422,0.001164436340332
Vaex,Drug Review,4.13.0,v1,10,Row/Column,0.008545,0.0010104179382324
Vaex,Drug Review,4.13.0,v1,10,Aggregation,0.30603,0.0404653549194335
Vaex,Drug Review,4.13.0,v1,10,Row/Column,0.007751,0.0011720657348632
Vaex,Drug Review,4.13.0,v1,10,Row/Column,0.017334,0.0026681423187255
Vaex,Drug Review,4.13.0,v1,10,Row/Column,0.015502,0.0022964477539062
Vaex,Drug Review,4.13.0,v1,10,Aggregation,0.068176,0.0131182670593261
Vaex,Drug Review,4.13.0,v1,10,Aggregation,0.042175,0.0053036212921142
Vaex,Drug Review,4.13.0,v1,10,Aggregation,0.064575,0.0076141357421875
Vaex,Drug Review,4.13.0,v1,10,Aggregation,0.035826,0.0049479007720947
Vaex,Drug Review,4.13.0,v1,10,Aggregation,0.038697,0.0046494007110595
Vaex,Drug Review,4.13.0,v1,10,Row/Column,0.357054,0.0179789066314697
Vaex,Drug Review,4.13.0,v1,10,I/O,8.443642,0.9979236125946044
Vaex,Drug Review,4.13.0,v1,10,I/O,97.787652,11.326122283935549
Vaex,Drug Review,4.13.0,v1,10,I/O,14.636864,1.644500494003296
Vaex,Drug Review,4.13.0,v1,10,I/O,8.478616,0.9379942417144777
Vaex,Drug Review,4.13.0,v1,10,Missing,0.009277,0.0013701915740966
Vaex,Drug Review,4.13.0,v1,10,Missing,0.028625,0.0043425559997558
Vaex,Drug Review,4.13.0,v1,10,Missing,0.04895,0.0062901973724365
Vaex,Drug Review,4.13.0,v1,10,Missing,0.006958,0.0011522769927978
Vaex,Drug Review,4.13.0,v1,10,Row/Column,0.006409,0.0011918544769287
Vaex,Drug Review,4.13.0,v1,10,Aggregation,0.095886,0.0156118869781494
Vaex,Drug Review,4.13.0,v1,10,Row/Column,0.009765,0.0015277862548828
Vaex,Drug Review,4.13.0,v1,10,Row/Column,0.01831,0.0028555393218994
Vaex,Drug Review,4.13.0,v1,10,Row/Column,0.01239,0.0022788047790527
Vaex,Drug Review,4.13.0,v1,10,Aggregation,0.076051,0.0130677223205566
Vaex,Drug Review,4.13.0,v1,10,Aggregation,0.047912,0.0051395893096923
Vaex,Drug Review,4.13.0,v1,10,Aggregation,0.060669,0.0076067447662353
Vaex,Drug Review,4.13.0,v1,10,Aggregation,0.036804,0.004892349243164
Vaex,Drug Review,4.13.0,v1,10,Aggregation,0.44403,0.051255464553833
Vaex,Drug Review,4.13.0,v1,10,Row/Column,0.353027,0.0186812877655029
Vaex,Drug Review,4.13.0,v1,10,I/O,8.634378,0.9856576919555664
Vaex,Drug Review,4.13.0,v1,10,I/O,98.597587,11.18080472946167
Vaex,Drug Review,4.13.0,v1,10,I/O,14.63192,1.652595043182373
Vaex,Drug Review,4.13.0,v1,10,I/O,8.598551,0.9436395168304444
Vaex,Drug Review,4.13.0,v1,10,Missing,0.00824,0.0011134147644042
Vaex,Drug Review,4.13.0,v1,10,Missing,0.033142,0.0041670799255371
Vaex,Drug Review,4.13.0,v1,10,Missing,0.070311,0.0089950561523437
Vaex,Drug Review,4.13.0,v1,10,Missing,0.005859,0.0008413791656494
Vaex,Drug Review,4.13.0,v1,10,Row/Column,0.000612,0.0008063316345214
Vaex,Drug Review,4.13.0,v1,10,Aggregation,0.110107,0.0151832103729248
Vaex,Drug Review,4.13.0,v1,10,Row/Column,0.007202,0.0011861324310302
Vaex,Drug Review,4.13.0,v1,10,Row/Column,0.025147,0.002673864364624
Vaex,Drug Review,4.13.0,v1,10,Row/Column,0.014649,0.0019693374633789
Vaex,Drug Review,4.13.0,v1,10,Aggregation,0.075256,0.0131475925445556
Vaex,Drug Review,4.13.0,v1,10,Aggregation,0.044373,0.0049374103546142
Vaex,Drug Review,4.13.0,v1,10,Aggregation,0.065124,0.0075118541717529
Vaex,Drug Review,4.13.0,v1,10,Aggregation,0.044128,0.0047821998596191
Vaex,Drug Review,4.13.0,v1,10,Aggregation,0.046448,0.0050158500671386
Vaex,Drug Review,4.13.0,v1,10,Row/Column,0.357421,0.0187230110168457
Vaex,Drug Review,4.13.0,v1,10,I/O,8.50419,0.9896512031555176
Vaex,Drug Review,4.13.0,v1,10,I/O,99.002981,11.220191478729248
Vaex,Drug Review,4.13.0,v1,10,I/O,14.587426,1.6403155326843262
Vaex,Drug Review,4.13.0,v1,10,I/O,8.462502,0.9447066783905028
Vaex,Drug Review,4.13.0,v1,10,Missing,0.006652,0.0011217594146728
Vaex,Drug Review,4.13.0,v1,10,Missing,0.033875,0.0041654109954833
Vaex,Drug Review,4.13.0,v1,10,Missing,0.05243,0.0060784816741943
Vaex,Drug Review,4.13.0,v1,10,Missing,0.0,0.0008697509765625
Vaex,Drug Review,4.13.0,v1,10,Row/Column,0.007812,0.0011382102966308
Vaex,Drug Review,4.13.0,v1,10,Aggregation,0.101441,0.0156114101409912
Vaex,Drug Review,4.13.0,v1,10,Row/Column,0.006958,0.0015380382537841
Vaex,Drug Review,4.13.0,v1,10,Row/Column,0.020202,0.0030150413513183
Vaex,Drug Review,4.13.0,v1,10,Row/Column,0.016662,0.0023305416107177
Vaex,Drug Review,4.13.0,v1,10,Aggregation,0.072387,0.0132961273193359
Vaex,Drug Review,4.13.0,v1,10,Aggregation,0.046142,0.0052587985992431
Vaex,Drug Review,4.13.0,v1,10,Aggregation,0.484068,0.0546627044677734
Vaex,Drug Review,4.13.0,v1,10,Aggregation,0.043762,0.0049974918365478
Vaex,Drug Review,4.13.0,v1,10,Aggregation,0.047973,0.0051028728485107
Vaex,Drug Review,4.13.0,v1,10,Row/Column,0.35327,0.0182154178619384
Vaex,Drug Review,4.13.0,v1,10,I/O,8.553262,0.9873018264770508
Vaex,Drug Review,4.13.0,v1,10,I/O,99.484059,11.248025178909302
Vaex,Drug Review,4.13.0,v1,10,I/O,14.785057,1.644247055053711
Vaex,Drug Review,4.13.0,v1,10,I/O,8.613076,0.9399368762969972
Vaex,Drug Review,4.13.0,v1,10,Missing,0.00824,0.0010545253753662
Vaex,Drug Review,4.13.0,v1,10,Missing,0.034057,0.0041582584381103
Vaex,Drug Review,4.13.0,v1,10,Missing,0.053284,0.0060453414916992
Vaex,Drug Review,4.13.0,v1,10,Missing,0.0,0.0008342266082763
Vaex,Drug Review,4.13.0,v1,10,Row/Column,0.002259,0.000894546508789
Vaex,Drug Review,4.13.0,v1,10,Aggregation,0.093445,0.0153136253356933
Vaex,Drug Review,4.13.0,v1,10,Row/Column,0.01001,0.0011906623840332
Vaex,Drug Review,4.13.0,v1,10,Row/Column,0.023254,0.0026595592498779
Vaex,Drug Review,4.13.0,v1,10,Row/Column,0.016295,0.0022816658020019
Vaex,Drug Review,4.13.0,v1,10,Aggregation,0.068603,0.0129938125610351
Vaex,Drug Review,4.13.0,v1,10,Aggregation,0.047547,0.0052320957183837
Vaex,Drug Review,4.13.0,v1,10,Aggregation,0.064637,0.0076487064361572
Vaex,Drug Review,4.13.0,v1,10,Aggregation,0.042724,0.0050499439239501
Vaex,Drug Review,4.13.0,v1,10,Aggregation,0.047729,0.0053415298461914
Vaex,Drug Review,4.13.0,v1,10,Row/Column,0.362975,0.0185046195983886
Vaex,Drug Review,4.15.0,v2,10,I/O,6.438094,0.7523179054260254
Vaex,Drug Review,4.15.0,v2,10,I/O,78.430647,9.02009916305542
Vaex,Drug Review,4.15.0,v2,10,I/O,11.676728,1.3376426696777344
Vaex,Drug Review,4.15.0,v2,10,I/O,8.144266,0.8931319713592529
Vaex,Drug Review,4.15.0,v2,10,Missing,0.009338,0.00124192237854
Vaex,Drug Review,4.15.0,v2,10,Missing,0.103454,0.0203645229339599
Vaex,Drug Review,4.15.0,v2,10,Missing,0.055664,0.0067548751831054
Vaex,Drug Review,4.15.0,v2,10,Missing,0.00769,0.0011250972747802
Vaex,Drug Review,4.15.0,v2,10,Row/Column,0.008057,0.0010228157043457
Vaex,Drug Review,4.15.0,v2,10,Aggregation,0.10614,0.0166473388671875
Vaex,Drug Review,4.15.0,v2,10,Row/Column,0.033935,0.0101909637451171
Vaex,Drug Review,4.15.0,v2,10,Row/Column,0.058532,0.0106167793273925
Vaex,Drug Review,4.15.0,v2,10,Row/Column,0.027527,0.008758544921875
Vaex,Drug Review,4.15.0,v2,10,Aggregation,0.059998,0.0118873119354248
Vaex,Drug Review,4.15.0,v2,10,Aggregation,0.040711,0.0052313804626464
Vaex,Drug Review,4.15.0,v2,10,Aggregation,0.068359,0.0074765682220458
Vaex,Drug Review,4.15.0,v2,10,Aggregation,0.061219,0.0117974281311035
Vaex,Drug Review,4.15.0,v2,10,Aggregation,0.037536,0.004840612411499
Vaex,Drug Review,4.15.0,v2,10,Row/Column,0.43579,0.0312187671661376
Vaex,Drug Review,4.15.0,v2,10,I/O,6.21019,0.7321662902832031
Vaex,Drug Review,4.15.0,v2,10,I/O,76.000111,8.92581295967102
Vaex,Drug Review,4.15.0,v2,10,I/O,11.171358,1.301156997680664
Vaex,Drug Review,4.15.0,v2,10,I/O,7.858378,0.886803388595581
Vaex,Drug Review,4.15.0,v2,10,Missing,0.003358,0.0010311603546142
Vaex,Drug Review,4.15.0,v2,10,Missing,0.026794,0.0039443969726562
Vaex,Drug Review,4.15.0,v2,10,Missing,0.051208,0.0059511661529541
Vaex,Drug Review,4.15.0,v2,10,Missing,0.006653,0.0011329650878906
Vaex,Drug Review,4.15.0,v2,10,Row/Column,0.006897,0.0010244846343994
Vaex,Drug Review,4.15.0,v2,10,Aggregation,0.098387,0.0139300823211669
Vaex,Drug Review,4.15.0,v2,10,Row/Column,0.008301,0.0013964176177978
Vaex,Drug Review,4.15.0,v2,10,Row/Column,0.018066,0.0026600360870361
Vaex,Drug Review,4.15.0,v2,10,Row/Column,0.01648,0.0021867752075195
Vaex,Drug Review,4.15.0,v2,10,Aggregation,0.257934,0.0329890251159668
Vaex,Drug Review,4.15.0,v2,10,Aggregation,0.0437,0.005406379699707
Vaex,Drug Review,4.15.0,v2,10,Aggregation,0.068603,0.0076069831848144
Vaex,Drug Review,4.15.0,v2,10,Aggregation,0.041931,0.0052144527435302
Vaex,Drug Review,4.15.0,v2,10,Aggregation,0.046082,0.0053212642669677
Vaex,Drug Review,4.15.0,v2,10,Row/Column,0.297546,0.0199785232543945
Vaex,Drug Review,4.15.0,v2,10,I/O,5.922227,0.6903183460235596
Vaex,Drug Review,4.15.0,v2,10,I/O,76.804795,9.01970648765564
Vaex,Drug Review,4.15.0,v2,10,I/O,11.393159,1.324443817138672
Vaex,Drug Review,4.15.0,v2,10,I/O,8.225626,0.9110512733459472
Vaex,Drug Review,4.15.0,v2,10,Missing,0.007995,0.0011782646179199
Vaex,Drug Review,4.15.0,v2,10,Missing,0.024659,0.0038716793060302
Vaex,Drug Review,4.15.0,v2,10,Missing,0.045593,0.0059711933135986
Vaex,Drug Review,4.15.0,v2,10,Missing,0.001099,0.0010814666748046
Vaex,Drug Review,4.15.0,v2,10,Row/Column,0.0,0.0006921291351318
Vaex,Drug Review,4.15.0,v2,10,Aggregation,0.102112,0.017488956451416
Vaex,Drug Review,4.15.0,v2,10,Row/Column,0.003967,0.0010352134704589
Vaex,Drug Review,4.15.0,v2,10,Row/Column,0.017212,0.0022997856140136
Vaex,Drug Review,4.15.0,v2,10,Row/Column,0.009216,0.0018517971038818
Vaex,Drug Review,4.15.0,v2,10,Aggregation,0.070373,0.0140004158020019
Vaex,Drug Review,4.15.0,v2,10,Aggregation,0.046631,0.0054466724395751
Vaex,Drug Review,4.15.0,v2,10,Aggregation,0.06482,0.0075898170471191
Vaex,Drug Review,4.15.0,v2,10,Aggregation,0.046692,0.005120038986206
Vaex,Drug Review,4.15.0,v2,10,Aggregation,0.047669,0.0054092407226562
Vaex,Drug Review,4.15.0,v2,10,Row/Column,0.280395,0.019442081451416
Vaex,Drug Review,4.15.0,v2,10,I/O,6.800948,0.7355654239654541
Vaex,Drug Review,4.15.0,v2,10,I/O,77.021165,8.846887350082397
Vaex,Drug Review,4.15.0,v2,10,I/O,11.247957,1.3002519607543943
Vaex,Drug Review,4.15.0,v2,10,I/O,8.1074,0.8823685646057129
Vaex,Drug Review,4.15.0,v2,10,Missing,0.007386,0.0011007785797119
Vaex,Drug Review,4.15.0,v2,10,Missing,0.024536,0.0039069652557373
Vaex,Drug Review,4.15.0,v2,10,Missing,0.044067,0.0059101581573486
Vaex,Drug Review,4.15.0,v2,10,Missing,0.00586,0.0011298656463623
Vaex,Drug Review,4.15.0,v2,10,Row/Column,0.002685,0.0006349086761474
Vaex,Drug Review,4.15.0,v2,10,Aggregation,0.084839,0.0142114162445068
Vaex,Drug Review,4.15.0,v2,10,Row/Column,0.003234,0.0013682842254638
Vaex,Drug Review,4.15.0,v2,10,Row/Column,0.020812,0.0024302005767822
Vaex,Drug Review,4.15.0,v2,10,Row/Column,0.128235,0.0151336193084716
Vaex,Drug Review,4.15.0,v2,10,Aggregation,0.060304,0.0113086700439453
Vaex,Drug Review,4.15.0,v2,10,Aggregation,0.041077,0.0052566528320312
Vaex,Drug Review,4.15.0,v2,10,Aggregation,0.065735,0.0071969032287597
Vaex,Drug Review,4.15.0,v2,10,Aggregation,0.042664,0.0054254531860351
Vaex,Drug Review,4.15.0,v2,10,Aggregation,0.048401,0.0054297447204589
Vaex,Drug Review,4.15.0,v2,10,Row/Column,0.278808,0.0193753242492675
Vaex,Drug Review,4.15.0,v2,10,I/O,6.221541,0.7138206958770752
Vaex,Drug Review,4.15.0,v2,10,I/O,78.153364,8.884174585342407
Vaex,Drug Review,4.15.0,v2,10,I/O,11.514924,1.3289783000946045
Vaex,Drug Review,4.15.0,v2,10,I/O,8.358803,0.9166977405548096
Vaex,Drug Review,4.15.0,v2,10,Missing,0.003051,0.0007479190826416
Vaex,Drug Review,4.15.0,v2,10,Missing,0.02954,0.0036146640777587
Vaex,Drug Review,4.15.0,v2,10,Missing,0.043274,0.0056273937225341
Vaex,Drug Review,4.15.0,v2,10,Missing,0.0,0.0007662773132324
Vaex,Drug Review,4.15.0,v2,10,Row/Column,0.003784,0.0007293224334716
Vaex,Drug Review,4.15.0,v2,10,Aggregation,0.088134,0.0141921043395996
Vaex,Drug Review,4.15.0,v2,10,Row/Column,0.009156,0.0010404586791992
Vaex,Drug Review,4.15.0,v2,10,Row/Column,0.025024,0.0022675991058349
Vaex,Drug Review,4.15.0,v2,10,Row/Column,0.013246,0.0018680095672607
Vaex,Drug Review,4.15.0,v2,10,Aggregation,0.070861,0.0143194198608398
Vaex,Drug Review,4.15.0,v2,10,Aggregation,0.03656,0.004934549331665
Vaex,Drug Review,4.15.0,v2,10,Aggregation,0.063904,0.0071313381195068
Vaex,Drug Review,4.15.0,v2,10,Aggregation,0.046019,0.0050666332244873
Vaex,Drug Review,4.15.0,v2,10,Aggregation,0.253174,0.027125597000122
Vaex,Drug Review,4.15.0,v2,10,Row/Column,0.269835,0.0188870429992675
Vaex,Drug Review,4.15.0,v2,10,I/O,6.219222,0.7097370624542236
Vaex,Drug Review,4.15.0,v2,10,I/O,77.554855,8.991947889328003
Vaex,Drug Review,4.15.0,v2,10,I/O,11.435946,1.326223850250244
Vaex,Drug Review,4.15.0,v2,10,I/O,8.186197,0.9108548164367676
Vaex,Drug Review,4.15.0,v2,10,Missing,0.005737,0.0011594295501708
Vaex,Drug Review,4.15.0,v2,10,Missing,0.036561,0.0040087699890136
Vaex,Drug Review,4.15.0,v2,10,Missing,0.045532,0.0059742927551269
Vaex,Drug Review,4.15.0,v2,10,Missing,0.006896,0.0011537075042724
Vaex,Drug Review,4.15.0,v2,10,Row/Column,0.0,0.0006227493286132
Vaex,Drug Review,4.15.0,v2,10,Aggregation,0.193664,0.0267190933227539
Vaex,Drug Review,4.15.0,v2,10,Row/Column,0.00714,0.0010380744934082
Vaex,Drug Review,4.15.0,v2,10,Row/Column,0.013001,0.0022640228271484
Vaex,Drug Review,4.15.0,v2,10,Row/Column,0.014527,0.001814842224121
Vaex,Drug Review,4.15.0,v2,10,Aggregation,0.060912,0.0114319324493408
Vaex,Drug Review,4.15.0,v2,10,Aggregation,0.036194,0.0049543380737304
Vaex,Drug Review,4.15.0,v2,10,Aggregation,0.064148,0.0073425769805908
Vaex,Drug Review,4.15.0,v2,10,Aggregation,0.046692,0.0052618980407714
Vaex,Drug Review,4.15.0,v2,10,Aggregation,0.043518,0.0052103996276855
Vaex,Drug Review,4.15.0,v2,10,Row/Column,0.271971,0.0187838077545166
Vaex,Drug Review,4.15.0,v2,10,I/O,6.170639,0.7237546443939209
Vaex,Drug Review,4.15.0,v2,10,I/O,76.333911,9.01510238647461
Vaex,Drug Review,4.15.0,v2,10,I/O,11.497652,1.32794189453125
Vaex,Drug Review,4.15.0,v2,10,I/O,8.130167,0.905597448348999
Vaex,Drug Review,4.15.0,v2,10,Missing,0.007935,0.0008046627044677
Vaex,Drug Review,4.15.0,v2,10,Missing,0.024353,0.0036337375640869
Vaex,Drug Review,4.15.0,v2,10,Missing,0.048096,0.005620002746582
Vaex,Drug Review,4.15.0,v2,10,Missing,0.0,0.0007703304290771
Vaex,Drug Review,4.15.0,v2,10,Row/Column,0.006835,0.0009906291961669
Vaex,Drug Review,4.15.0,v2,10,Aggregation,0.101501,0.0139954090118408
Vaex,Drug Review,4.15.0,v2,10,Row/Column,0.00708,0.0013914108276367
Vaex,Drug Review,4.15.0,v2,10,Row/Column,0.017334,0.0024671554565429
Vaex,Drug Review,4.15.0,v2,10,Row/Column,0.016846,0.002166748046875
Vaex,Drug Review,4.15.0,v2,10,Aggregation,0.058288,0.0115540027618408
Vaex,Drug Review,4.15.0,v2,10,Aggregation,0.046265,0.0053784847259521
Vaex,Drug Review,4.15.0,v2,10,Aggregation,0.251525,0.0283248424530029
Vaex,Drug Review,4.15.0,v2,10,Aggregation,0.042237,0.0051758289337158
Vaex,Drug Review,4.15.0,v2,10,Aggregation,0.046997,0.0053110122680664
Vaex,Drug Review,4.15.0,v2,10,Row/Column,0.280273,0.0191173553466796
Vaex,Drug Review,4.15.0,v2,10,I/O,6.025802,0.7042932510375977
Vaex,Drug Review,4.15.0,v2,10,I/O,74.825736,8.886776447296143
Vaex,Drug Review,4.15.0,v2,10,I/O,11.507844,1.3272652626037598
Vaex,Drug Review,4.15.0,v2,10,I/O,8.229105,0.9096543788909912
Vaex,Drug Review,4.15.0,v2,10,Missing,0.00415,0.0011188983917236
Vaex,Drug Review,4.15.0,v2,10,Missing,0.030883,0.0038981437683105
Vaex,Drug Review,4.15.0,v2,10,Missing,0.067505,0.0084984302520751
Vaex,Drug Review,4.15.0,v2,10,Missing,0.009033,0.0010712146759033
Vaex,Drug Review,4.15.0,v2,10,Row/Column,0.0,0.000892162322998
Vaex,Drug Review,4.15.0,v2,10,Aggregation,0.095581,0.013946533203125
Vaex,Drug Review,4.15.0,v2,10,Row/Column,0.008545,0.0012958049774169
Vaex,Drug Review,4.15.0,v2,10,Row/Column,0.016052,0.0025389194488525
Vaex,Drug Review,4.15.0,v2,10,Row/Column,0.016296,0.0021653175354003
Vaex,Drug Review,4.15.0,v2,10,Aggregation,0.066955,0.0117788314819335
Vaex,Drug Review,4.15.0,v2,10,Aggregation,0.045166,0.0054028034210205
Vaex,Drug Review,4.15.0,v2,10,Aggregation,0.064637,0.0074546337127685
Vaex,Drug Review,4.15.0,v2,10,Aggregation,0.046875,0.0050148963928222
Vaex,Drug Review,4.15.0,v2,10,Aggregation,0.048279,0.0053062438964843
Vaex,Drug Review,4.15.0,v2,10,Row/Column,0.275085,0.0193662643432617
Vaex,Drug Review,4.15.0,v2,10,I/O,6.248397,0.7290761470794678
Vaex,Drug Review,4.15.0,v2,10,I/O,75.958546,8.834566831588745
Vaex,Drug Review,4.15.0,v2,10,I/O,11.295808,1.3062679767608645
Vaex,Drug Review,4.15.0,v2,10,I/O,7.979045,0.8885633945465088
Vaex,Drug Review,4.15.0,v2,10,Missing,0.005493,0.0011289119720458
Vaex,Drug Review,4.15.0,v2,10,Missing,0.034607,0.0039408206939697
Vaex,Drug Review,4.15.0,v2,10,Missing,0.04419,0.0056314468383789
Vaex,Drug Review,4.15.0,v2,10,Missing,0.0,0.0007719993591308
Vaex,Drug Review,4.15.0,v2,10,Row/Column,0.003663,0.0009887218475341
Vaex,Drug Review,4.15.0,v2,10,Aggregation,0.101928,0.0141365528106689
Vaex,Drug Review,4.15.0,v2,10,Row/Column,0.006714,0.0013966560363769
Vaex,Drug Review,4.15.0,v2,10,Row/Column,0.015259,0.0025751590728759
Vaex,Drug Review,4.15.0,v2,10,Row/Column,0.013611,0.0021727085113525
Vaex,Drug Review,4.15.0,v2,10,Aggregation,0.064942,0.0114071369171142
Vaex,Drug Review,4.15.0,v2,10,Aggregation,0.046569,0.0052790641784667
Vaex,Drug Review,4.15.0,v2,10,Aggregation,0.274169,0.0296318531036376
Vaex,Drug Review,4.15.0,v2,10,Aggregation,0.048523,0.0054075717926025
Vaex,Drug Review,4.15.0,v2,10,Aggregation,0.04718,0.0050795078277587
Vaex,Drug Review,4.15.0,v2,10,Row/Column,0.277526,0.0190145969390869
Vaex,Drug Review,4.15.0,v2,10,I/O,5.981857,0.6916666030883789
Vaex,Drug Review,4.15.0,v2,10,I/O,78.154707,8.876294612884521
Vaex,Drug Review,4.15.0,v2,10,I/O,11.639435,1.3300230503082275
Vaex,Drug Review,4.15.0,v2,10,I/O,8.067422,0.9043264389038086
Vaex,Drug Review,4.15.0,v2,10,Missing,0.003723,0.0011403560638427
Vaex,Drug Review,4.15.0,v2,10,Missing,0.026734,0.0038998126983642
Vaex,Drug Review,4.15.0,v2,10,Missing,0.047424,0.0059101581573486
Vaex,Drug Review,4.15.0,v2,10,Missing,0.008239,0.0011241436004638
Vaex,Drug Review,4.15.0,v2,10,Row/Column,0.001709,0.0010077953338623
Vaex,Drug Review,4.15.0,v2,10,Aggregation,0.10315,0.0141572952270507
Vaex,Drug Review,4.15.0,v2,10,Row/Column,0.011169,0.0014045238494873
Vaex,Drug Review,4.15.0,v2,10,Row/Column,0.01709,0.002577781677246
Vaex,Drug Review,4.15.0,v2,10,Row/Column,0.013427,0.0018403530120849
Vaex,Drug Review,4.15.0,v2,10,Aggregation,0.059753,0.0119702816009521
Vaex,Drug Review,4.15.0,v2,10,Aggregation,0.045776,0.005281925201416
Vaex,Drug Review,4.15.0,v2,10,Aggregation,0.065003,0.0076639652252197
Vaex,Drug Review,4.15.0,v2,10,Aggregation,0.046631,0.005394697189331
Vaex,Drug Review,4.15.0,v2,10,Aggregation,0.044189,0.0050656795501708
Vaex,Drug Review,4.15.0,v2,10,Row/Column,0.27307,0.0187571048736572
Vaex,Drug Review,4.17.0,v0,10,I/O,6.418379,0.7472050189971924
Vaex,Drug Review,4.17.0,v0,10,I/O,75.454641,8.779888391494751
Vaex,Drug Review,4.17.0,v0,10,I/O,11.564118,1.3244726657867432
Vaex,Drug Review,4.17.0,v0,10,I/O,7.950907,0.8779721260070801
Vaex,Drug Review,4.17.0,v0,10,Missing,0.0,0.0007569789886474
Vaex,Drug Review,4.17.0,v0,10,Missing,0.091431,0.0186688899993896
Vaex,Drug Review,4.17.0,v0,10,Missing,0.048278,0.0057573318481445
Vaex,Drug Review,4.17.0,v0,10,Missing,0.0,0.0007262229919433
Vaex,Drug Review,4.17.0,v0,10,Row/Column,0.00116,0.0008730888366699
Vaex,Drug Review,4.17.0,v0,10,Aggregation,0.102906,0.0182466506958007
Vaex,Drug Review,4.17.0,v0,10,Row/Column,0.042785,0.0097649097442626
Vaex,Drug Review,4.17.0,v0,10,Row/Column,0.051453,0.0135595798492431
Vaex,Drug Review,4.17.0,v0,10,Row/Column,0.034057,0.0088906288146972
Vaex,Drug Review,4.17.0,v0,10,Aggregation,0.046081,0.010500431060791
Vaex,Drug Review,4.17.0,v0,10,Aggregation,0.036865,0.0041050910949707
Vaex,Drug Review,4.17.0,v0,10,Aggregation,0.05194,0.0062975883483886
Vaex,Drug Review,4.17.0,v0,10,Aggregation,0.052368,0.0107889175415039
Vaex,Drug Review,4.17.0,v0,10,Aggregation,0.233397,0.0252697467803955
Vaex,Drug Review,4.17.0,v0,10,Row/Column,0.460936,0.0296905040740966
Vaex,Drug Review,4.17.0,v0,10,I/O,6.06218,0.7046425342559814
Vaex,Drug Review,4.17.0,v0,10,I/O,76.353992,8.82444715499878
Vaex,Drug Review,4.17.0,v0,10,I/O,11.625032,1.328333616256714
Vaex,Drug Review,4.17.0,v0,10,I/O,8.234292,0.9068975448608398
Vaex,Drug Review,4.17.0,v0,10,Missing,0.009644,0.0011584758758544
Vaex,Drug Review,4.17.0,v0,10,Missing,0.025513,0.0038554668426513
Vaex,Drug Review,4.17.0,v0,10,Missing,0.053344,0.0059268474578857
Vaex,Drug Review,4.17.0,v0,10,Missing,0.006652,0.0009832382202148
Vaex,Drug Review,4.17.0,v0,10,Row/Column,0.0,0.0008449554443359
Vaex,Drug Review,4.17.0,v0,10,Aggregation,0.073364,0.0127933025360107
Vaex,Drug Review,4.17.0,v0,10,Row/Column,0.006348,0.0013704299926757
Vaex,Drug Review,4.17.0,v0,10,Row/Column,0.016785,0.0027394294738769
Vaex,Drug Review,4.17.0,v0,10,Row/Column,0.017517,0.0021800994873046
Vaex,Drug Review,4.17.0,v0,10,Aggregation,0.044251,0.0104293823242187
Vaex,Drug Review,4.17.0,v0,10,Aggregation,0.02832,0.0038559436798095
Vaex,Drug Review,4.17.0,v0,10,Aggregation,0.045777,0.0060451030731201
Vaex,Drug Review,4.17.0,v0,10,Aggregation,0.035217,0.0039799213409423
Vaex,Drug Review,4.17.0,v0,10,Aggregation,0.025085,0.0036418437957763
Vaex,Drug Review,4.17.0,v0,10,Row/Column,0.326965,0.0203714370727539
Vaex,Drug Review,4.17.0,v0,10,I/O,6.440963,0.725090742111206
Vaex,Drug Review,4.17.0,v0,10,I/O,77.179673,8.715436220169067
Vaex,Drug Review,4.17.0,v0,10,I/O,11.614167,1.3017396926879885
Vaex,Drug Review,4.17.0,v0,10,I/O,8.109782,0.8841948509216309
Vaex,Drug Review,4.17.0,v0,10,Missing,0.0,0.0007746219635009
Vaex,Drug Review,4.17.0,v0,10,Missing,0.024903,0.0036244392395019
Vaex,Drug Review,4.17.0,v0,10,Missing,0.044494,0.0056371688842773
Vaex,Drug Review,4.17.0,v0,10,Missing,0.00293,0.0007576942443847
Vaex,Drug Review,4.17.0,v0,10,Row/Column,0.0,0.0006792545318603
Vaex,Drug Review,4.17.0,v0,10,Aggregation,0.072693,0.0127182006835937
Vaex,Drug Review,4.17.0,v0,10,Row/Column,0.007507,0.0012800693511962
Vaex,Drug Review,4.17.0,v0,10,Row/Column,0.017578,0.0025165081024169
Vaex,Drug Review,4.17.0,v0,10,Row/Column,0.016052,0.0021681785583496
Vaex,Drug Review,4.17.0,v0,10,Aggregation,0.235656,0.0311160087585449
Vaex,Drug Review,4.17.0,v0,10,Aggregation,0.02771,0.0034103393554687
Vaex,Drug Review,4.17.0,v0,10,Aggregation,0.053588,0.0059955120086669
Vaex,Drug Review,4.17.0,v0,10,Aggregation,0.038025,0.0040056705474853
Vaex,Drug Review,4.17.0,v0,10,Aggregation,0.032713,0.0038738250732421
Vaex,Drug Review,4.17.0,v0,10,Row/Column,0.312927,0.0191767215728759
Vaex,Drug Review,4.17.0,v0,10,I/O,6.109909,0.7009201049804688
Vaex,Drug Review,4.17.0,v0,10,I/O,76.445483,8.77977991104126
Vaex,Drug Review,4.17.0,v0,10,I/O,11.550874,1.3248114585876465
Vaex,Drug Review,4.17.0,v0,10,I/O,8.224468,0.9032208919525146
Vaex,Drug Review,4.17.0,v0,10,Missing,0.0,0.0008418560028076
Vaex,Drug Review,4.17.0,v0,10,Missing,0.024291,0.0036532878875732
Vaex,Drug Review,4.17.0,v0,10,Missing,0.046752,0.0056099891662597
Vaex,Drug Review,4.17.0,v0,10,Missing,0.0,0.0007741451263427
Vaex,Drug Review,4.17.0,v0,10,Row/Column,0.009156,0.0009033679962158
Vaex,Drug Review,4.17.0,v0,10,Aggregation,0.070006,0.012885570526123
Vaex,Drug Review,4.17.0,v0,10,Row/Column,0.003296,0.0013391971588134
Vaex,Drug Review,4.17.0,v0,10,Row/Column,0.017822,0.0025627613067626
Vaex,Drug Review,4.17.0,v0,10,Row/Column,0.010132,0.0020186901092529
Vaex,Drug Review,4.17.0,v0,10,Aggregation,0.047424,0.0103769302368164
Vaex,Drug Review,4.17.0,v0,10,Aggregation,0.037537,0.0041432380676269
Vaex,Drug Review,4.17.0,v0,10,Aggregation,0.054321,0.0060985088348388
Vaex,Drug Review,4.17.0,v0,10,Aggregation,0.031799,0.0039849281311035
Vaex,Drug Review,4.17.0,v0,10,Aggregation,0.234863,0.02565598487854
Vaex,Drug Review,4.17.0,v0,10,Row/Column,0.312866,0.0193889141082763
Vaex,Drug Review,4.17.0,v0,10,I/O,6.25566,0.7061705589294434
Vaex,Drug Review,4.17.0,v0,10,I/O,77.609969,8.698949098587036
Vaex,Drug Review,4.17.0,v0,10,I/O,11.90567,1.3292090892791748
Vaex,Drug Review,4.17.0,v0,10,I/O,8.429911,0.8953943252563477
Vaex,Drug Review,4.17.0,v0,10,Missing,0.001099,0.0011439323425292
Vaex,Drug Review,4.17.0,v0,10,Missing,0.027039,0.0036687850952148
Vaex,Drug Review,4.17.0,v0,10,Missing,0.069274,0.0083410739898681
Vaex,Drug Review,4.17.0,v0,10,Missing,0.008118,0.001054048538208
Vaex,Drug Review,4.17.0,v0,10,Row/Column,0.003724,0.000795841217041
Vaex,Drug Review,4.17.0,v0,10,Aggregation,0.076477,0.0125730037689208
Vaex,Drug Review,4.17.0,v0,10,Row/Column,0.004943,0.0013754367828369
Vaex,Drug Review,4.17.0,v0,10,Row/Column,0.024108,0.0025463104248046
Vaex,Drug Review,4.17.0,v0,10,Row/Column,0.016358,0.0021731853485107
Vaex,Drug Review,4.17.0,v0,10,Aggregation,0.050536,0.0102148056030273
Vaex,Drug Review,4.17.0,v0,10,Aggregation,0.037537,0.0039350986480712
Vaex,Drug Review,4.17.0,v0,10,Aggregation,0.052306,0.0061326026916503
Vaex,Drug Review,4.17.0,v0,10,Aggregation,0.037841,0.0038223266601562
Vaex,Drug Review,4.17.0,v0,10,Aggregation,0.026673,0.0036048889160156
Vaex,Drug Review,4.17.0,v0,10,Row/Column,0.312316,0.0191395282745361
Vaex,Drug Review,4.17.0,v0,10,I/O,6.40013,0.7360506057739258
Vaex,Drug Review,4.17.0,v0,10,I/O,77.748824,8.796799659729004
Vaex,Drug Review,4.17.0,v0,10,I/O,11.684724,1.3181002140045166
Vaex,Drug Review,4.17.0,v0,10,I/O,8.097086,0.8834333419799805
Vaex,Drug Review,4.17.0,v0,10,Missing,0.008727,0.0011436939239501
Vaex,Drug Review,4.17.0,v0,10,Missing,0.027343,0.0039434432983398
Vaex,Drug Review,4.17.0,v0,10,Missing,0.046814,0.0058751106262207
Vaex,Drug Review,4.17.0,v0,10,Missing,0.008179,0.001115083694458
Vaex,Drug Review,4.17.0,v0,10,Row/Column,0.007019,0.0009543895721435
Vaex,Drug Review,4.17.0,v0,10,Aggregation,0.085755,0.0144898891448974
Vaex,Drug Review,4.17.0,v0,10,Row/Column,0.007446,0.0014035701751708
Vaex,Drug Review,4.17.0,v0,10,Row/Column,0.013183,0.0022826194763183
Vaex,Drug Review,4.17.0,v0,10,Row/Column,0.012878,0.0018503665924072
Vaex,Drug Review,4.17.0,v0,10,Aggregation,0.058655,0.0137956142425537
Vaex,Drug Review,4.17.0,v0,10,Aggregation,0.240234,0.0257446765899658
Vaex,Drug Review,4.17.0,v0,10,Aggregation,0.048583,0.005850076675415
Vaex,Drug Review,4.17.0,v0,10,Aggregation,0.035094,0.0037245750427246
Vaex,Drug Review,4.17.0,v0,10,Aggregation,0.037658,0.0039658546447753
Vaex,Drug Review,4.17.0,v0,10,Row/Column,0.316589,0.0190780162811279
Vaex,Drug Review,4.17.0,v0,10,I/O,6.131393,0.6930420398712158
Vaex,Drug Review,4.17.0,v0,10,I/O,78.908794,8.899986028671265
Vaex,Drug Review,4.17.0,v0,10,I/O,11.898713,1.3385505676269531
Vaex,Drug Review,4.17.0,v0,10,I/O,8.285379,0.9059205055236816
Vaex,Drug Review,4.17.0,v0,10,Missing,0.008422,0.0011539459228515
Vaex,Drug Review,4.17.0,v0,10,Missing,0.025512,0.0036301612854003
Vaex,Drug Review,4.17.0,v0,10,Missing,0.044372,0.0056118965148925
Vaex,Drug Review,4.17.0,v0,10,Missing,0.003113,0.0007586479187011
Vaex,Drug Review,4.17.0,v0,10,Row/Column,0.0,0.000709056854248
Vaex,Drug Review,4.17.0,v0,10,Aggregation,0.077576,0.0124409198760986
Vaex,Drug Review,4.17.0,v0,10,Row/Column,0.00824,0.0010850429534912
Vaex,Drug Review,4.17.0,v0,10,Row/Column,0.018494,0.0023343563079833
Vaex,Drug Review,4.17.0,v0,10,Row/Column,0.017213,0.0019025802612304
Vaex,Drug Review,4.17.0,v0,10,Aggregation,0.057434,0.0102362632751464
Vaex,Drug Review,4.17.0,v0,10,Aggregation,0.034118,0.0038793087005615
Vaex,Drug Review,4.17.0,v0,10,Aggregation,0.055785,0.0061571598052978
Vaex,Drug Review,4.17.0,v0,10,Aggregation,0.032959,0.0037441253662109
Vaex,Drug Review,4.17.0,v0,10,Aggregation,0.027893,0.0036845207214355
Vaex,Drug Review,4.17.0,v0,10,Row/Column,0.324828,0.0192651748657226
Vaex,Drug Review,4.17.0,v0,10,I/O,6.58586,0.7253758907318115
Vaex,Drug Review,4.17.0,v0,10,I/O,79.504497,8.784573793411255
Vaex,Drug Review,4.17.0,v0,10,I/O,11.771455,1.305394172668457
Vaex,Drug Review,4.17.0,v0,10,I/O,8.39219,0.8952510356903076
Vaex,Drug Review,4.17.0,v0,10,Missing,0.008789,0.001056432723999
Vaex,Drug Review,4.17.0,v0,10,Missing,0.025207,0.0036525726318359
Vaex,Drug Review,4.17.0,v0,10,Missing,0.044616,0.005631685256958
Vaex,Drug Review,4.17.0,v0,10,Missing,0.004699,0.0007832050323486
Vaex,Drug Review,4.17.0,v0,10,Row/Column,0.003418,0.0008277893066406
Vaex,Drug Review,4.17.0,v0,10,Aggregation,0.075989,0.012643814086914
Vaex,Drug Review,4.17.0,v0,10,Row/Column,0.007691,0.0013678073883056
Vaex,Drug Review,4.17.0,v0,10,Row/Column,0.017212,0.0025641918182373
Vaex,Drug Review,4.17.0,v0,10,Row/Column,0.132202,0.0153002738952636
Vaex,Drug Review,4.17.0,v0,10,Aggregation,0.047606,0.0101218223571777
Vaex,Drug Review,4.17.0,v0,10,Aggregation,0.032593,0.0037791728973388
Vaex,Drug Review,4.17.0,v0,10,Aggregation,0.047852,0.0057435035705566
Vaex,Drug Review,4.17.0,v0,10,Aggregation,0.034669,0.0035667419433593
Vaex,Drug Review,4.17.0,v0,10,Aggregation,0.029663,0.0036723613739013
Vaex,Drug Review,4.17.0,v0,10,Row/Column,0.314086,0.0191428661346435
Vaex,Drug Review,4.17.0,v0,10,I/O,6.335494,0.7181174755096436
Vaex,Drug Review,4.17.0,v0,10,I/O,77.448776,8.744800329208374
Vaex,Drug Review,4.17.0,v0,10,I/O,11.853058,1.3276855945587158
Vaex,Drug Review,4.17.0,v0,10,I/O,8.376994,0.8988113403320312
Vaex,Drug Review,4.17.0,v0,10,Missing,0.004761,0.0007598400115966
Vaex,Drug Review,4.17.0,v0,10,Missing,0.025269,0.00364351272583
Vaex,Drug Review,4.17.0,v0,10,Missing,0.052001,0.0057065486907958
Vaex,Drug Review,4.17.0,v0,10,Missing,0.0,0.0007612705230712
Vaex,Drug Review,4.17.0,v0,10,Row/Column,0.005799,0.0009143352508544
Vaex,Drug Review,4.17.0,v0,10,Aggregation,0.0849,0.0129194259643554
Vaex,Drug Review,4.17.0,v0,10,Row/Column,0.008423,0.0012757778167724
Vaex,Drug Review,4.17.0,v0,10,Row/Column,0.019104,0.0022451877593994
Vaex,Drug Review,4.17.0,v0,10,Row/Column,0.013734,0.0018234252929687
Vaex,Drug Review,4.17.0,v0,10,Aggregation,0.044006,0.0104777812957763
Vaex,Drug Review,4.17.0,v0,10,Aggregation,0.031982,0.0038254261016845
Vaex,Drug Review,4.17.0,v0,10,Aggregation,0.051513,0.0063230991363525
Vaex,Drug Review,4.17.0,v0,10,Aggregation,0.024842,0.0033991336822509
Vaex,Drug Review,4.17.0,v0,10,Aggregation,0.239257,0.0254662036895751
Vaex,Drug Review,4.17.0,v0,10,Row/Column,0.323485,0.0193614959716796
Vaex,Drug Review,4.17.0,v0,10,I/O,6.225692,0.6980443000793457
Vaex,Drug Review,4.17.0,v0,10,I/O,78.529829,8.852026462554932
Vaex,Drug Review,4.17.0,v0,10,I/O,11.84671,1.3395345211029053
Vaex,Drug Review,4.17.0,v0,10,I/O,8.212016,0.9045634269714355
Vaex,Drug Review,4.17.0,v0,10,Missing,0.0,0.0007693767547607
Vaex,Drug Review,4.17.0,v0,10,Missing,0.02173,0.0036556720733642
Vaex,Drug Review,4.17.0,v0,10,Missing,0.069214,0.0082950592041015
Vaex,Drug Review,4.17.0,v0,10,Missing,0.002075,0.0007719993591308
Vaex,Drug Review,4.17.0,v0,10,Row/Column,0.0,0.0006275177001953
Vaex,Drug Review,4.17.0,v0,10,Aggregation,0.068054,0.0123450756072998
Vaex,Drug Review,4.17.0,v0,10,Row/Column,0.008118,0.0010411739349365
Vaex,Drug Review,4.17.0,v0,10,Row/Column,0.012817,0.0022876262664794
Vaex,Drug Review,4.17.0,v0,10,Row/Column,0.013062,0.0018420219421386
Vaex,Drug Review,4.17.0,v0,10,Aggregation,0.043884,0.0103287696838378
Vaex,Drug Review,4.17.0,v0,10,Aggregation,0.038087,0.0038473606109619
Vaex,Drug Review,4.17.0,v0,10,Aggregation,0.058594,0.0060091018676757
Vaex,Drug Review,4.17.0,v0,10,Aggregation,0.037109,0.0039787292480468
Vaex,Drug Review,4.17.0,v0,10,Aggregation,0.039001,0.003892183303833
Vaex,Drug Review,4.17.0,v0,10,Row/Column,0.303282,0.0182070732116699
Vaex,Student Exam,4.13.0,v1,10,I/O,0.799436,0.0839812755584716
Vaex,Student Exam,4.13.0,v1,10,I/O,3.247734,0.3532907962799072
Vaex,Student Exam,4.13.0,v1,10,I/O,1.640194,0.1845455169677734
Vaex,Student Exam,4.13.0,v1,10,I/O,1.401364,0.1536839008331298
Vaex,Student Exam,4.13.0,v1,10,Missing,0.007874,0.0013744831085205
Vaex,Student Exam,4.13.0,v1,10,Missing,0.139954,0.0221788883209228
Vaex,Student Exam,4.13.0,v1,10,Missing,0.125182,0.0145430564880371
Vaex,Student Exam,4.13.0,v1,10,Missing,0.012328,0.0011124610900878
Vaex,Student Exam,4.13.0,v1,10,Row/Column,0.011901,0.0014317035675048
Vaex,Student Exam,4.13.0,v1,10,Aggregation,0.340819,0.0237200260162353
Vaex,Student Exam,4.13.0,v1,10,Row/Column,0.032837,0.0094048976898193
Vaex,Student Exam,4.13.0,v1,10,Row/Column,0.045349,0.0101344585418701
Vaex,Student Exam,4.13.0,v1,10,Row/Column,0.069641,0.0118114948272705
Vaex,Student Exam,4.13.0,v1,10,Aggregation,0.053162,0.006683349609375
Vaex,Student Exam,4.13.0,v1,10,Aggregation,0.040039,0.0051727294921875
Vaex,Student Exam,4.13.0,v1,10,Aggregation,0.057434,0.0065062046051025
Vaex,Student Exam,4.13.0,v1,10,Aggregation,0.057068,0.0117967128753662
Vaex,Student Exam,4.13.0,v1,10,Aggregation,0.040955,0.005023717880249
Vaex,Student Exam,4.13.0,v1,10,Row/Column,0.247008,0.0183823108673095
Vaex,Student Exam,4.13.0,v1,10,I/O,0.713317,0.0744175910949707
Vaex,Student Exam,4.13.0,v1,10,I/O,2.946648,0.3257672786712646
Vaex,Student Exam,4.13.0,v1,10,I/O,1.659481,0.1854126453399658
Vaex,Student Exam,4.13.0,v1,10,I/O,1.367611,0.1473996639251709
Vaex,Student Exam,4.13.0,v1,10,Missing,0.007324,0.0015692710876464
Vaex,Student Exam,4.13.0,v1,10,Missing,0.070373,0.008894920349121
Vaex,Student Exam,4.13.0,v1,10,Missing,0.127563,0.014495849609375
Vaex,Student Exam,4.13.0,v1,10,Missing,0.014466,0.0022280216217041
Vaex,Student Exam,4.13.0,v1,10,Row/Column,0.007752,0.0014576911926269
Vaex,Student Exam,4.13.0,v1,10,Aggregation,0.266967,0.0217165946960449
Vaex,Student Exam,4.13.0,v1,10,Row/Column,0.016601,0.0019733905792236
Vaex,Student Exam,4.13.0,v1,10,Row/Column,0.017883,0.0024349689483642
Vaex,Student Exam,4.13.0,v1,10,Row/Column,0.034607,0.0042672157287597
Vaex,Student Exam,4.13.0,v1,10,Aggregation,0.055237,0.0063481330871582
Vaex,Student Exam,4.13.0,v1,10,Aggregation,0.040161,0.005124807357788
Vaex,Student Exam,4.13.0,v1,10,Aggregation,0.056457,0.0061521530151367
Vaex,Student Exam,4.13.0,v1,10,Aggregation,0.037598,0.0048112869262695
Vaex,Student Exam,4.13.0,v1,10,Aggregation,0.045715,0.0050275325775146
Vaex,Student Exam,4.13.0,v1,10,Row/Column,0.219237,0.0109679698944091
Vaex,Student Exam,4.13.0,v1,10,I/O,0.677854,0.0727791786193847
Vaex,Student Exam,4.13.0,v1,10,I/O,2.926445,0.3148550987243652
Vaex,Student Exam,4.13.0,v1,10,I/O,1.626827,0.1838364601135254
Vaex,Student Exam,4.13.0,v1,10,I/O,1.390804,0.1520733833312988
Vaex,Student Exam,4.13.0,v1,10,Missing,0.016358,0.0026187896728515
Vaex,Student Exam,4.13.0,v1,10,Missing,0.068725,0.0086719989776611
Vaex,Student Exam,4.13.0,v1,10,Missing,0.121644,0.0142560005187988
Vaex,Student Exam,4.13.0,v1,10,Missing,0.008057,0.001239538192749
Vaex,Student Exam,4.13.0,v1,10,Row/Column,0.008178,0.0010762214660644
Vaex,Student Exam,4.13.0,v1,10,Aggregation,0.255066,0.0215973854064941
Vaex,Student Exam,4.13.0,v1,10,Row/Column,0.010986,0.0019869804382324
Vaex,Student Exam,4.13.0,v1,10,Row/Column,0.022338,0.0024690628051757
Vaex,Student Exam,4.13.0,v1,10,Row/Column,0.031312,0.0041589736938476
Vaex,Student Exam,4.13.0,v1,10,Aggregation,0.048767,0.0064268112182617
Vaex,Student Exam,4.13.0,v1,10,Aggregation,0.046692,0.0050995349884033
Vaex,Student Exam,4.13.0,v1,10,Aggregation,0.055665,0.0061378479003906
Vaex,Student Exam,4.13.0,v1,10,Aggregation,0.041381,0.0048859119415283
Vaex,Student Exam,4.13.0,v1,10,Aggregation,0.041015,0.0047109127044677
Vaex,Student Exam,4.13.0,v1,10,Row/Column,0.212524,0.011629581451416
Vaex,Student Exam,4.13.0,v1,10,I/O,0.693785,0.0727951526641845
Vaex,Student Exam,4.13.0,v1,10,I/O,2.8872,0.3165225982666015
Vaex,Student Exam,4.13.0,v1,10,I/O,1.637386,0.1851868629455566
Vaex,Student Exam,4.13.0,v1,10,I/O,1.428158,0.1567003726959228
Vaex,Student Exam,4.13.0,v1,10,Missing,0.008301,0.0015604496002197
Vaex,Student Exam,4.13.0,v1,10,Missing,0.06781,0.0087654590606689
Vaex,Student Exam,4.13.0,v1,10,Missing,0.125977,0.0143485069274902
Vaex,Student Exam,4.13.0,v1,10,Missing,0.006774,0.0012881755828857
Vaex,Student Exam,4.13.0,v1,10,Row/Column,0.008545,0.0013391971588134
Vaex,Student Exam,4.13.0,v1,10,Aggregation,0.279602,0.0232303142547607
Vaex,Student Exam,4.13.0,v1,10,Row/Column,0.011536,0.0020081996917724
Vaex,Student Exam,4.13.0,v1,10,Row/Column,0.011353,0.0023727416992187
Vaex,Student Exam,4.13.0,v1,10,Row/Column,0.034607,0.0041570663452148
Vaex,Student Exam,4.13.0,v1,10,Aggregation,0.052245,0.0062377452850341
Vaex,Student Exam,4.13.0,v1,10,Aggregation,0.03949,0.0050630569458007
Vaex,Student Exam,4.13.0,v1,10,Aggregation,0.055542,0.006148338317871
Vaex,Student Exam,4.13.0,v1,10,Aggregation,0.054992,0.0066182613372802
Vaex,Student Exam,4.13.0,v1,10,Aggregation,0.036377,0.0047109127044677
Vaex,Student Exam,4.13.0,v1,10,Row/Column,0.21466,0.0108115673065185
Vaex,Student Exam,4.13.0,v1,10,I/O,0.688963,0.0744783878326416
Vaex,Student Exam,4.13.0,v1,10,I/O,2.879509,0.3152616024017334
Vaex,Student Exam,4.13.0,v1,10,I/O,1.613399,0.1843748092651367
Vaex,Student Exam,4.13.0,v1,10,I/O,1.404721,0.1571063995361328
Vaex,Student Exam,4.13.0,v1,10,Missing,0.009583,0.0013959407806396
Vaex,Student Exam,4.13.0,v1,10,Missing,0.070679,0.0086672306060791
Vaex,Student Exam,4.13.0,v1,10,Missing,0.125915,0.014249563217163
Vaex,Student Exam,4.13.0,v1,10,Missing,0.007629,0.0012600421905517
Vaex,Student Exam,4.13.0,v1,10,Row/Column,0.008179,0.0014522075653076
Vaex,Student Exam,4.13.0,v1,10,Aggregation,0.256041,0.0218260288238525
Vaex,Student Exam,4.13.0,v1,10,Row/Column,0.012879,0.0019700527191162
Vaex,Student Exam,4.13.0,v1,10,Row/Column,0.017883,0.0024051666259765
Vaex,Student Exam,4.13.0,v1,10,Row/Column,0.034729,0.0042290687561035
Vaex,Student Exam,4.13.0,v1,10,Aggregation,0.052613,0.0062496662139892
Vaex,Student Exam,4.13.0,v1,10,Aggregation,0.03656,0.0047879219055175
Vaex,Student Exam,4.13.0,v1,10,Aggregation,0.062317,0.0078051090240478
Vaex,Student Exam,4.13.0,v1,10,Aggregation,0.038147,0.0047435760498046
Vaex,Student Exam,4.13.0,v1,10,Aggregation,0.037109,0.0045282840728759
Vaex,Student Exam,4.13.0,v1,10,Row/Column,0.221374,0.0109636783599853
Vaex,Student Exam,4.13.0,v1,10,I/O,0.680601,0.0746271610260009
Vaex,Student Exam,4.13.0,v1,10,I/O,2.865289,0.3133418560028076
Vaex,Student Exam,4.13.0,v1,10,I/O,1.585262,0.1796596050262451
Vaex,Student Exam,4.13.0,v1,10,I/O,1.370114,0.1499364376068115
Vaex,Student Exam,4.13.0,v1,10,Missing,0.007202,0.0015444755554199
Vaex,Student Exam,4.13.0,v1,10,Missing,0.068115,0.0086085796356201
Vaex,Student Exam,4.13.0,v1,10,Missing,0.123718,0.0142550468444824
Vaex,Student Exam,4.13.0,v1,10,Missing,0.010193,0.0011465549468994
Vaex,Student Exam,4.13.0,v1,10,Row/Column,0.007508,0.0014524459838867
Vaex,Student Exam,4.13.0,v1,10,Aggregation,0.259094,0.0211057662963867
Vaex,Student Exam,4.13.0,v1,10,Row/Column,0.016235,0.0020103454589843
Vaex,Student Exam,4.13.0,v1,10,Row/Column,0.023254,0.003641128540039
Vaex,Student Exam,4.13.0,v1,10,Row/Column,0.026245,0.0039365291595458
Vaex,Student Exam,4.13.0,v1,10,Aggregation,0.066406,0.0066347122192382
Vaex,Student Exam,4.13.0,v1,10,Aggregation,0.046814,0.0051159858703613
Vaex,Student Exam,4.13.0,v1,10,Aggregation,0.057677,0.0064363479614257
Vaex,Student Exam,4.13.0,v1,10,Aggregation,0.045654,0.0050911903381347
Vaex,Student Exam,4.13.0,v1,10,Aggregation,0.039307,0.0049114227294921
Vaex,Student Exam,4.13.0,v1,10,Row/Column,0.214537,0.0110387802124023
Vaex,Student Exam,4.13.0,v1,10,I/O,0.700072,0.0746295452117919
Vaex,Student Exam,4.13.0,v1,10,I/O,2.872063,0.3255884647369385
Vaex,Student Exam,4.13.0,v1,10,I/O,1.554867,0.1776869297027588
Vaex,Student Exam,4.13.0,v1,10,I/O,1.36456,0.1490194797515869
Vaex,Student Exam,4.13.0,v1,10,Missing,0.00885,0.0015759468078613
Vaex,Student Exam,4.13.0,v1,10,Missing,0.073852,0.0087659358978271
Vaex,Student Exam,4.13.0,v1,10,Missing,0.128905,0.0142378807067871
Vaex,Student Exam,4.13.0,v1,10,Missing,0.014588,0.0021698474884033
Vaex,Student Exam,4.13.0,v1,10,Row/Column,0.007995,0.0014491081237792
Vaex,Student Exam,4.13.0,v1,10,Aggregation,0.265258,0.0216739177703857
Vaex,Student Exam,4.13.0,v1,10,Row/Column,0.01764,0.0019865036010742
Vaex,Student Exam,4.13.0,v1,10,Row/Column,0.023499,0.0024282932281494
Vaex,Student Exam,4.13.0,v1,10,Row/Column,0.035767,0.0041725635528564
Vaex,Student Exam,4.13.0,v1,10,Aggregation,0.051086,0.0061893463134765
Vaex,Student Exam,4.13.0,v1,10,Aggregation,0.042665,0.0050044059753417
Vaex,Student Exam,4.13.0,v1,10,Aggregation,0.057313,0.0062298774719238
Vaex,Student Exam,4.13.0,v1,10,Aggregation,0.044068,0.0050234794616699
Vaex,Student Exam,4.13.0,v1,10,Aggregation,0.038818,0.0045461654663085
Vaex,Student Exam,4.13.0,v1,10,Row/Column,0.223388,0.0109634399414062
Vaex,Student Exam,4.13.0,v1,10,I/O,0.72241,0.0754981040954589
Vaex,Student Exam,4.13.0,v1,10,I/O,2.840509,0.3185603618621826
Vaex,Student Exam,4.13.0,v1,10,I/O,1.568966,0.1794650554656982
Vaex,Student Exam,4.13.0,v1,10,I/O,1.36987,0.1508088111877441
Vaex,Student Exam,4.13.0,v1,10,Missing,0.014709,0.0025105476379394
Vaex,Student Exam,4.13.0,v1,10,Missing,0.064393,0.008319616317749
Vaex,Student Exam,4.13.0,v1,10,Missing,0.123046,0.0139939785003662
Vaex,Student Exam,4.13.0,v1,10,Missing,0.001587,0.0009071826934814
Vaex,Student Exam,4.13.0,v1,10,Row/Column,0.003784,0.0014610290527343
Vaex,Student Exam,4.13.0,v1,10,Aggregation,0.259338,0.0215063095092773
Vaex,Student Exam,4.13.0,v1,10,Row/Column,0.016663,0.0020320415496826
Vaex,Student Exam,4.13.0,v1,10,Row/Column,0.021545,0.0024554729461669
Vaex,Student Exam,4.13.0,v1,10,Row/Column,0.031677,0.0042588710784912
Vaex,Student Exam,4.13.0,v1,10,Aggregation,0.067322,0.0064606666564941
Vaex,Student Exam,4.13.0,v1,10,Aggregation,0.041565,0.0050930976867675
Vaex,Student Exam,4.13.0,v1,10,Aggregation,0.052612,0.0063560009002685
Vaex,Student Exam,4.13.0,v1,10,Aggregation,0.047852,0.0050611495971679
Vaex,Student Exam,4.13.0,v1,10,Aggregation,0.038513,0.0048890113830566
Vaex,Student Exam,4.13.0,v1,10,Row/Column,0.218017,0.0110077857971191
Vaex,Student Exam,4.13.0,v1,10,I/O,0.713927,0.0760095119476318
Vaex,Student Exam,4.13.0,v1,10,I/O,2.856682,0.3168215751647949
Vaex,Student Exam,4.13.0,v1,10,I/O,1.552548,0.176445722579956
Vaex,Student Exam,4.13.0,v1,10,I/O,1.390438,0.152191162109375
Vaex,Student Exam,4.13.0,v1,10,Missing,0.009217,0.0012464523315429
Vaex,Student Exam,4.13.0,v1,10,Missing,0.065613,0.0085444450378417
Vaex,Student Exam,4.13.0,v1,10,Missing,0.126281,0.0142080783843994
Vaex,Student Exam,4.13.0,v1,10,Missing,0.0,0.0009453296661376
Vaex,Student Exam,4.13.0,v1,10,Row/Column,0.008667,0.0010974407196044
Vaex,Student Exam,4.13.0,v1,10,Aggregation,0.251708,0.0210011005401611
Vaex,Student Exam,4.13.0,v1,10,Row/Column,0.01178,0.0020041465759277
Vaex,Student Exam,4.13.0,v1,10,Row/Column,0.015076,0.0023491382598876
Vaex,Student Exam,4.13.0,v1,10,Row/Column,0.036011,0.0042066574096679
Vaex,Student Exam,4.13.0,v1,10,Aggregation,0.05371,0.0064079761505126
Vaex,Student Exam,4.13.0,v1,10,Aggregation,0.044372,0.0050804615020751
Vaex,Student Exam,4.13.0,v1,10,Aggregation,0.073792,0.0080769062042236
Vaex,Student Exam,4.13.0,v1,10,Aggregation,0.039245,0.0049498081207275
Vaex,Student Exam,4.13.0,v1,10,Aggregation,0.042602,0.0049283504486083
Vaex,Student Exam,4.13.0,v1,10,Row/Column,0.214539,0.0111582279205322
Vaex,Student Exam,4.13.0,v1,10,I/O,0.674193,0.0745992660522461
Vaex,Student Exam,4.13.0,v1,10,I/O,2.844841,0.3132202625274658
Vaex,Student Exam,4.13.0,v1,10,I/O,1.56158,0.1735520362854004
Vaex,Student Exam,4.13.0,v1,10,I/O,1.412899,0.1569254398345947
Vaex,Student Exam,4.13.0,v1,10,Missing,0.007996,0.0015270709991455
Vaex,Student Exam,4.13.0,v1,10,Missing,0.07367,0.0088694095611572
Vaex,Student Exam,4.13.0,v1,10,Missing,0.129211,0.0144722461700439
Vaex,Student Exam,4.13.0,v1,10,Missing,0.008057,0.0013034343719482
Vaex,Student Exam,4.13.0,v1,10,Row/Column,0.008423,0.0014290809631347
Vaex,Student Exam,4.13.0,v1,10,Aggregation,0.2583,0.0209190845489501
Vaex,Student Exam,4.13.0,v1,10,Row/Column,0.01123,0.0020160675048828
Vaex,Student Exam,4.13.0,v1,10,Row/Column,0.032837,0.0036959648132324
Vaex,Student Exam,4.13.0,v1,10,Row/Column,0.034668,0.0042026042938232
Vaex,Student Exam,4.13.0,v1,10,Aggregation,0.056702,0.0058417320251464
Vaex,Student Exam,4.13.0,v1,10,Aggregation,0.04303,0.0049359798431396
Vaex,Student Exam,4.13.0,v1,10,Aggregation,0.055115,0.0060479640960693
Vaex,Student Exam,4.13.0,v1,10,Aggregation,0.038941,0.0049400329589843
Vaex,Student Exam,4.13.0,v1,10,Aggregation,0.035767,0.0048358440399169
Vaex,Student Exam,4.13.0,v1,10,Row/Column,0.208068,0.01100754737854
Vaex,Student Exam,4.15.0,v2,10,I/O,0.706786,0.0755174160003662
Vaex,Student Exam,4.15.0,v2,10,I/O,2.842339,0.3088700771331787
Vaex,Student Exam,4.15.0,v2,10,I/O,1.35162,0.1524176597595214
Vaex,Student Exam,4.15.0,v2,10,I/O,1.315548,0.1408936977386474
Vaex,Student Exam,4.15.0,v2,10,Missing,0.004944,0.0010979175567626
Vaex,Student Exam,4.15.0,v2,10,Missing,0.122803,0.0210123062133789
Vaex,Student Exam,4.15.0,v2,10,Missing,0.118652,0.0136284828186035
Vaex,Student Exam,4.15.0,v2,10,Missing,0.0,0.0007922649383544
Vaex,Student Exam,4.15.0,v2,10,Row/Column,0.008057,0.0012414455413818
Vaex,Student Exam,4.15.0,v2,10,Aggregation,0.330322,0.0233542919158935
Vaex,Student Exam,4.15.0,v2,10,Row/Column,0.043091,0.0099766254425048
Vaex,Student Exam,4.15.0,v2,10,Row/Column,0.033631,0.0097668170928955
Vaex,Student Exam,4.15.0,v2,10,Row/Column,0.046752,0.0107483863830566
Vaex,Student Exam,4.15.0,v2,10,Aggregation,0.058043,0.0062487125396728
Vaex,Student Exam,4.15.0,v2,10,Aggregation,0.038696,0.0048644542694091
Vaex,Student Exam,4.15.0,v2,10,Aggregation,0.055481,0.0062599182128906
Vaex,Student Exam,4.15.0,v2,10,Aggregation,0.063416,0.0118188858032226
Vaex,Student Exam,4.15.0,v2,10,Aggregation,0.036926,0.0048770904541015
Vaex,Student Exam,4.15.0,v2,10,Row/Column,0.161011,0.0168230533599853
Vaex,Student Exam,4.15.0,v2,10,I/O,0.599608,0.0604784488677978
Vaex,Student Exam,4.15.0,v2,10,I/O,2.534662,0.2722048759460449
Vaex,Student Exam,4.15.0,v2,10,I/O,1.446835,0.1630923748016357
Vaex,Student Exam,4.15.0,v2,10,I/O,1.268429,0.1394927501678466
Vaex,Student Exam,4.15.0,v2,10,Missing,0.00763,0.0012557506561279
Vaex,Student Exam,4.15.0,v2,10,Missing,0.06604,0.0080268383026123
Vaex,Student Exam,4.15.0,v2,10,Missing,0.115295,0.0133969783782958
Vaex,Student Exam,4.15.0,v2,10,Missing,0.008484,0.0012407302856445
Vaex,Student Exam,4.15.0,v2,10,Row/Column,0.008362,0.0012688636779785
Vaex,Student Exam,4.15.0,v2,10,Aggregation,0.18402,0.0194752216339111
Vaex,Student Exam,4.15.0,v2,10,Row/Column,0.008179,0.0018529891967773
Vaex,Student Exam,4.15.0,v2,10,Row/Column,0.014343,0.0022966861724853
Vaex,Student Exam,4.15.0,v2,10,Row/Column,0.032348,0.0039319992065429
Vaex,Student Exam,4.15.0,v2,10,Aggregation,0.049988,0.0050067901611328
Vaex,Student Exam,4.15.0,v2,10,Aggregation,0.039306,0.0048904418945312
Vaex,Student Exam,4.15.0,v2,10,Aggregation,0.049622,0.0060622692108154
Vaex,Student Exam,4.15.0,v2,10,Aggregation,0.038025,0.0048549175262451
Vaex,Student Exam,4.15.0,v2,10,Aggregation,0.044006,0.0052151679992675
Vaex,Student Exam,4.15.0,v2,10,Row/Column,0.122009,0.0096678733825683
Vaex,Student Exam,4.15.0,v2,10,I/O,0.609496,0.0594420433044433
Vaex,Student Exam,4.15.0,v2,10,I/O,2.519526,0.2721955776214599
Vaex,Student Exam,4.15.0,v2,10,I/O,1.533932,0.1785175800323486
Vaex,Student Exam,4.15.0,v2,10,I/O,1.283872,0.1389281749725341
Vaex,Student Exam,4.15.0,v2,10,Missing,0.002624,0.0009272098541259
Vaex,Student Exam,4.15.0,v2,10,Missing,0.057984,0.0077729225158691
Vaex,Student Exam,4.15.0,v2,10,Missing,0.120238,0.0140130519866943
Vaex,Student Exam,4.15.0,v2,10,Missing,0.0,0.0009098052978515
Vaex,Student Exam,4.15.0,v2,10,Row/Column,0.011658,0.001216173171997
Vaex,Student Exam,4.15.0,v2,10,Aggregation,0.16571,0.0186233520507812
Vaex,Student Exam,4.15.0,v2,10,Row/Column,0.008667,0.0018243789672851
Vaex,Student Exam,4.15.0,v2,10,Row/Column,0.012878,0.0020687580108642
Vaex,Student Exam,4.15.0,v2,10,Row/Column,0.026978,0.0039558410644531
Vaex,Student Exam,4.15.0,v2,10,Aggregation,0.046265,0.0049548149108886
Vaex,Student Exam,4.15.0,v2,10,Aggregation,0.046569,0.0050723552703857
Vaex,Student Exam,4.15.0,v2,10,Aggregation,0.052917,0.0063025951385498
Vaex,Student Exam,4.15.0,v2,10,Aggregation,0.046631,0.0050976276397705
Vaex,Student Exam,4.15.0,v2,10,Aggregation,0.044006,0.0052282810211181
Vaex,Student Exam,4.15.0,v2,10,Row/Column,0.129151,0.0094778537750244
Vaex,Student Exam,4.15.0,v2,10,I/O,0.612669,0.0601704120635986
Vaex,Student Exam,4.15.0,v2,10,I/O,2.52331,0.2739956378936767
Vaex,Student Exam,4.15.0,v2,10,I/O,1.530636,0.1731054782867431
Vaex,Student Exam,4.15.0,v2,10,I/O,1.283566,0.1401886940002441
Vaex,Student Exam,4.15.0,v2,10,Missing,0.009948,0.0012226104736328
Vaex,Student Exam,4.15.0,v2,10,Missing,0.059937,0.0078303813934326
Vaex,Student Exam,4.15.0,v2,10,Missing,0.118531,0.0132331848144531
Vaex,Student Exam,4.15.0,v2,10,Missing,0.004638,0.001232624053955
Vaex,Student Exam,4.15.0,v2,10,Row/Column,0.007324,0.0012242794036865
Vaex,Student Exam,4.15.0,v2,10,Aggregation,0.158448,0.0175352096557617
Vaex,Student Exam,4.15.0,v2,10,Row/Column,0.011047,0.0017907619476318
Vaex,Student Exam,4.15.0,v2,10,Row/Column,0.017578,0.0022544860839843
Vaex,Student Exam,4.15.0,v2,10,Row/Column,0.027099,0.0039043426513671
Vaex,Student Exam,4.15.0,v2,10,Aggregation,0.055175,0.0047903060913085
Vaex,Student Exam,4.15.0,v2,10,Aggregation,0.043763,0.0049331188201904
Vaex,Student Exam,4.15.0,v2,10,Aggregation,0.056335,0.0064253807067871
Vaex,Student Exam,4.15.0,v2,10,Aggregation,0.052856,0.0068931579589843
Vaex,Student Exam,4.15.0,v2,10,Aggregation,0.046081,0.0050795078277587
Vaex,Student Exam,4.15.0,v2,10,Row/Column,0.123351,0.0093204975128173
Vaex,Student Exam,4.15.0,v2,10,I/O,0.625426,0.0614650249481201
Vaex,Student Exam,4.15.0,v2,10,I/O,2.561456,0.2737975120544433
Vaex,Student Exam,4.15.0,v2,10,I/O,1.546627,0.1747360229492187
Vaex,Student Exam,4.15.0,v2,10,I/O,1.312131,0.1399850845336914
Vaex,Student Exam,4.15.0,v2,10,Missing,0.003784,0.0012240409851074
Vaex,Student Exam,4.15.0,v2,10,Missing,0.063171,0.0077974796295166
Vaex,Student Exam,4.15.0,v2,10,Missing,0.114684,0.0133595466613769
Vaex,Student Exam,4.15.0,v2,10,Missing,0.00708,0.0012409687042236
Vaex,Student Exam,4.15.0,v2,10,Row/Column,0.008911,0.0012097358703613
Vaex,Student Exam,4.15.0,v2,10,Aggregation,0.157898,0.0180184841156005
Vaex,Student Exam,4.15.0,v2,10,Row/Column,0.016846,0.0018374919891357
Vaex,Student Exam,4.15.0,v2,10,Row/Column,0.024964,0.0022568702697753
Vaex,Student Exam,4.15.0,v2,10,Row/Column,0.037598,0.004993200302124
Vaex,Student Exam,4.15.0,v2,10,Aggregation,0.05188,0.0049681663513183
Vaex,Student Exam,4.15.0,v2,10,Aggregation,0.037413,0.0050406455993652
Vaex,Student Exam,4.15.0,v2,10,Aggregation,0.053161,0.0063419342041015
Vaex,Student Exam,4.15.0,v2,10,Aggregation,0.046448,0.0051209926605224
Vaex,Student Exam,4.15.0,v2,10,Aggregation,0.045776,0.0050158500671386
Vaex,Student Exam,4.15.0,v2,10,Row/Column,0.132995,0.00958251953125
Vaex,Student Exam,4.15.0,v2,10,I/O,0.610411,0.0593252182006835
Vaex,Student Exam,4.15.0,v2,10,I/O,2.476068,0.2694549560546875
Vaex,Student Exam,4.15.0,v2,10,I/O,1.485836,0.1702702045440673
Vaex,Student Exam,4.15.0,v2,10,I/O,1.234921,0.1344239711761474
Vaex,Student Exam,4.15.0,v2,10,Missing,0.007508,0.0012629032135009
Vaex,Student Exam,4.15.0,v2,10,Missing,0.064392,0.0079195499420166
Vaex,Student Exam,4.15.0,v2,10,Missing,0.113709,0.0134384632110595
Vaex,Student Exam,4.15.0,v2,10,Missing,0.01471,0.002216100692749
Vaex,Student Exam,4.15.0,v2,10,Row/Column,0.006775,0.0011553764343261
Vaex,Student Exam,4.15.0,v2,10,Aggregation,0.152893,0.0177977085113525
Vaex,Student Exam,4.15.0,v2,10,Row/Column,0.008301,0.0018365383148193
Vaex,Student Exam,4.15.0,v2,10,Row/Column,0.014466,0.0023064613342285
Vaex,Student Exam,4.15.0,v2,10,Row/Column,0.027588,0.003955602645874
Vaex,Student Exam,4.15.0,v2,10,Aggregation,0.050232,0.0049719810485839
Vaex,Student Exam,4.15.0,v2,10,Aggregation,0.044189,0.0048394203186035
Vaex,Student Exam,4.15.0,v2,10,Aggregation,0.057128,0.0063323974609375
Vaex,Student Exam,4.15.0,v2,10,Aggregation,0.048889,0.0051298141479492
Vaex,Student Exam,4.15.0,v2,10,Aggregation,0.039368,0.0051755905151367
Vaex,Student Exam,4.15.0,v2,10,Row/Column,0.13269,0.0092639923095703
Vaex,Student Exam,4.15.0,v2,10,I/O,0.599424,0.0614154338836669
Vaex,Student Exam,4.15.0,v2,10,I/O,2.503779,0.2712454795837402
Vaex,Student Exam,4.15.0,v2,10,I/O,1.505856,0.1675305366516113
Vaex,Student Exam,4.15.0,v2,10,I/O,1.234128,0.1337678432464599
Vaex,Student Exam,4.15.0,v2,10,Missing,0.008301,0.0012671947479248
Vaex,Student Exam,4.15.0,v2,10,Missing,0.059692,0.0078611373901367
Vaex,Student Exam,4.15.0,v2,10,Missing,0.112977,0.0131618976593017
Vaex,Student Exam,4.15.0,v2,10,Missing,0.007569,0.0012245178222656
Vaex,Student Exam,4.15.0,v2,10,Row/Column,0.007385,0.001216173171997
Vaex,Student Exam,4.15.0,v2,10,Aggregation,0.157287,0.0181849002838134
Vaex,Student Exam,4.15.0,v2,10,Row/Column,0.012817,0.0018301010131835
Vaex,Student Exam,4.15.0,v2,10,Row/Column,0.017517,0.0022177696228027
Vaex,Student Exam,4.15.0,v2,10,Row/Column,0.02771,0.0039563179016113
Vaex,Student Exam,4.15.0,v2,10,Aggregation,0.049499,0.0048797130584716
Vaex,Student Exam,4.15.0,v2,10,Aggregation,0.036986,0.0049595832824707
Vaex,Student Exam,4.15.0,v2,10,Aggregation,0.055541,0.0064361095428466
Vaex,Student Exam,4.15.0,v2,10,Aggregation,0.046204,0.0050227642059326
Vaex,Student Exam,4.15.0,v2,10,Aggregation,0.041321,0.005162239074707
Vaex,Student Exam,4.15.0,v2,10,Row/Column,0.128357,0.0093228816986083
Vaex,Student Exam,4.15.0,v2,10,I/O,0.625243,0.0621144771575927
Vaex,Student Exam,4.15.0,v2,10,I/O,2.540033,0.2697401046752929
Vaex,Student Exam,4.15.0,v2,10,I/O,1.458126,0.1655328273773193
Vaex,Student Exam,4.15.0,v2,10,I/O,1.266476,0.1376278400421142
Vaex,Student Exam,4.15.0,v2,10,Missing,0.00824,0.0012538433074951
Vaex,Student Exam,4.15.0,v2,10,Missing,0.061157,0.0079619884490966
Vaex,Student Exam,4.15.0,v2,10,Missing,0.114746,0.0134563446044921
Vaex,Student Exam,4.15.0,v2,10,Missing,0.005005,0.0012469291687011
Vaex,Student Exam,4.15.0,v2,10,Row/Column,0.007689,0.001223087310791
Vaex,Student Exam,4.15.0,v2,10,Aggregation,0.158509,0.0179135799407959
Vaex,Student Exam,4.15.0,v2,10,Row/Column,0.008118,0.0017697811126708
Vaex,Student Exam,4.15.0,v2,10,Row/Column,0.018555,0.0022783279418945
Vaex,Student Exam,4.15.0,v2,10,Row/Column,0.034973,0.0039913654327392
Vaex,Student Exam,4.15.0,v2,10,Aggregation,0.070923,0.006474494934082
Vaex,Student Exam,4.15.0,v2,10,Aggregation,0.045532,0.0051689147949218
Vaex,Student Exam,4.15.0,v2,10,Aggregation,0.053955,0.0065603256225585
Vaex,Student Exam,4.15.0,v2,10,Aggregation,0.047912,0.0052361488342285
Vaex,Student Exam,4.15.0,v2,10,Aggregation,0.045958,0.0048952102661132
Vaex,Student Exam,4.15.0,v2,10,Row/Column,0.12738,0.009552001953125
Vaex,Student Exam,4.15.0,v2,10,I/O,0.625426,0.0601983070373535
Vaex,Student Exam,4.15.0,v2,10,I/O,2.534723,0.2669680118560791
Vaex,Student Exam,4.15.0,v2,10,I/O,1.460811,0.1640927791595459
Vaex,Student Exam,4.15.0,v2,10,I/O,1.243222,0.1304309368133545
Vaex,Student Exam,4.15.0,v2,10,Missing,0.003418,0.0012452602386474
Vaex,Student Exam,4.15.0,v2,10,Missing,0.058655,0.0078167915344238
Vaex,Student Exam,4.15.0,v2,10,Missing,0.115234,0.0132844448089599
Vaex,Student Exam,4.15.0,v2,10,Missing,0.005615,0.0012307167053222
Vaex,Student Exam,4.15.0,v2,10,Row/Column,0.004944,0.0012407302856445
Vaex,Student Exam,4.15.0,v2,10,Aggregation,0.17694,0.0190315246582031
Vaex,Student Exam,4.15.0,v2,10,Row/Column,0.008972,0.0018656253814697
Vaex,Student Exam,4.15.0,v2,10,Row/Column,0.014161,0.0023105144500732
Vaex,Student Exam,4.15.0,v2,10,Row/Column,0.034607,0.0040509700775146
Vaex,Student Exam,4.15.0,v2,10,Aggregation,0.051147,0.005159854888916
Vaex,Student Exam,4.15.0,v2,10,Aggregation,0.041566,0.0050106048583984
Vaex,Student Exam,4.15.0,v2,10,Aggregation,0.054566,0.0065264701843261
Vaex,Student Exam,4.15.0,v2,10,Aggregation,0.044617,0.0048589706420898
Vaex,Student Exam,4.15.0,v2,10,Aggregation,0.048828,0.0052692890167236
Vaex,Student Exam,4.15.0,v2,10,Row/Column,0.131531,0.0093545913696289
Vaex,Student Exam,4.15.0,v2,10,I/O,0.605894,0.0589325428009033
Vaex,Student Exam,4.15.0,v2,10,I/O,2.516168,0.2691411972045898
Vaex,Student Exam,4.15.0,v2,10,I/O,1.495907,0.1700801849365234
Vaex,Student Exam,4.15.0,v2,10,I/O,1.253171,0.1346707344055175
Vaex,Student Exam,4.15.0,v2,10,Missing,0.008422,0.0011768341064453
Vaex,Student Exam,4.15.0,v2,10,Missing,0.055786,0.0077955722808837
Vaex,Student Exam,4.15.0,v2,10,Missing,0.135803,0.0142412185668945
Vaex,Student Exam,4.15.0,v2,10,Missing,0.009461,0.0012340545654296
Vaex,Student Exam,4.15.0,v2,10,Row/Column,0.003418,0.0008652210235595
Vaex,Student Exam,4.15.0,v2,10,Aggregation,0.160583,0.0176706314086914
Vaex,Student Exam,4.15.0,v2,10,Row/Column,0.011964,0.0015044212341308
Vaex,Student Exam,4.15.0,v2,10,Row/Column,0.020263,0.0021514892578125
Vaex,Student Exam,4.15.0,v2,10,Row/Column,0.027343,0.0039794445037841
Vaex,Student Exam,4.15.0,v2,10,Aggregation,0.050293,0.004927635192871
Vaex,Student Exam,4.15.0,v2,10,Aggregation,0.041626,0.004854679107666
Vaex,Student Exam,4.15.0,v2,10,Aggregation,0.055237,0.0062325000762939
Vaex,Student Exam,4.15.0,v2,10,Aggregation,0.036316,0.0048315525054931
Vaex,Student Exam,4.15.0,v2,10,Aggregation,0.046509,0.0052087306976318
Vaex,Student Exam,4.15.0,v2,10,Row/Column,0.124267,0.0094213485717773
Vaex,Student Exam,4.17.0,v0,10,I/O,0.720885,0.0743379592895507
Vaex,Student Exam,4.17.0,v0,10,I/O,2.770501,0.3093643188476562
Vaex,Student Exam,4.17.0,v0,10,I/O,1.328853,0.1507501602172851
Vaex,Student Exam,4.17.0,v0,10,I/O,1.303708,0.1428368091583252
Vaex,Student Exam,4.17.0,v0,10,Missing,0.004944,0.00124192237854
Vaex,Student Exam,4.17.0,v0,10,Missing,0.121765,0.0208573341369628
Vaex,Student Exam,4.17.0,v0,10,Missing,0.1156,0.0139062404632568
Vaex,Student Exam,4.17.0,v0,10,Missing,0.007447,0.0011255741119384
Vaex,Student Exam,4.17.0,v0,10,Row/Column,0.0083,0.0012435913085937
Vaex,Student Exam,4.17.0,v0,10,Aggregation,0.314086,0.021888256072998
Vaex,Student Exam,4.17.0,v0,10,Row/Column,0.026246,0.0087575912475585
Vaex,Student Exam,4.17.0,v0,10,Row/Column,0.041016,0.0095629692077636
Vaex,Student Exam,4.17.0,v0,10,Row/Column,0.044678,0.0107989311218261
Vaex,Student Exam,4.17.0,v0,10,Aggregation,0.04297,0.0040493011474609
Vaex,Student Exam,4.17.0,v0,10,Aggregation,0.026673,0.0036218166351318
Vaex,Student Exam,4.17.0,v0,10,Aggregation,0.045654,0.0053803920745849
Vaex,Student Exam,4.17.0,v0,10,Aggregation,0.043518,0.0103909969329833
Vaex,Student Exam,4.17.0,v0,10,Aggregation,0.035523,0.0037181377410888
Vaex,Student Exam,4.17.0,v0,10,Row/Column,0.152221,0.015167236328125
Vaex,Student Exam,4.17.0,v0,10,I/O,0.607908,0.0613198280334472
Vaex,Student Exam,4.17.0,v0,10,I/O,2.597711,0.2780454158782959
Vaex,Student Exam,4.17.0,v0,10,I/O,1.382626,0.1569280624389648
Vaex,Student Exam,4.17.0,v0,10,I/O,1.199337,0.1297614574432373
Vaex,Student Exam,4.17.0,v0,10,Missing,0.006348,0.0011909008026123
Vaex,Student Exam,4.17.0,v0,10,Missing,0.069641,0.0080659389495849
Vaex,Student Exam,4.17.0,v0,10,Missing,0.116944,0.0133914947509765
Vaex,Student Exam,4.17.0,v0,10,Missing,0.007447,0.0012209415435791
Vaex,Student Exam,4.17.0,v0,10,Row/Column,0.005981,0.0009205341339111
Vaex,Student Exam,4.17.0,v0,10,Aggregation,0.166503,0.0166382789611816
Vaex,Student Exam,4.17.0,v0,10,Row/Column,0.007447,0.0015900135040283
Vaex,Student Exam,4.17.0,v0,10,Row/Column,0.010681,0.0019373893737792
Vaex,Student Exam,4.17.0,v0,10,Row/Column,0.032592,0.003871202468872
Vaex,Student Exam,4.17.0,v0,10,Aggregation,0.027528,0.0036885738372802
Vaex,Student Exam,4.17.0,v0,10,Aggregation,0.025818,0.003695011138916
Vaex,Student Exam,4.17.0,v0,10,Aggregation,0.056336,0.0063693523406982
Vaex,Student Exam,4.17.0,v0,10,Aggregation,0.027953,0.0037412643432617
Vaex,Student Exam,4.17.0,v0,10,Aggregation,0.029662,0.0036203861236572
Vaex,Student Exam,4.17.0,v0,10,Row/Column,0.12439,0.0081379413604736
Vaex,Student Exam,4.17.0,v0,10,I/O,0.60089,0.0609471797943115
Vaex,Student Exam,4.17.0,v0,10,I/O,2.46734,0.2654905319213867
Vaex,Student Exam,4.17.0,v0,10,I/O,1.456722,0.1675803661346435
Vaex,Student Exam,4.17.0,v0,10,I/O,1.216793,0.1322486400604248
Vaex,Student Exam,4.17.0,v0,10,Missing,0.008728,0.00126314163208
Vaex,Student Exam,4.17.0,v0,10,Missing,0.066346,0.0081138610839843
Vaex,Student Exam,4.17.0,v0,10,Missing,0.115417,0.0134189128875732
Vaex,Student Exam,4.17.0,v0,10,Missing,0.0083,0.0012738704681396
Vaex,Student Exam,4.17.0,v0,10,Row/Column,0.008484,0.0012235641479492
Vaex,Student Exam,4.17.0,v0,10,Aggregation,0.168884,0.0171656608581542
Vaex,Student Exam,4.17.0,v0,10,Row/Column,0.009522,0.001857042312622
Vaex,Student Exam,4.17.0,v0,10,Row/Column,0.022522,0.0037391185760498
Vaex,Student Exam,4.17.0,v0,10,Row/Column,0.033875,0.004056692123413
Vaex,Student Exam,4.17.0,v0,10,Aggregation,0.040221,0.0037384033203125
Vaex,Student Exam,4.17.0,v0,10,Aggregation,0.018555,0.0031268596649169
Vaex,Student Exam,4.17.0,v0,10,Aggregation,0.04077,0.0046932697296142
Vaex,Student Exam,4.17.0,v0,10,Aggregation,0.028137,0.0035023689270019
Vaex,Student Exam,4.17.0,v0,10,Aggregation,0.026733,0.0035252571105957
Vaex,Student Exam,4.17.0,v0,10,Row/Column,0.126281,0.0083053112030029
Vaex,Student Exam,4.17.0,v0,10,I/O,0.586119,0.0603282451629638
Vaex,Student Exam,4.17.0,v0,10,I/O,2.574578,0.278860330581665
Vaex,Student Exam,4.17.0,v0,10,I/O,1.464717,0.1679234504699707
Vaex,Student Exam,4.17.0,v0,10,I/O,1.222959,0.1319847106933593
Vaex,Student Exam,4.17.0,v0,10,Missing,0.00647,0.0012671947479248
Vaex,Student Exam,4.17.0,v0,10,Missing,0.066955,0.0080044269561767
Vaex,Student Exam,4.17.0,v0,10,Missing,0.121155,0.0142645835876464
Vaex,Student Exam,4.17.0,v0,10,Missing,0.006836,0.0011801719665527
Vaex,Student Exam,4.17.0,v0,10,Row/Column,0.003723,0.0012142658233642
Vaex,Student Exam,4.17.0,v0,10,Aggregation,0.15326,0.0170273780822753
Vaex,Student Exam,4.17.0,v0,10,Row/Column,0.007751,0.0018496513366699
Vaex,Student Exam,4.17.0,v0,10,Row/Column,0.012695,0.0022680759429931
Vaex,Student Exam,4.17.0,v0,10,Row/Column,0.03064,0.0039505958557128
Vaex,Student Exam,4.17.0,v0,10,Aggregation,0.04309,0.0037741661071777
Vaex,Student Exam,4.17.0,v0,10,Aggregation,0.02533,0.0036296844482421
Vaex,Student Exam,4.17.0,v0,10,Aggregation,0.046997,0.0050501823425292
Vaex,Student Exam,4.17.0,v0,10,Aggregation,0.028258,0.0038506984710693
Vaex,Student Exam,4.17.0,v0,10,Aggregation,0.031861,0.0035462379455566
Vaex,Student Exam,4.17.0,v0,10,Row/Column,0.131164,0.0082302093505859
Vaex,Student Exam,4.17.0,v0,10,I/O,0.611448,0.062049388885498
Vaex,Student Exam,4.17.0,v0,10,I/O,2.576287,0.2691996097564697
Vaex,Student Exam,4.17.0,v0,10,I/O,1.496212,0.168208360671997
Vaex,Student Exam,4.17.0,v0,10,I/O,1.234617,0.1321134567260742
Vaex,Student Exam,4.17.0,v0,10,Missing,0.005066,0.001237154006958
Vaex,Student Exam,4.17.0,v0,10,Missing,0.059264,0.0077302455902099
Vaex,Student Exam,4.17.0,v0,10,Missing,0.117981,0.0131464004516601
Vaex,Student Exam,4.17.0,v0,10,Missing,0.007813,0.0010931491851806
Vaex,Student Exam,4.17.0,v0,10,Row/Column,0.005798,0.0012257099151611
Vaex,Student Exam,4.17.0,v0,10,Aggregation,0.168213,0.0171625614166259
Vaex,Student Exam,4.17.0,v0,10,Row/Column,0.010071,0.0017054080963134
Vaex,Student Exam,4.17.0,v0,10,Row/Column,0.019836,0.002267837524414
Vaex,Student Exam,4.17.0,v0,10,Row/Column,0.026612,0.0039007663726806
Vaex,Student Exam,4.17.0,v0,10,Aggregation,0.047912,0.0038840770721435
Vaex,Student Exam,4.17.0,v0,10,Aggregation,0.027526,0.0036523342132568
Vaex,Student Exam,4.17.0,v0,10,Aggregation,0.041809,0.0049436092376708
Vaex,Student Exam,4.17.0,v0,10,Aggregation,0.026489,0.0036323070526123
Vaex,Student Exam,4.17.0,v0,10,Aggregation,0.044006,0.005441665649414
Vaex,Student Exam,4.17.0,v0,10,Row/Column,0.124206,0.0082483291625976
Vaex,Student Exam,4.17.0,v0,10,I/O,0.596617,0.0600669384002685
Vaex,Student Exam,4.17.0,v0,10,I/O,2.487115,0.2663033008575439
Vaex,Student Exam,4.17.0,v0,10,I/O,1.496212,0.1697034835815429
Vaex,Student Exam,4.17.0,v0,10,I/O,1.227719,0.133127212524414
Vaex,Student Exam,4.17.0,v0,10,Missing,0.009217,0.0012638568878173
Vaex,Student Exam,4.17.0,v0,10,Missing,0.057495,0.0079143047332763
Vaex,Student Exam,4.17.0,v0,10,Missing,0.117187,0.0134675502777099
Vaex,Student Exam,4.17.0,v0,10,Missing,0.007141,0.001101016998291
Vaex,Student Exam,4.17.0,v0,10,Row/Column,0.004638,0.0012130737304687
Vaex,Student Exam,4.17.0,v0,10,Aggregation,0.158386,0.0170705318450927
Vaex,Student Exam,4.17.0,v0,10,Row/Column,0.009643,0.0018684864044189
Vaex,Student Exam,4.17.0,v0,10,Row/Column,0.018005,0.0022759437561035
Vaex,Student Exam,4.17.0,v0,10,Row/Column,0.043396,0.0050268173217773
Vaex,Student Exam,4.17.0,v0,10,Aggregation,0.038635,0.0038280487060546
Vaex,Student Exam,4.17.0,v0,10,Aggregation,0.034179,0.0036993026733398
Vaex,Student Exam,4.17.0,v0,10,Aggregation,0.046814,0.0050511360168457
Vaex,Student Exam,4.17.0,v0,10,Aggregation,0.035522,0.0036115646362304
Vaex,Student Exam,4.17.0,v0,10,Aggregation,0.027343,0.003319501876831
Vaex,Student Exam,4.17.0,v0,10,Row/Column,0.125061,0.0084137916564941
Vaex,Student Exam,4.17.0,v0,10,I/O,0.614012,0.0604465007781982
Vaex,Student Exam,4.17.0,v0,10,I/O,2.547845,0.2718865871429443
Vaex,Student Exam,4.17.0,v0,10,I/O,1.461482,0.1647984981536865
Vaex,Student Exam,4.17.0,v0,10,I/O,1.207151,0.1299102306365966
Vaex,Student Exam,4.17.0,v0,10,Missing,0.007935,0.0012674331665039
Vaex,Student Exam,4.17.0,v0,10,Missing,0.061157,0.0079917907714843
Vaex,Student Exam,4.17.0,v0,10,Missing,0.118286,0.0135939121246337
Vaex,Student Exam,4.17.0,v0,10,Missing,0.015686,0.0022175312042236
Vaex,Student Exam,4.17.0,v0,10,Row/Column,0.007567,0.0010502338409423
Vaex,Student Exam,4.17.0,v0,10,Aggregation,0.168824,0.0170648097991943
Vaex,Student Exam,4.17.0,v0,10,Row/Column,0.00824,0.0018336772918701
Vaex,Student Exam,4.17.0,v0,10,Row/Column,0.016846,0.0020892620086669
Vaex,Student Exam,4.17.0,v0,10,Row/Column,0.033265,0.0039598941802978
Vaex,Student Exam,4.17.0,v0,10,Aggregation,0.043274,0.0039448738098144
Vaex,Student Exam,4.17.0,v0,10,Aggregation,0.028259,0.0034258365631103
Vaex,Student Exam,4.17.0,v0,10,Aggregation,0.040833,0.0049781799316406
Vaex,Student Exam,4.17.0,v0,10,Aggregation,0.036804,0.0037293434143066
Vaex,Student Exam,4.17.0,v0,10,Aggregation,0.030456,0.0036890506744384
Vaex,Student Exam,4.17.0,v0,10,Row/Column,0.125855,0.0080265998840332
Vaex,Student Exam,4.17.0,v0,10,I/O,0.608275,0.0610182285308837
Vaex,Student Exam,4.17.0,v0,10,I/O,2.477411,0.2672021389007568
Vaex,Student Exam,4.17.0,v0,10,I/O,1.533504,0.1677956581115722
Vaex,Student Exam,4.17.0,v0,10,I/O,1.214352,0.1300671100616455
Vaex,Student Exam,4.17.0,v0,10,Missing,0.002502,0.0012581348419189
Vaex,Student Exam,4.17.0,v0,10,Missing,0.058716,0.0079224109649658
Vaex,Student Exam,4.17.0,v0,10,Missing,0.118835,0.0134656429290771
Vaex,Student Exam,4.17.0,v0,10,Missing,0.005249,0.0012497901916503
Vaex,Student Exam,4.17.0,v0,10,Row/Column,0.008301,0.0012154579162597
Vaex,Student Exam,4.17.0,v0,10,Aggregation,0.168579,0.016787052154541
Vaex,Student Exam,4.17.0,v0,10,Row/Column,0.007691,0.0018069744110107
Vaex,Student Exam,4.17.0,v0,10,Row/Column,0.015991,0.0022406578063964
Vaex,Student Exam,4.17.0,v0,10,Row/Column,0.033875,0.00400972366333
Vaex,Student Exam,4.17.0,v0,10,Aggregation,0.026734,0.003873586654663
Vaex,Student Exam,4.17.0,v0,10,Aggregation,0.029236,0.0037441253662109
Vaex,Student Exam,4.17.0,v0,10,Aggregation,0.036682,0.0046448707580566
Vaex,Student Exam,4.17.0,v0,10,Aggregation,0.026367,0.0036149024963378
Vaex,Student Exam,4.17.0,v0,10,Aggregation,0.046814,0.0056240558624267
Vaex,Student Exam,4.17.0,v0,10,Row/Column,0.130675,0.0081825256347656
Vaex,Student Exam,4.17.0,v0,10,I/O,0.617735,0.0615134239196777
Vaex,Student Exam,4.17.0,v0,10,I/O,2.462701,0.2690944671630859
Vaex,Student Exam,4.17.0,v0,10,I/O,1.454464,0.1645386219024658
Vaex,Student Exam,4.17.0,v0,10,I/O,1.225522,0.131732702255249
Vaex,Student Exam,4.17.0,v0,10,Missing,0.0,0.0009462833404541
Vaex,Student Exam,4.17.0,v0,10,Missing,0.060425,0.0078051090240478
Vaex,Student Exam,4.17.0,v0,10,Missing,0.11792,0.013376235961914
Vaex,Student Exam,4.17.0,v0,10,Missing,0.008179,0.000941514968872
Vaex,Student Exam,4.17.0,v0,10,Row/Column,0.0,0.0008707046508789
Vaex,Student Exam,4.17.0,v0,10,Aggregation,0.155518,0.016639232635498
Vaex,Student Exam,4.17.0,v0,10,Row/Column,0.007202,0.0017635822296142
Vaex,Student Exam,4.17.0,v0,10,Row/Column,0.018127,0.0020897388458251
Vaex,Student Exam,4.17.0,v0,10,Row/Column,0.03418,0.0039992332458496
Vaex,Student Exam,4.17.0,v0,10,Aggregation,0.056213,0.0053269863128662
Vaex,Student Exam,4.17.0,v0,10,Aggregation,0.029724,0.0033488273620605
Vaex,Student Exam,4.17.0,v0,10,Aggregation,0.046814,0.0050210952758789
Vaex,Student Exam,4.17.0,v0,10,Aggregation,0.024475,0.0036482810974121
Vaex,Student Exam,4.17.0,v0,10,Aggregation,0.027589,0.0035278797149658
Vaex,Student Exam,4.17.0,v0,10,Row/Column,0.128418,0.0080471038818359
Vaex,Student Exam,4.17.0,v0,10,I/O,0.618163,0.0610358715057373
Vaex,Student Exam,4.17.0,v0,10,I/O,2.927971,0.3228352069854736
Vaex,Student Exam,4.17.0,v0,10,I/O,1.476986,0.1664044857025146
Vaex,Student Exam,4.17.0,v0,10,I/O,1.220334,0.1306507587432861
Vaex,Student Exam,4.17.0,v0,10,Missing,0.006714,0.0009639263153076
Vaex,Student Exam,4.17.0,v0,10,Missing,0.057678,0.0077466964721679
Vaex,Student Exam,4.17.0,v0,10,Missing,0.123108,0.0144567489624023
Vaex,Student Exam,4.17.0,v0,10,Missing,0.001099,0.0009431838989257
Vaex,Student Exam,4.17.0,v0,10,Row/Column,0.008117,0.0012075901031494
Vaex,Student Exam,4.17.0,v0,10,Aggregation,0.169189,0.0182046890258789
Vaex,Student Exam,4.17.0,v0,10,Row/Column,0.010864,0.0017828941345214
Vaex,Student Exam,4.17.0,v0,10,Row/Column,0.013611,0.0022239685058593
Vaex,Student Exam,4.17.0,v0,10,Row/Column,0.025817,0.0039832592010498
Vaex,Student Exam,4.17.0,v0,10,Aggregation,0.037719,0.0037918090820312
Vaex,Student Exam,4.17.0,v0,10,Aggregation,0.028381,0.0038080215454101
Vaex,Student Exam,4.17.0,v0,10,Aggregation,0.044129,0.0051102638244628
Vaex,Student Exam,4.17.0,v0,10,Aggregation,0.026366,0.00347900390625
Vaex,Student Exam,4.17.0,v0,10,Aggregation,0.023804,0.0036993026733398
Vaex,Student Exam,4.17.0,v0,10,Row/Column,0.131286,0.0084781646728515
Vaex,Water Potability,4.13.0,v1,10,I/O,0.181701,0.018024206161499
Vaex,Water Potability,4.13.0,v1,10,I/O,0.342589,0.0356183052062988
Vaex,Water Potability,4.13.0,v1,10,I/O,0.381346,0.0497603416442871
Vaex,Water Potability,4.13.0,v1,10,I/O,0.085022,0.0101404190063476
Vaex,Water Potability,4.13.0,v1,10,Missing,0.008118,0.0011496543884277
Vaex,Water Potability,4.13.0,v1,10,Missing,0.057617,0.0118293762207031
Vaex,Water Potability,4.13.0,v1,10,Missing,0.080566,0.0091073513031005
Vaex,Water Potability,4.13.0,v1,10,Missing,0.0,0.0008583068847656
Vaex,Water Potability,4.13.0,v1,10,Row/Column,0.004638,0.0009462833404541
Vaex,Water Potability,4.13.0,v1,10,Aggregation,0.126464,0.0211153030395507
Vaex,Water Potability,4.13.0,v1,10,Row/Column,0.027771,0.0083532333374023
Vaex,Water Potability,4.13.0,v1,10,Row/Column,0.111632,0.0190768241882324
Vaex,Water Potability,4.13.0,v1,10,Row/Column,0.043763,0.0095655918121337
Vaex,Water Potability,4.13.0,v1,10,Aggregation,0.07196,0.0131115913391113
Vaex,Water Potability,4.13.0,v1,10,Aggregation,0.051148,0.0106914043426513
Vaex,Water Potability,4.13.0,v1,10,Aggregation,0.058777,0.0108783245086669
Vaex,Water Potability,4.13.0,v1,10,Aggregation,0.045776,0.01025390625
Vaex,Water Potability,4.13.0,v1,10,Aggregation,0.049804,0.0089290142059326
Vaex,Water Potability,4.13.0,v1,10,Row/Column,0.055725,0.0109171867370605
Vaex,Water Potability,4.13.0,v1,10,I/O,0.115113,0.0113699436187744
Vaex,Water Potability,4.13.0,v1,10,I/O,0.296447,0.026526927947998
Vaex,Water Potability,4.13.0,v1,10,I/O,0.357605,0.0469286441802978
Vaex,Water Potability,4.13.0,v1,10,I/O,0.079102,0.00954270362854
Vaex,Water Potability,4.13.0,v1,10,Missing,0.010131,0.001502513885498
Vaex,Water Potability,4.13.0,v1,10,Missing,0.046021,0.0050990581512451
Vaex,Water Potability,4.13.0,v1,10,Missing,0.07605,0.0088810920715332
Vaex,Water Potability,4.13.0,v1,10,Missing,0.007386,0.0011544227600097
Vaex,Water Potability,4.13.0,v1,10,Row/Column,0.007385,0.0011830329895019
Vaex,Water Potability,4.13.0,v1,10,Aggregation,0.071229,0.0136992931365966
Vaex,Water Potability,4.13.0,v1,10,Row/Column,0.004211,0.0013177394866943
Vaex,Water Potability,4.13.0,v1,10,Row/Column,0.017395,0.0021743774414062
Vaex,Water Potability,4.13.0,v1,10,Row/Column,0.023559,0.0029890537261962
Vaex,Water Potability,4.13.0,v1,10,Aggregation,0.047546,0.0114281177520751
Vaex,Water Potability,4.13.0,v1,10,Aggregation,0.026734,0.0034751892089843
Vaex,Water Potability,4.13.0,v1,10,Aggregation,0.036499,0.0045065879821777
Vaex,Water Potability,4.13.0,v1,10,Aggregation,0.027466,0.003131628036499
Vaex,Water Potability,4.13.0,v1,10,Aggregation,0.026734,0.0032787322998046
Vaex,Water Potability,4.13.0,v1,10,Row/Column,0.026246,0.0035178661346435
Vaex,Water Potability,4.13.0,v1,10,I/O,0.106812,0.0112481117248535
Vaex,Water Potability,4.13.0,v1,10,I/O,0.264343,0.0258929729461669
Vaex,Water Potability,4.13.0,v1,10,I/O,0.372253,0.0469529628753662
Vaex,Water Potability,4.13.0,v1,10,I/O,0.075255,0.0094180107116699
Vaex,Water Potability,4.13.0,v1,10,Missing,0.009399,0.001389741897583
Vaex,Water Potability,4.13.0,v1,10,Missing,0.041869,0.005073070526123
Vaex,Water Potability,4.13.0,v1,10,Missing,0.463743,0.0557160377502441
Vaex,Water Potability,4.13.0,v1,10,Missing,0.008179,0.0011317729949951
Vaex,Water Potability,4.13.0,v1,10,Row/Column,0.008545,0.0011031627655029
Vaex,Water Potability,4.13.0,v1,10,Aggregation,0.071289,0.0136096477508544
Vaex,Water Potability,4.13.0,v1,10,Row/Column,0.00885,0.0011196136474609
Vaex,Water Potability,4.13.0,v1,10,Row/Column,0.016785,0.0021460056304931
Vaex,Water Potability,4.13.0,v1,10,Row/Column,0.018311,0.0026593208312988
Vaex,Water Potability,4.13.0,v1,10,Aggregation,0.043273,0.0116636753082275
Vaex,Water Potability,4.13.0,v1,10,Aggregation,0.024902,0.0035672187805175
Vaex,Water Potability,4.13.0,v1,10,Aggregation,0.034057,0.0044715404510498
Vaex,Water Potability,4.13.0,v1,10,Aggregation,0.026306,0.003237247467041
Vaex,Water Potability,4.13.0,v1,10,Aggregation,0.028076,0.0032300949096679
Vaex,Water Potability,4.13.0,v1,10,Row/Column,0.029419,0.0035235881805419
Vaex,Water Potability,4.13.0,v1,10,I/O,0.108764,0.0114161968231201
Vaex,Water Potability,4.13.0,v1,10,I/O,0.266418,0.0267164707183837
Vaex,Water Potability,4.13.0,v1,10,I/O,0.349181,0.0460259914398193
Vaex,Water Potability,4.13.0,v1,10,I/O,0.077637,0.0097467899322509
Vaex,Water Potability,4.13.0,v1,10,Missing,0.00531,0.0013694763183593
Vaex,Water Potability,4.13.0,v1,10,Missing,0.034302,0.0050101280212402
Vaex,Water Potability,4.13.0,v1,10,Missing,0.071899,0.0090725421905517
Vaex,Water Potability,4.13.0,v1,10,Missing,0.009399,0.0011742115020751
Vaex,Water Potability,4.13.0,v1,10,Row/Column,0.007446,0.0012624263763427
Vaex,Water Potability,4.13.0,v1,10,Aggregation,0.069092,0.0139110088348388
Vaex,Water Potability,4.13.0,v1,10,Row/Column,0.011597,0.001345157623291
Vaex,Water Potability,4.13.0,v1,10,Row/Column,0.010987,0.0022904872894287
Vaex,Water Potability,4.13.0,v1,10,Row/Column,0.019714,0.002821922302246
Vaex,Water Potability,4.13.0,v1,10,Aggregation,0.050782,0.0114572048187255
Vaex,Water Potability,4.13.0,v1,10,Aggregation,0.027343,0.0034506320953369
Vaex,Water Potability,4.13.0,v1,10,Aggregation,0.035828,0.0043678283691406
Vaex,Water Potability,4.13.0,v1,10,Aggregation,0.025635,0.0032000541687011
Vaex,Water Potability,4.13.0,v1,10,Aggregation,0.027162,0.0031368732452392
Vaex,Water Potability,4.13.0,v1,10,Row/Column,0.03125,0.0034999847412109
Vaex,Water Potability,4.13.0,v1,10,I/O,0.116576,0.0110306739807128
Vaex,Water Potability,4.13.0,v1,10,I/O,0.25708,0.0263822078704834
Vaex,Water Potability,4.13.0,v1,10,I/O,0.352172,0.0461616516113281
Vaex,Water Potability,4.13.0,v1,10,I/O,0.07904,0.0092377662658691
Vaex,Water Potability,4.13.0,v1,10,Missing,0.007202,0.0014426708221435
Vaex,Water Potability,4.13.0,v1,10,Missing,0.042297,0.005075454711914
Vaex,Water Potability,4.13.0,v1,10,Missing,0.079467,0.0090909004211425
Vaex,Water Potability,4.13.0,v1,10,Missing,0.004395,0.0011765956878662
Vaex,Water Potability,4.13.0,v1,10,Row/Column,0.004883,0.0012712478637695
Vaex,Water Potability,4.13.0,v1,10,Aggregation,0.070496,0.0132117271423339
Vaex,Water Potability,4.13.0,v1,10,Row/Column,0.007873,0.0013282299041748
Vaex,Water Potability,4.13.0,v1,10,Row/Column,0.015746,0.0022602081298828
Vaex,Water Potability,4.13.0,v1,10,Row/Column,0.01593,0.0027990341186523
Vaex,Water Potability,4.13.0,v1,10,Aggregation,0.051513,0.0113568305969238
Vaex,Water Potability,4.13.0,v1,10,Aggregation,0.021241,0.0034146308898925
Vaex,Water Potability,4.13.0,v1,10,Aggregation,0.034912,0.0043773651123046
Vaex,Water Potability,4.13.0,v1,10,Aggregation,0.025024,0.0031893253326416
Vaex,Water Potability,4.13.0,v1,10,Aggregation,0.01886,0.003258466720581
Vaex,Water Potability,4.13.0,v1,10,Row/Column,0.029175,0.0034699440002441
Vaex,Water Potability,4.13.0,v1,10,I/O,0.114196,0.0118513107299804
Vaex,Water Potability,4.13.0,v1,10,I/O,0.266235,0.0269124507904052
Vaex,Water Potability,4.13.0,v1,10,I/O,0.361205,0.0459251403808593
Vaex,Water Potability,4.13.0,v1,10,I/O,0.074341,0.0091917514801025
Vaex,Water Potability,4.13.0,v1,10,Missing,0.006959,0.0014257431030273
Vaex,Water Potability,4.13.0,v1,10,Missing,0.043824,0.005105972290039
Vaex,Water Potability,4.13.0,v1,10,Missing,0.079468,0.0090794563293457
Vaex,Water Potability,4.13.0,v1,10,Missing,0.007507,0.0011522769927978
Vaex,Water Potability,4.13.0,v1,10,Row/Column,0.001587,0.0009071826934814
Vaex,Water Potability,4.13.0,v1,10,Aggregation,0.069153,0.0129053592681884
Vaex,Water Potability,4.13.0,v1,10,Row/Column,0.001587,0.000974416732788
Vaex,Water Potability,4.13.0,v1,10,Row/Column,0.007934,0.0019185543060302
Vaex,Water Potability,4.13.0,v1,10,Row/Column,0.01648,0.0024805068969726
Vaex,Water Potability,4.13.0,v1,10,Aggregation,0.05072,0.0111126899719238
Vaex,Water Potability,4.13.0,v1,10,Aggregation,0.027588,0.0031006336212158
Vaex,Water Potability,4.13.0,v1,10,Aggregation,0.036438,0.0042152404785156
Vaex,Water Potability,4.13.0,v1,10,Aggregation,0.024048,0.0029842853546142
Vaex,Water Potability,4.13.0,v1,10,Aggregation,0.016724,0.0029358863830566
Vaex,Water Potability,4.13.0,v1,10,Row/Column,0.029723,0.0031440258026123
Vaex,Water Potability,4.13.0,v1,10,I/O,0.099182,0.0106151103973388
Vaex,Water Potability,4.13.0,v1,10,I/O,0.265685,0.0260498523712158
Vaex,Water Potability,4.13.0,v1,10,I/O,0.343748,0.0459606647491455
Vaex,Water Potability,4.13.0,v1,10,I/O,0.078368,0.0092790126800537
Vaex,Water Potability,4.13.0,v1,10,Missing,0.008606,0.0010488033294677
Vaex,Water Potability,4.13.0,v1,10,Missing,0.034119,0.0047845840454101
Vaex,Water Potability,4.13.0,v1,10,Missing,0.070679,0.008760929107666
Vaex,Water Potability,4.13.0,v1,10,Missing,0.0,0.0008082389831542
Vaex,Water Potability,4.13.0,v1,10,Row/Column,0.003296,0.0009000301361083
Vaex,Water Potability,4.13.0,v1,10,Aggregation,0.063355,0.013136863708496
Vaex,Water Potability,4.13.0,v1,10,Row/Column,0.001709,0.0009655952453613
Vaex,Water Potability,4.13.0,v1,10,Row/Column,0.007569,0.0019145011901855
Vaex,Water Potability,4.13.0,v1,10,Row/Column,0.01654,0.0024876594543457
Vaex,Water Potability,4.13.0,v1,10,Aggregation,0.051941,0.0110297203063964
Vaex,Water Potability,4.13.0,v1,10,Aggregation,0.026611,0.0030798912048339
Vaex,Water Potability,4.13.0,v1,10,Aggregation,0.034424,0.0046498775482177
Vaex,Water Potability,4.13.0,v1,10,Aggregation,0.016845,0.0028154850006103
Vaex,Water Potability,4.13.0,v1,10,Aggregation,0.018005,0.0029549598693847
Vaex,Water Potability,4.13.0,v1,10,Row/Column,0.028503,0.0031554698944091
Vaex,Water Potability,4.13.0,v1,10,I/O,0.120299,0.0119237899780273
Vaex,Water Potability,4.13.0,v1,10,I/O,0.245361,0.0255677700042724
Vaex,Water Potability,4.13.0,v1,10,I/O,0.356444,0.0463695526123046
Vaex,Water Potability,4.13.0,v1,10,I/O,0.082519,0.0094673633575439
Vaex,Water Potability,4.13.0,v1,10,Missing,0.009093,0.0012469291687011
Vaex,Water Potability,4.13.0,v1,10,Missing,0.0354,0.0050940513610839
Vaex,Water Potability,4.13.0,v1,10,Missing,0.078858,0.0090601444244384
Vaex,Water Potability,4.13.0,v1,10,Missing,0.006103,0.0011615753173828
Vaex,Water Potability,4.13.0,v1,10,Row/Column,0.004272,0.0012643337249755
Vaex,Water Potability,4.13.0,v1,10,Aggregation,0.073547,0.0132293701171875
Vaex,Water Potability,4.13.0,v1,10,Row/Column,0.008545,0.0013344287872314
Vaex,Water Potability,4.13.0,v1,10,Row/Column,0.018981,0.0021867752075195
Vaex,Water Potability,4.13.0,v1,10,Row/Column,0.018677,0.0025215148925781
Vaex,Water Potability,4.13.0,v1,10,Aggregation,0.046936,0.010770559310913
Vaex,Water Potability,4.13.0,v1,10,Aggregation,0.02771,0.003089427947998
Vaex,Water Potability,4.13.0,v1,10,Aggregation,0.027649,0.0039849281311035
Vaex,Water Potability,4.13.0,v1,10,Aggregation,0.019348,0.0028421878814697
Vaex,Water Potability,4.13.0,v1,10,Aggregation,0.027222,0.0029382705688476
Vaex,Water Potability,4.13.0,v1,10,Row/Column,0.029786,0.0032567977905273
Vaex,Water Potability,4.13.0,v1,10,I/O,0.122924,0.011855125427246
Vaex,Water Potability,4.13.0,v1,10,I/O,0.250426,0.0252957344055175
Vaex,Water Potability,4.13.0,v1,10,I/O,0.344543,0.0462644100189209
Vaex,Water Potability,4.13.0,v1,10,I/O,0.07788,0.009413719177246
Vaex,Water Potability,4.13.0,v1,10,Missing,0.005982,0.0012414455413818
Vaex,Water Potability,4.13.0,v1,10,Missing,0.036255,0.0051023960113525
Vaex,Water Potability,4.13.0,v1,10,Missing,0.079895,0.0090901851654052
Vaex,Water Potability,4.13.0,v1,10,Missing,0.00769,0.0011634826660156
Vaex,Water Potability,4.13.0,v1,10,Row/Column,0.000305,0.0009605884552001
Vaex,Water Potability,4.13.0,v1,10,Aggregation,0.080322,0.0139570236206054
Vaex,Water Potability,4.13.0,v1,10,Row/Column,0.006958,0.0009999275207519
Vaex,Water Potability,4.13.0,v1,10,Row/Column,0.007874,0.0018441677093505
Vaex,Water Potability,4.13.0,v1,10,Row/Column,0.023743,0.002763032913208
Vaex,Water Potability,4.13.0,v1,10,Aggregation,0.048584,0.0116193294525146
Vaex,Water Potability,4.13.0,v1,10,Aggregation,0.020447,0.0033090114593505
Vaex,Water Potability,4.13.0,v1,10,Aggregation,0.036194,0.0044827461242675
Vaex,Water Potability,4.13.0,v1,10,Aggregation,0.025757,0.0033228397369384
Vaex,Water Potability,4.13.0,v1,10,Aggregation,0.026733,0.0030772686004638
Vaex,Water Potability,4.13.0,v1,10,Row/Column,0.027222,0.0036554336547851
Vaex,Water Potability,4.13.0,v1,10,I/O,0.112366,0.0116972923278808
Vaex,Water Potability,4.13.0,v1,10,I/O,0.248779,0.0253694057464599
Vaex,Water Potability,4.13.0,v1,10,I/O,0.361084,0.046271800994873
Vaex,Water Potability,4.13.0,v1,10,I/O,0.078551,0.0095577239990234
Vaex,Water Potability,4.13.0,v1,10,Missing,0.005371,0.0014262199401855
Vaex,Water Potability,4.13.0,v1,10,Missing,0.034607,0.0051302909851074
Vaex,Water Potability,4.13.0,v1,10,Missing,0.077759,0.0098047256469726
Vaex,Water Potability,4.13.0,v1,10,Missing,0.005249,0.001152753829956
Vaex,Water Potability,4.13.0,v1,10,Row/Column,0.007506,0.0012767314910888
Vaex,Water Potability,4.13.0,v1,10,Aggregation,0.072693,0.0133106708526611
Vaex,Water Potability,4.13.0,v1,10,Row/Column,0.008484,0.0013279914855957
Vaex,Water Potability,4.13.0,v1,10,Row/Column,0.018432,0.0021796226501464
Vaex,Water Potability,4.13.0,v1,10,Row/Column,0.018066,0.0028231143951416
Vaex,Water Potability,4.13.0,v1,10,Aggregation,0.053345,0.0112850666046142
Vaex,Water Potability,4.13.0,v1,10,Aggregation,0.026368,0.0033953189849853
Vaex,Water Potability,4.13.0,v1,10,Aggregation,0.040283,0.0044238567352294
Vaex,Water Potability,4.13.0,v1,10,Aggregation,0.027954,0.0032048225402832
Vaex,Water Potability,4.13.0,v1,10,Aggregation,0.026429,0.0033762454986572
Vaex,Water Potability,4.13.0,v1,10,Row/Column,0.027587,0.0035071372985839
Vaex,Water Potability,4.15.0,v2,10,I/O,0.146118,0.0147030353546142
Vaex,Water Potability,4.15.0,v2,10,I/O,0.242431,0.0237607955932617
Vaex,Water Potability,4.15.0,v2,10,I/O,0.342894,0.0454051494598388
Vaex,Water Potability,4.15.0,v2,10,I/O,0.086913,0.0100562572479248
Vaex,Water Potability,4.15.0,v2,10,Missing,0.005494,0.0011439323425292
Vaex,Water Potability,4.15.0,v2,10,Missing,0.048644,0.0112624168395996
Vaex,Water Potability,4.15.0,v2,10,Missing,0.071776,0.0085084438323974
Vaex,Water Potability,4.15.0,v2,10,Missing,0.007934,0.0011045932769775
Vaex,Water Potability,4.15.0,v2,10,Row/Column,0.008179,0.0010986328125
Vaex,Water Potability,4.15.0,v2,10,Aggregation,0.102112,0.0172359943389892
Vaex,Water Potability,4.15.0,v2,10,Row/Column,0.029663,0.0095376968383789
Vaex,Water Potability,4.15.0,v2,10,Row/Column,0.092956,0.0192298889160156
Vaex,Water Potability,4.15.0,v2,10,Row/Column,0.044738,0.0092229843139648
Vaex,Water Potability,4.15.0,v2,10,Aggregation,0.0531,0.0104413032531738
Vaex,Water Potability,4.15.0,v2,10,Aggregation,0.057129,0.0116255283355712
Vaex,Water Potability,4.15.0,v2,10,Aggregation,0.052307,0.011444091796875
Vaex,Water Potability,4.15.0,v2,10,Aggregation,0.043456,0.0103082656860351
Vaex,Water Potability,4.15.0,v2,10,Aggregation,0.026489,0.0032649040222167
Vaex,Water Potability,4.15.0,v2,10,Row/Column,0.051452,0.0102236270904541
Vaex,Water Potability,4.15.0,v2,10,I/O,0.105407,0.0095646381378173
Vaex,Water Potability,4.15.0,v2,10,I/O,0.203796,0.0203955173492431
Vaex,Water Potability,4.15.0,v2,10,I/O,0.301513,0.0416374206542968
Vaex,Water Potability,4.15.0,v2,10,I/O,0.071289,0.0085902214050292
Vaex,Water Potability,4.15.0,v2,10,Missing,0.006897,0.00075364112854
Vaex,Water Potability,4.15.0,v2,10,Missing,0.031922,0.0042884349822998
Vaex,Water Potability,4.15.0,v2,10,Missing,0.064758,0.0083060264587402
Vaex,Water Potability,4.15.0,v2,10,Missing,0.0,0.0007257461547851
Vaex,Water Potability,4.15.0,v2,10,Row/Column,0.0,0.0007507801055908
Vaex,Water Potability,4.15.0,v2,10,Aggregation,0.056458,0.0116355419158935
Vaex,Water Potability,4.15.0,v2,10,Row/Column,0.007752,0.0012378692626953
Vaex,Water Potability,4.15.0,v2,10,Row/Column,0.036316,0.0092978477478027
Vaex,Water Potability,4.15.0,v2,10,Row/Column,0.021118,0.0026202201843261
Vaex,Water Potability,4.15.0,v2,10,Aggregation,0.039062,0.009568452835083
Vaex,Water Potability,4.15.0,v2,10,Aggregation,0.026672,0.003005027770996
Vaex,Water Potability,4.15.0,v2,10,Aggregation,0.035767,0.0041723251342773
Vaex,Water Potability,4.15.0,v2,10,Aggregation,0.015259,0.0028703212738037
Vaex,Water Potability,4.15.0,v2,10,Aggregation,0.026368,0.0029802322387695
Vaex,Water Potability,4.15.0,v2,10,Row/Column,0.030884,0.0033216476440429
Vaex,Water Potability,4.15.0,v2,10,I/O,0.09613,0.0096957683563232
Vaex,Water Potability,4.15.0,v2,10,I/O,0.199706,0.0197482109069824
Vaex,Water Potability,4.15.0,v2,10,I/O,0.304686,0.0409379005432128
Vaex,Water Potability,4.15.0,v2,10,I/O,0.078064,0.0094397068023681
Vaex,Water Potability,4.15.0,v2,10,Missing,0.0,0.00079345703125
Vaex,Water Potability,4.15.0,v2,10,Missing,0.033814,0.0044798851013183
Vaex,Water Potability,4.15.0,v2,10,Missing,0.07788,0.0090951919555664
Vaex,Water Potability,4.15.0,v2,10,Missing,0.007812,0.0010299682617187
Vaex,Water Potability,4.15.0,v2,10,Row/Column,0.007996,0.001096487045288
Vaex,Water Potability,4.15.0,v2,10,Aggregation,0.362182,0.0496740341186523
Vaex,Water Potability,4.15.0,v2,10,Row/Column,0.005555,0.0008966922760009
Vaex,Water Potability,4.15.0,v2,10,Row/Column,0.007569,0.001645803451538
Vaex,Water Potability,4.15.0,v2,10,Row/Column,0.017578,0.0024056434631347
Vaex,Water Potability,4.15.0,v2,10,Aggregation,0.035339,0.0095984935760498
Vaex,Water Potability,4.15.0,v2,10,Aggregation,0.026916,0.0029516220092773
Vaex,Water Potability,4.15.0,v2,10,Aggregation,0.036011,0.0041565895080566
Vaex,Water Potability,4.15.0,v2,10,Aggregation,0.021911,0.0028536319732666
Vaex,Water Potability,4.15.0,v2,10,Aggregation,0.022033,0.002995491027832
Vaex,Water Potability,4.15.0,v2,10,Row/Column,0.029113,0.0033810138702392
Vaex,Water Potability,4.15.0,v2,10,I/O,0.106811,0.0096714496612548
Vaex,Water Potability,4.15.0,v2,10,I/O,0.214476,0.0198578834533691
Vaex,Water Potability,4.15.0,v2,10,I/O,0.305541,0.0411891937255859
Vaex,Water Potability,4.15.0,v2,10,I/O,0.076416,0.0092637538909912
Vaex,Water Potability,4.15.0,v2,10,Missing,0.0,0.0007784366607666
Vaex,Water Potability,4.15.0,v2,10,Missing,0.029419,0.0042998790740966
Vaex,Water Potability,4.15.0,v2,10,Missing,0.070435,0.0082795619964599
Vaex,Water Potability,4.15.0,v2,10,Missing,0.0,0.0007648468017578
Vaex,Water Potability,4.15.0,v2,10,Row/Column,0.0,0.0007393360137939
Vaex,Water Potability,4.15.0,v2,10,Aggregation,0.056702,0.0116233825683593
Vaex,Water Potability,4.15.0,v2,10,Row/Column,0.006104,0.0011804103851318
Vaex,Water Potability,4.15.0,v2,10,Row/Column,0.011597,0.0020396709442138
Vaex,Water Potability,4.15.0,v2,10,Row/Column,0.015137,0.0022745132446289
Vaex,Water Potability,4.15.0,v2,10,Aggregation,0.044678,0.0096418857574462
Vaex,Water Potability,4.15.0,v2,10,Aggregation,0.033021,0.0033304691314697
Vaex,Water Potability,4.15.0,v2,10,Aggregation,0.033936,0.0044755935668945
Vaex,Water Potability,4.15.0,v2,10,Aggregation,0.026429,0.0031197071075439
Vaex,Water Potability,4.15.0,v2,10,Aggregation,0.025574,0.0032742023468017
Vaex,Water Potability,4.15.0,v2,10,Row/Column,0.028443,0.0035927295684814
Vaex,Water Potability,4.15.0,v2,10,I/O,0.094544,0.0095529556274414
Vaex,Water Potability,4.15.0,v2,10,I/O,0.191834,0.0189108848571777
Vaex,Water Potability,4.15.0,v2,10,I/O,0.303954,0.0407052040100097
Vaex,Water Potability,4.15.0,v2,10,I/O,0.078491,0.0090594291687011
Vaex,Water Potability,4.15.0,v2,10,Missing,0.007202,0.0011396408081054
Vaex,Water Potability,4.15.0,v2,10,Missing,0.033081,0.0044946670532226
Vaex,Water Potability,4.15.0,v2,10,Missing,0.069764,0.0085177421569824
Vaex,Water Potability,4.15.0,v2,10,Missing,0.007752,0.0011193752288818
Vaex,Water Potability,4.15.0,v2,10,Row/Column,0.007995,0.0010595321655273
Vaex,Water Potability,4.15.0,v2,10,Aggregation,0.064574,0.0119869709014892
Vaex,Water Potability,4.15.0,v2,10,Row/Column,0.008606,0.0012514591217041
Vaex,Water Potability,4.15.0,v2,10,Row/Column,0.015992,0.0020802021026611
Vaex,Water Potability,4.15.0,v2,10,Row/Column,0.015624,0.0025758743286132
Vaex,Water Potability,4.15.0,v2,10,Aggregation,0.042602,0.0100884437561035
Vaex,Water Potability,4.15.0,v2,10,Aggregation,0.020752,0.0033473968505859
Vaex,Water Potability,4.15.0,v2,10,Aggregation,0.035949,0.0044665336608886
Vaex,Water Potability,4.15.0,v2,10,Aggregation,0.027282,0.0033028125762939
Vaex,Water Potability,4.15.0,v2,10,Aggregation,0.024109,0.0031969547271728
Vaex,Water Potability,4.15.0,v2,10,Row/Column,0.026306,0.0035979747772216
Vaex,Water Potability,4.15.0,v2,10,I/O,0.115784,0.0096454620361328
Vaex,Water Potability,4.15.0,v2,10,I/O,0.195984,0.0194876194000244
Vaex,Water Potability,4.15.0,v2,10,I/O,0.30841,0.040132999420166
Vaex,Water Potability,4.15.0,v2,10,I/O,0.078796,0.0089561939239501
Vaex,Water Potability,4.15.0,v2,10,Missing,0.002076,0.0011484622955322
Vaex,Water Potability,4.15.0,v2,10,Missing,0.034668,0.0044782161712646
Vaex,Water Potability,4.15.0,v2,10,Missing,0.070556,0.008629560470581
Vaex,Water Potability,4.15.0,v2,10,Missing,0.0,0.0009422302246093
Vaex,Water Potability,4.15.0,v2,10,Row/Column,0.004639,0.0010797977447509
Vaex,Water Potability,4.15.0,v2,10,Aggregation,0.063231,0.0114922523498535
Vaex,Water Potability,4.15.0,v2,10,Row/Column,0.007751,0.0012295246124267
Vaex,Water Potability,4.15.0,v2,10,Row/Column,0.017822,0.0019266605377197
Vaex,Water Potability,4.15.0,v2,10,Row/Column,0.016663,0.0026471614837646
Vaex,Water Potability,4.15.0,v2,10,Aggregation,0.036072,0.0100562572479248
Vaex,Water Potability,4.15.0,v2,10,Aggregation,0.022644,0.0033097267150878
Vaex,Water Potability,4.15.0,v2,10,Aggregation,0.03534,0.0044915676116943
Vaex,Water Potability,4.15.0,v2,10,Aggregation,0.027526,0.0031580924987792
Vaex,Water Potability,4.15.0,v2,10,Aggregation,0.034607,0.0040299892425537
Vaex,Water Potability,4.15.0,v2,10,Row/Column,0.029542,0.0035624504089355
Vaex,Water Potability,4.15.0,v2,10,I/O,0.093628,0.0095906257629394
Vaex,Water Potability,4.15.0,v2,10,I/O,0.221496,0.0190882682800292
Vaex,Water Potability,4.15.0,v2,10,I/O,0.299866,0.0406050682067871
Vaex,Water Potability,4.15.0,v2,10,I/O,0.076294,0.0088613033294677
Vaex,Water Potability,4.15.0,v2,10,Missing,0.008545,0.0011208057403564
Vaex,Water Potability,4.15.0,v2,10,Missing,0.032837,0.0045642852783203
Vaex,Water Potability,4.15.0,v2,10,Missing,0.077148,0.0091843605041503
Vaex,Water Potability,4.15.0,v2,10,Missing,0.004334,0.0011255741119384
Vaex,Water Potability,4.15.0,v2,10,Row/Column,0.009034,0.0009284019470214
Vaex,Water Potability,4.15.0,v2,10,Aggregation,0.064819,0.0118763446807861
Vaex,Water Potability,4.15.0,v2,10,Row/Column,0.004273,0.0012221336364746
Vaex,Water Potability,4.15.0,v2,10,Row/Column,0.012634,0.0021042823791503
Vaex,Water Potability,4.15.0,v2,10,Row/Column,0.015076,0.0026266574859619
Vaex,Water Potability,4.15.0,v2,10,Aggregation,0.041626,0.0100035667419433
Vaex,Water Potability,4.15.0,v2,10,Aggregation,0.026855,0.0037975311279296
Vaex,Water Potability,4.15.0,v2,10,Aggregation,0.037048,0.004390001296997
Vaex,Water Potability,4.15.0,v2,10,Aggregation,0.022523,0.0032098293304443
Vaex,Water Potability,4.15.0,v2,10,Aggregation,0.026184,0.0031437873840332
Vaex,Water Potability,4.15.0,v2,10,Row/Column,0.027344,0.0032739639282226
Vaex,Water Potability,4.15.0,v2,10,I/O,0.10907,0.0098359584808349
Vaex,Water Potability,4.15.0,v2,10,I/O,0.204406,0.019014835357666
Vaex,Water Potability,4.15.0,v2,10,I/O,0.293334,0.0405633449554443
Vaex,Water Potability,4.15.0,v2,10,I/O,0.069459,0.0089428424835205
Vaex,Water Potability,4.15.0,v2,10,Missing,0.004455,0.00111985206604
Vaex,Water Potability,4.15.0,v2,10,Missing,0.031371,0.0044634342193603
Vaex,Water Potability,4.15.0,v2,10,Missing,0.07251,0.0083668231964111
Vaex,Water Potability,4.15.0,v2,10,Missing,0.007324,0.0011103153228759
Vaex,Water Potability,4.15.0,v2,10,Row/Column,0.0,0.0008635520935058
Vaex,Water Potability,4.15.0,v2,10,Aggregation,0.062865,0.011695384979248
Vaex,Water Potability,4.15.0,v2,10,Row/Column,0.007935,0.0011625289916992
Vaex,Water Potability,4.15.0,v2,10,Row/Column,0.017272,0.0027229785919189
Vaex,Water Potability,4.15.0,v2,10,Row/Column,0.017699,0.0025858879089355
Vaex,Water Potability,4.15.0,v2,10,Aggregation,0.044739,0.0098776817321777
Vaex,Water Potability,4.15.0,v2,10,Aggregation,0.026367,0.003345251083374
Vaex,Water Potability,4.15.0,v2,10,Aggregation,0.0318,0.004410982131958
Vaex,Water Potability,4.15.0,v2,10,Aggregation,0.026795,0.0031981468200683
Vaex,Water Potability,4.15.0,v2,10,Aggregation,0.02002,0.0033028125762939
Vaex,Water Potability,4.15.0,v2,10,Row/Column,0.026795,0.0034589767456054
Vaex,Water Potability,4.15.0,v2,10,I/O,0.097595,0.0097186565399169
Vaex,Water Potability,4.15.0,v2,10,I/O,0.192992,0.0190458297729492
Vaex,Water Potability,4.15.0,v2,10,I/O,0.303222,0.0405364036560058
Vaex,Water Potability,4.15.0,v2,10,I/O,0.07196,0.0088346004486083
Vaex,Water Potability,4.15.0,v2,10,Missing,0.008484,0.0011432170867919
Vaex,Water Potability,4.15.0,v2,10,Missing,0.032837,0.0045404434204101
Vaex,Water Potability,4.15.0,v2,10,Missing,0.079224,0.0090432167053222
Vaex,Water Potability,4.15.0,v2,10,Missing,0.008057,0.0011212825775146
Vaex,Water Potability,4.15.0,v2,10,Row/Column,0.007874,0.0010943412780761
Vaex,Water Potability,4.15.0,v2,10,Aggregation,0.050904,0.0118587017059326
Vaex,Water Potability,4.15.0,v2,10,Row/Column,0.008361,0.0011768341064453
Vaex,Water Potability,4.15.0,v2,10,Row/Column,0.017945,0.0020966529846191
Vaex,Water Potability,4.15.0,v2,10,Row/Column,0.016724,0.0025887489318847
Vaex,Water Potability,4.15.0,v2,10,Aggregation,0.037415,0.0097568035125732
Vaex,Water Potability,4.15.0,v2,10,Aggregation,0.020202,0.0032002925872802
Vaex,Water Potability,4.15.0,v2,10,Aggregation,0.034546,0.0046582221984863
Vaex,Water Potability,4.15.0,v2,10,Aggregation,0.026429,0.0033004283905029
Vaex,Water Potability,4.15.0,v2,10,Aggregation,0.026551,0.0033247470855712
Vaex,Water Potability,4.15.0,v2,10,Row/Column,0.026489,0.0036354064941406
Vaex,Water Potability,4.15.0,v2,10,I/O,0.106994,0.0094854831695556
Vaex,Water Potability,4.15.0,v2,10,I/O,0.192444,0.0183920860290527
Vaex,Water Potability,4.15.0,v2,10,I/O,0.30133,0.0407414436340332
Vaex,Water Potability,4.15.0,v2,10,I/O,0.071961,0.0089764595031738
Vaex,Water Potability,4.15.0,v2,10,Missing,0.002686,0.0011336803436279
Vaex,Water Potability,4.15.0,v2,10,Missing,0.032531,0.0045289993286132
Vaex,Water Potability,4.15.0,v2,10,Missing,0.065492,0.0085198879241943
Vaex,Water Potability,4.15.0,v2,10,Missing,0.007874,0.0009591579437255
Vaex,Water Potability,4.15.0,v2,10,Row/Column,0.007018,0.0010876655578613
Vaex,Water Potability,4.15.0,v2,10,Aggregation,0.057434,0.0118401050567626
Vaex,Water Potability,4.15.0,v2,10,Row/Column,0.005616,0.0012359619140625
Vaex,Water Potability,4.15.0,v2,10,Row/Column,0.017518,0.0021212100982666
Vaex,Water Potability,4.15.0,v2,10,Row/Column,0.019165,0.0025787353515625
Vaex,Water Potability,4.15.0,v2,10,Aggregation,0.042481,0.0099918842315673
Vaex,Water Potability,4.15.0,v2,10,Aggregation,0.02655,0.003274917602539
Vaex,Water Potability,4.15.0,v2,10,Aggregation,0.029724,0.0044331550598144
Vaex,Water Potability,4.15.0,v2,10,Aggregation,0.02649,0.0032041072845458
Vaex,Water Potability,4.15.0,v2,10,Aggregation,0.026001,0.0034987926483154
Vaex,Water Potability,4.15.0,v2,10,Row/Column,0.024597,0.0035464763641357
Vaex,Water Potability,4.17.0,v0,10,I/O,0.154662,0.014296531677246
Vaex,Water Potability,4.17.0,v0,10,I/O,0.25598,0.0239858627319335
Vaex,Water Potability,4.17.0,v0,10,I/O,0.340819,0.044602632522583
Vaex,Water Potability,4.17.0,v0,10,I/O,0.088134,0.010016918182373
Vaex,Water Potability,4.17.0,v0,10,Missing,0.004761,0.0011670589447021
Vaex,Water Potability,4.17.0,v0,10,Missing,0.054871,0.0109169483184814
Vaex,Water Potability,4.17.0,v0,10,Missing,0.07135,0.008415937423706
Vaex,Water Potability,4.17.0,v0,10,Missing,0.001587,0.0009362697601318
Vaex,Water Potability,4.17.0,v0,10,Row/Column,0.010254,0.0010581016540527
Vaex,Water Potability,4.17.0,v0,10,Aggregation,0.515502,0.0778250694274902
Vaex,Water Potability,4.17.0,v0,10,Row/Column,0.033813,0.0078020095825195
Vaex,Water Potability,4.17.0,v0,10,Row/Column,0.08496,0.0170421600341796
Vaex,Water Potability,4.17.0,v0,10,Row/Column,0.049134,0.0092842578887939
Vaex,Water Potability,4.17.0,v0,10,Aggregation,0.045837,0.0105462074279785
Vaex,Water Potability,4.17.0,v0,10,Aggregation,0.046753,0.0095596313476562
Vaex,Water Potability,4.17.0,v0,10,Aggregation,0.054992,0.0103054046630859
Vaex,Water Potability,4.17.0,v0,10,Aggregation,0.038208,0.0094640254974365
Vaex,Water Potability,4.17.0,v0,10,Aggregation,0.054322,0.0087466239929199
Vaex,Water Potability,4.17.0,v0,10,Row/Column,0.047851,0.0096426010131835
Vaex,Water Potability,4.17.0,v0,10,I/O,0.093078,0.0093200206756591
Vaex,Water Potability,4.17.0,v0,10,I/O,0.210204,0.020256757736206
Vaex,Water Potability,4.17.0,v0,10,I/O,0.317199,0.0412015914916992
Vaex,Water Potability,4.17.0,v0,10,I/O,0.075622,0.0088286399841308
Vaex,Water Potability,4.17.0,v0,10,Missing,0.002198,0.0010232925415039
Vaex,Water Potability,4.17.0,v0,10,Missing,0.036011,0.0044999122619628
Vaex,Water Potability,4.17.0,v0,10,Missing,0.071716,0.0091128349304199
Vaex,Water Potability,4.17.0,v0,10,Missing,0.005553,0.0009906291961669
Vaex,Water Potability,4.17.0,v0,10,Row/Column,0.005859,0.0010643005371093
Vaex,Water Potability,4.17.0,v0,10,Aggregation,0.055786,0.0114610195159912
Vaex,Water Potability,4.17.0,v0,10,Row/Column,0.006103,0.0012667179107666
Vaex,Water Potability,4.17.0,v0,10,Row/Column,0.016968,0.0021061897277832
Vaex,Water Potability,4.17.0,v0,10,Row/Column,0.017273,0.0026121139526367
Vaex,Water Potability,4.17.0,v0,10,Aggregation,0.038574,0.0094568729400634
Vaex,Water Potability,4.17.0,v0,10,Aggregation,0.01831,0.0026705265045166
Vaex,Water Potability,4.17.0,v0,10,Aggregation,0.026855,0.0038304328918457
Vaex,Water Potability,4.17.0,v0,10,Aggregation,0.020264,0.0026357173919677
Vaex,Water Potability,4.17.0,v0,10,Aggregation,0.01654,0.0026884078979492
Vaex,Water Potability,4.17.0,v0,10,Row/Column,0.020691,0.0030035972595214
Vaex,Water Potability,4.17.0,v0,10,I/O,0.09436,0.0093209743499755
Vaex,Water Potability,4.17.0,v0,10,I/O,0.196166,0.0198071002960205
Vaex,Water Potability,4.17.0,v0,10,I/O,0.307494,0.0412936210632324
Vaex,Water Potability,4.17.0,v0,10,I/O,0.071777,0.0091109275817871
Vaex,Water Potability,4.17.0,v0,10,Missing,0.004822,0.0011274814605712
Vaex,Water Potability,4.17.0,v0,10,Missing,0.032837,0.0044870376586914
Vaex,Water Potability,4.17.0,v0,10,Missing,0.067321,0.0083634853363037
Vaex,Water Potability,4.17.0,v0,10,Missing,0.009339,0.0011043548583984
Vaex,Water Potability,4.17.0,v0,10,Row/Column,0.007995,0.0010576248168945
Vaex,Water Potability,4.17.0,v0,10,Aggregation,0.056213,0.0109086036682128
Vaex,Water Potability,4.17.0,v0,10,Row/Column,0.008545,0.0012574195861816
Vaex,Water Potability,4.17.0,v0,10,Row/Column,0.017578,0.0020203590393066
Vaex,Water Potability,4.17.0,v0,10,Row/Column,0.017273,0.0026006698608398
Vaex,Water Potability,4.17.0,v0,10,Aggregation,0.03479,0.0097079277038574
Vaex,Water Potability,4.17.0,v0,10,Aggregation,0.018249,0.0026681423187255
Vaex,Water Potability,4.17.0,v0,10,Aggregation,0.037353,0.0040345191955566
Vaex,Water Potability,4.17.0,v0,10,Aggregation,0.022279,0.0025818347930908
Vaex,Water Potability,4.17.0,v0,10,Aggregation,0.026854,0.0028023719787597
Vaex,Water Potability,4.17.0,v0,10,Row/Column,0.024658,0.0029878616333007
Vaex,Water Potability,4.17.0,v0,10,I/O,0.097046,0.0093076229095458
Vaex,Water Potability,4.17.0,v0,10,I/O,0.212525,0.0193061828613281
Vaex,Water Potability,4.17.0,v0,10,I/O,0.3067,0.0409374237060546
Vaex,Water Potability,4.17.0,v0,10,I/O,0.137451,0.0087692737579345
Vaex,Water Potability,4.17.0,v0,10,Missing,0.002991,0.0011100769042968
Vaex,Water Potability,4.17.0,v0,10,Missing,0.039612,0.0046675205230712
Vaex,Water Potability,4.17.0,v0,10,Missing,0.073487,0.0086853504180908
Vaex,Water Potability,4.17.0,v0,10,Missing,0.008606,0.0009572505950927
Vaex,Water Potability,4.17.0,v0,10,Row/Column,0.003236,0.0010857582092285
Vaex,Water Potability,4.17.0,v0,10,Aggregation,0.058045,0.0115768909454345
Vaex,Water Potability,4.17.0,v0,10,Row/Column,0.009338,0.0012600421905517
Vaex,Water Potability,4.17.0,v0,10,Row/Column,0.015748,0.0021219253540039
Vaex,Water Potability,4.17.0,v0,10,Row/Column,0.020019,0.0026006698608398
Vaex,Water Potability,4.17.0,v0,10,Aggregation,0.037964,0.0093326568603515
Vaex,Water Potability,4.17.0,v0,10,Aggregation,0.015381,0.0027315616607666
Vaex,Water Potability,4.17.0,v0,10,Aggregation,0.029053,0.0039873123168945
Vaex,Water Potability,4.17.0,v0,10,Aggregation,0.014892,0.0026917457580566
Vaex,Water Potability,4.17.0,v0,10,Aggregation,0.01593,0.0027270317077636
Vaex,Water Potability,4.17.0,v0,10,Row/Column,0.023988,0.0029895305633544
Vaex,Water Potability,4.17.0,v0,10,I/O,0.099609,0.0099425315856933
Vaex,Water Potability,4.17.0,v0,10,I/O,0.522521,0.0551285743713378
Vaex,Water Potability,4.17.0,v0,10,I/O,0.315795,0.0410425662994384
Vaex,Water Potability,4.17.0,v0,10,I/O,0.080689,0.0089609622955322
Vaex,Water Potability,4.17.0,v0,10,Missing,0.007935,0.0011153221130371
Vaex,Water Potability,4.17.0,v0,10,Missing,0.034973,0.0046141147613525
Vaex,Water Potability,4.17.0,v0,10,Missing,0.071961,0.008312702178955
Vaex,Water Potability,4.17.0,v0,10,Missing,0.008667,0.0011045932769775
Vaex,Water Potability,4.17.0,v0,10,Row/Column,0.005493,0.0010685920715332
Vaex,Water Potability,4.17.0,v0,10,Aggregation,0.053222,0.0116958618164062
Vaex,Water Potability,4.17.0,v0,10,Row/Column,0.010681,0.0012462139129638
Vaex,Water Potability,4.17.0,v0,10,Row/Column,0.014343,0.0020878314971923
Vaex,Water Potability,4.17.0,v0,10,Row/Column,0.016236,0.0025460720062255
Vaex,Water Potability,4.17.0,v0,10,Aggregation,0.044494,0.0094504356384277
Vaex,Water Potability,4.17.0,v0,10,Aggregation,0.016662,0.0027136802673339
Vaex,Water Potability,4.17.0,v0,10,Aggregation,0.030639,0.0045704841613769
Vaex,Water Potability,4.17.0,v0,10,Aggregation,0.014465,0.0026993751525878
Vaex,Water Potability,4.17.0,v0,10,Aggregation,0.016846,0.0026922225952148
Vaex,Water Potability,4.17.0,v0,10,Row/Column,0.028748,0.00303316116333
Vaex,Water Potability,4.17.0,v0,10,I/O,0.110412,0.0101895332336425
Vaex,Water Potability,4.17.0,v0,10,I/O,0.191283,0.0180747509002685
Vaex,Water Potability,4.17.0,v0,10,I/O,0.308165,0.0412728786468505
Vaex,Water Potability,4.17.0,v0,10,I/O,0.079285,0.0090889930725097
Vaex,Water Potability,4.17.0,v0,10,Missing,0.005738,0.0011115074157714
Vaex,Water Potability,4.17.0,v0,10,Missing,0.033447,0.0045168399810791
Vaex,Water Potability,4.17.0,v0,10,Missing,0.076538,0.0083329677581787
Vaex,Water Potability,4.17.0,v0,10,Missing,0.008668,0.0011005401611328
Vaex,Water Potability,4.17.0,v0,10,Row/Column,0.007385,0.0010347366333007
Vaex,Water Potability,4.17.0,v0,10,Aggregation,0.054871,0.0117228031158447
Vaex,Water Potability,4.17.0,v0,10,Row/Column,0.009094,0.0012538433074951
Vaex,Water Potability,4.17.0,v0,10,Row/Column,0.016601,0.0021131038665771
Vaex,Water Potability,4.17.0,v0,10,Row/Column,0.017517,0.0022850036621093
Vaex,Water Potability,4.17.0,v0,10,Aggregation,0.047606,0.0092699527740478
Vaex,Water Potability,4.17.0,v0,10,Aggregation,0.01776,0.0026686191558837
Vaex,Water Potability,4.17.0,v0,10,Aggregation,0.028015,0.0037345886230468
Vaex,Water Potability,4.17.0,v0,10,Aggregation,0.019531,0.0025880336761474
Vaex,Water Potability,4.17.0,v0,10,Aggregation,0.015931,0.0027840137481689
Vaex,Water Potability,4.17.0,v0,10,Row/Column,0.019287,0.002922773361206
Vaex,Water Potability,4.17.0,v0,10,I/O,0.101623,0.0097551345825195
Vaex,Water Potability,4.17.0,v0,10,I/O,0.18512,0.0180804729461669
Vaex,Water Potability,4.17.0,v0,10,I/O,0.311339,0.0417673587799072
Vaex,Water Potability,4.17.0,v0,10,I/O,0.07843,0.0091347694396972
Vaex,Water Potability,4.17.0,v0,10,Missing,0.003357,0.0010285377502441
Vaex,Water Potability,4.17.0,v0,10,Missing,0.035339,0.0045843124389648
Vaex,Water Potability,4.17.0,v0,10,Missing,0.072387,0.0083954334259033
Vaex,Water Potability,4.17.0,v0,10,Missing,0.008728,0.0011012554168701
Vaex,Water Potability,4.17.0,v0,10,Row/Column,0.003296,0.0010716915130615
Vaex,Water Potability,4.17.0,v0,10,Aggregation,0.062805,0.0123593807220458
Vaex,Water Potability,4.17.0,v0,10,Row/Column,0.005311,0.001225471496582
Vaex,Water Potability,4.17.0,v0,10,Row/Column,0.01056,0.0021014213562011
Vaex,Water Potability,4.17.0,v0,10,Row/Column,0.018249,0.0026094913482666
Vaex,Water Potability,4.17.0,v0,10,Aggregation,0.03711,0.0096855163574218
Vaex,Water Potability,4.17.0,v0,10,Aggregation,0.015564,0.0027768611907958
Vaex,Water Potability,4.17.0,v0,10,Aggregation,0.027527,0.0040116310119628
Vaex,Water Potability,4.17.0,v0,10,Aggregation,0.023437,0.0027027130126953
Vaex,Water Potability,4.17.0,v0,10,Aggregation,0.017517,0.0027751922607421
Vaex,Water Potability,4.17.0,v0,10,Row/Column,0.01648,0.0029337406158447
Vaex,Water Potability,4.17.0,v0,10,I/O,0.101195,0.0097711086273193
Vaex,Water Potability,4.17.0,v0,10,I/O,0.195129,0.0182468891143798
Vaex,Water Potability,4.17.0,v0,10,I/O,0.304992,0.0414183139801025
Vaex,Water Potability,4.17.0,v0,10,I/O,0.07196,0.0088980197906494
Vaex,Water Potability,4.17.0,v0,10,Missing,0.008667,0.0011157989501953
Vaex,Water Potability,4.17.0,v0,10,Missing,0.034363,0.0045475959777832
Vaex,Water Potability,4.17.0,v0,10,Missing,0.079223,0.0090692043304443
Vaex,Water Potability,4.17.0,v0,10,Missing,0.007752,0.0011012554168701
Vaex,Water Potability,4.17.0,v0,10,Row/Column,0.007873,0.0010709762573242
Vaex,Water Potability,4.17.0,v0,10,Aggregation,0.055114,0.0118834972381591
Vaex,Water Potability,4.17.0,v0,10,Row/Column,0.00824,0.0012612342834472
Vaex,Water Potability,4.17.0,v0,10,Row/Column,0.018553,0.0021073818206787
Vaex,Water Potability,4.17.0,v0,10,Row/Column,0.018798,0.0026428699493408
Vaex,Water Potability,4.17.0,v0,10,Aggregation,0.043457,0.0096166133880615
Vaex,Water Potability,4.17.0,v0,10,Aggregation,0.01184,0.0023915767669677
Vaex,Water Potability,4.17.0,v0,10,Aggregation,0.028443,0.0035037994384765
Vaex,Water Potability,4.17.0,v0,10,Aggregation,0.018128,0.0023553371429443
Vaex,Water Potability,4.17.0,v0,10,Aggregation,0.012756,0.0024378299713134
Vaex,Water Potability,4.17.0,v0,10,Row/Column,0.020203,0.0026156902313232
Vaex,Water Potability,4.17.0,v0,10,I/O,0.124633,0.0098414421081542
Vaex,Water Potability,4.17.0,v0,10,I/O,0.205443,0.0189549922943115
Vaex,Water Potability,4.17.0,v0,10,I/O,0.327636,0.0410869121551513
Vaex,Water Potability,4.17.0,v0,10,I/O,0.072509,0.0088226795196533
Vaex,Water Potability,4.17.0,v0,10,Missing,0.005493,0.000772476196289
Vaex,Water Potability,4.17.0,v0,10,Missing,0.035523,0.0042502880096435
Vaex,Water Potability,4.17.0,v0,10,Missing,0.071656,0.0081026554107666
Vaex,Water Potability,4.17.0,v0,10,Missing,0.001525,0.0007553100585937
Vaex,Water Potability,4.17.0,v0,10,Row/Column,0.0,0.0007259845733642
Vaex,Water Potability,4.17.0,v0,10,Aggregation,0.050781,0.0114767551422119
Vaex,Water Potability,4.17.0,v0,10,Row/Column,0.0,0.0008947849273681
Vaex,Water Potability,4.17.0,v0,10,Row/Column,0.011048,0.0017733573913574
Vaex,Water Potability,4.17.0,v0,10,Row/Column,0.016907,0.0022616386413574
Vaex,Water Potability,4.17.0,v0,10,Aggregation,0.046631,0.0095331668853759
Vaex,Water Potability,4.17.0,v0,10,Aggregation,0.015991,0.0023858547210693
Vaex,Water Potability,4.17.0,v0,10,Aggregation,0.03357,0.0036959648132324
Vaex,Water Potability,4.17.0,v0,10,Aggregation,0.01599,0.002317190170288
Vaex,Water Potability,4.17.0,v0,10,Aggregation,0.011902,0.0023689270019531
Vaex,Water Potability,4.17.0,v0,10,Row/Column,0.018981,0.0025804042816162
Vaex,Water Potability,4.17.0,v0,10,I/O,0.106566,0.0095002651214599
Vaex,Water Potability,4.17.0,v0,10,I/O,0.21289,0.0200073719024658
Vaex,Water Potability,4.17.0,v0,10,I/O,0.310668,0.0403749942779541
Vaex,Water Potability,4.17.0,v0,10,I/O,0.072388,0.0085902214050292
Vaex,Water Potability,4.17.0,v0,10,Missing,0.002807,0.000746726989746
Vaex,Water Potability,4.17.0,v0,10,Missing,0.035156,0.0042862892150878
Vaex,Water Potability,4.17.0,v0,10,Missing,0.07373,0.0080866813659667
Vaex,Water Potability,4.17.0,v0,10,Missing,0.0,0.0007374286651611
Vaex,Water Potability,4.17.0,v0,10,Row/Column,0.002991,0.0010750293731689
Vaex,Water Potability,4.17.0,v0,10,Aggregation,0.052185,0.0117461681365966
Vaex,Water Potability,4.17.0,v0,10,Row/Column,0.0,0.0008695125579833
Vaex,Water Potability,4.17.0,v0,10,Row/Column,0.00824,0.0017499923706054
Vaex,Water Potability,4.17.0,v0,10,Row/Column,0.017761,0.0022485256195068
Vaex,Water Potability,4.17.0,v0,10,Aggregation,0.180786,0.0094082355499267
Vaex,Water Potability,4.17.0,v0,10,Aggregation,0.014282,0.0026383399963378
Vaex,Water Potability,4.17.0,v0,10,Aggregation,0.026428,0.0038769245147705
Vaex,Water Potability,4.17.0,v0,10,Aggregation,0.02008,0.0025622844696044
Vaex,Water Potability,4.17.0,v0,10,Aggregation,0.017151,0.0028300285339355
Vaex,Water Potability,4.17.0,v0,10,Row/Column,0.018677,0.0029070377349853
